Date,Close,High,Low,Open,Volume,Adj Close
2020-01-02,68.54120635986328,68.65548201684376,68.50855528250368,68.54937068609225,5511000,68.54120635986328
2020-01-03,68.78607940673828,68.80240805903193,68.6473170000231,68.71261915408536,5368300,68.78607940673828
2020-01-06,68.70441436767578,68.81868995620938,68.65544089474781,68.81053186242306,3710400,68.70441436767578
2020-01-07,68.64730834960938,68.7289329181234,68.6228216018107,68.7289329181234,3029900,68.64730834960938
2020-01-08,68.54120635986328,68.72894227023569,68.48406853137304,68.67180444174545,3674400,68.54120635986328
2020-01-09,68.62281036376953,68.64729710755812,68.45139692969502,68.49221232104559,5886600,68.62281036376953
2020-01-10,68.73709869384766,68.76158544216308,68.64730979832072,68.69628952250712,4525700,68.73709869384766
2020-01-13,68.69628143310547,68.71260385420851,68.64730171468673,68.71260385420851,3735700,68.69628143310547
2020-01-14,68.79426574707031,68.80243007582973,68.71264114215067,68.72896357211134,3492300,68.79426574707031
2020-01-15,68.900390625,68.900390625,68.8187597838891,68.89222629537714,2594300,68.900390625
2020-01-16,68.85952758789062,68.916665400622,68.81871219555914,68.86769191186782,4784100,68.85952758789062
2020-01-17,68.85138702392578,68.85955135072042,68.76976243864941,68.78608486468201,3090600,68.85138702392578
2020-01-21,69.02276611328125,69.04725285390181,68.90849050534962,68.96562830931543,2910600,69.02276611328125
2020-01-22,69.0799560546875,69.0799560546875,69.02281820759744,69.04730496669914,4192100,69.0799560546875
2020-01-23,69.202392578125,69.24320799293595,69.15341906239823,69.202392578125,3104800,69.202392578125
2020-01-24,69.3084945678711,69.38195482492917,69.2187056575402,69.24319240989288,4548400,69.3084945678711
2020-01-27,69.53705596923828,69.54521406950026,69.46358947397827,69.52072731359941,3208600,69.53705596923828
2020-01-28,69.41458892822266,69.49621349195544,69.36561543549399,69.48804916731565,3993400,69.41458892822266
2020-01-29,69.6104965209961,69.65131192097557,69.49622087412038,69.5207076230858,4177500,69.6104965209961
2020-01-30,69.62684631347656,69.74928009547936,69.5697084726894,69.67581982627769,4795700,69.62684631347656
2020-01-31,69.80644226074219,69.85542201816818,69.6921665393478,69.70849520100971,6264000,69.80644226074219
2020-02-03,69.7434310913086,69.77615219177505,69.60436485409818,69.71070999084213,6030800,69.7434310913086
2020-02-04,69.5307846069336,69.5635057250702,69.46534237066038,69.55532388530726,4180900,69.5307846069336
2020-02-05,69.41619110107422,69.48163326879735,69.3916518484052,69.44073035374325,3537200,69.41619110107422
2020-02-06,69.48165893554688,69.49801636306584,69.40803490943425,69.45711967381297,3435700,69.48165893554688
2020-02-07,69.69435119628906,69.71889670404006,69.62073339577272,69.66981192945029,4169700,69.69435119628906
2020-02-10,69.80067443847656,69.84975295675432,69.75158967928856,69.81703186426573,2785500,69.80067443847656
2020-02-11,69.68619537353516,69.7925343069791,69.6780135352967,69.76799503317774,3799400,69.68619537353516
2020-02-12,69.60435485839844,69.63707595416591,69.57164000354186,69.61253669256803,4127500,69.60435485839844
2020-02-13,69.6697769165039,69.71886166642587,69.61251657568586,69.64523766199747,2852500,69.6697769165039
2020-02-14,69.7434310913086,69.80886705132974,69.73524925596404,69.7925096215524,3069000,69.7434310913086
2020-02-18,69.84976196289062,69.91520415630565,69.79250160388025,69.88248305959813,3645200,69.84976196289062
2020-02-19,69.84156799316406,69.88247091716913,69.79248947708598,69.82521056810803,3109600,69.84156799316406
2020-02-20,70.01336669921875,70.01336669921875,69.89884597221197,69.9233914773519,8404000,70.01336669921875
2020-02-21,70.18514251708984,70.29148139160559,70.12788216297976,70.15242142318257,6561500,70.18514251708984
2020-02-24,70.40599822998047,70.50416150630677,70.39781639672573,70.4877978397973,6314500,70.40599822998047
2020-02-25,70.4632797241211,70.55326119419246,70.40601935597678,70.42237678648428,7928900,70.4632797241211
2020-02-26,70.42235565185547,70.58596111239063,70.34873787529727,70.41418005951135,8015900,70.42235565185547
2020-02-27,70.50415802001953,70.65957539871336,70.44689767188814,70.56141836815091,9514600,70.50415802001953
2020-02-28,70.97044372558594,71.06042519094457,70.67596006457802,70.77411712430617,16377200,70.97044372558594
2020-03-02,70.92372131347656,71.23518971503168,70.89913301932874,71.16141857920721,10154400,70.92372131347656
2020-03-03,71.34989929199219,71.73512610683574,70.93187976547812,70.9564680458535,9323900,71.34989929199219
2020-03-04,71.33353424072266,71.63680442298939,71.30894594955674,71.522054895295,7445600,71.33353424072266
2020-03-05,71.60398864746094,71.71873812819582,71.53841572893307,71.62037875040404,5385000,71.60398864746094
2020-03-06,72.0958023071289,72.34169772477546,71.84991314286259,72.30071307070762,10176200,72.0958023071289
2020-03-09,71.9400863647461,73.21053592238415,71.89910795366922,73.16135932773916,12445600,71.9400863647461
2020-03-10,70.972900390625,71.87451289686935,70.972900390625,71.6696021006104,14177600,70.972900390625
2020-03-11,69.62870788574219,71.50569211803692,69.56314116296359,71.1286568851814,10511600,69.62870788574219
2020-03-12,65.8419418334961,69.57951294229875,62.69450859446633,68.42381924560594,16986900,65.8419418334961
2020-03-13,68.62052154541016,69.21885750837313,66.80091285722462,66.9566470477895,14137500,68.62052154541016
2020-03-16,69.34178924560547,69.38277389264051,65.16980981665924,66.65336148931631,8411000,69.34178924560547
2020-03-17,67.90742492675781,69.44015966984915,67.85824834521247,68.48117880943411,13629700,67.90742492675781
2020-03-18,66.26818084716797,67.75993188235205,65.82557257254622,66.75177380131149,10076800,66.26818084716797
2020-03-19,66.22716522216797,66.86648584195179,65.227199635991,65.35833928070994,11007200,66.22716522216797
2020-03-20,67.35008239746094,67.6615508255877,66.13701392455306,66.14520585438052,8864500,67.35008239746094
2020-03-23,68.84180450439453,68.84180450439453,66.55500009340565,66.56319827324275,10973300,68.84180450439453
2020-03-24,68.91558837890625,69.04672801369111,67.81726345235496,67.9893877405364,9371200,68.91558837890625
2020-03-25,69.8418197631836,70.20246489331194,68.96480149495794,68.96480149495794,9655500,69.8418197631836
2020-03-26,70.16143035888672,70.23520147098095,69.70243234009236,69.71063051996482,10803800,70.16143035888672
2020-03-27,70.5384750366211,70.60404797785773,69.84177973277642,69.9729256152497,4975200,70.5384750366211
2020-03-30,70.61227416992188,70.95652286790387,70.5057165347972,70.5057165347972,6030800,70.61227416992188
2020-03-31,69.9565658569336,70.83358408137522,69.9565658569336,70.69424619837588,8523900,69.9565658569336
2020-04-01,70.31798553466797,70.8601599364475,70.27691570465386,70.74515438467594,5995000,70.31798553466797
2020-04-02,70.6466064453125,70.79447168624029,70.55624400544912,70.74518536170945,6356100,70.6466064453125
2020-04-03,70.61372375488281,70.75337247368914,70.50693466414853,70.68765948487825,4151200,70.61372375488281
2020-04-06,70.83553314208984,70.89303593125399,70.64659182493111,70.89303593125399,4373100,70.83553314208984
2020-04-07,70.90123748779297,70.96695674377158,70.6958695133597,70.83552449914755,6009600,70.90123748779297
2020-04-08,71.08193969726562,71.08193969726562,70.81085255308518,70.89300473059286,4572300,71.08193969726562
2020-04-09,71.86236572265625,71.86236572265625,71.26268846840783,71.26268846840783,5070700,71.86236572265625
2020-04-13,71.63232421875,71.78840583528086,71.41874610567025,71.78840583528086,7018100,71.63232421875
2020-04-14,71.63232421875,71.78840583528086,71.55839477976036,71.78840583528086,5818300,71.63232421875
2020-04-15,71.9855728149414,72.00200576093,71.63233968417725,71.6651993088219,3922500,71.9855728149414
2020-04-16,72.02664947509766,72.12522834980145,71.87878429670826,71.98557337713792,3459600,72.02664947509766
2020-04-17,71.92807006835938,72.17451411962968,71.81306451572192,72.05129209399453,3528300,71.92807006835938
2020-04-20,71.81309509277344,71.91167400872165,71.74737581547463,71.90345753222549,3705200,71.81309509277344
2020-04-21,71.9034194946289,72.05128465666152,71.82949004727857,72.04306818451195,4513000,71.9034194946289
2020-04-22,71.84588623046875,71.89517250778358,71.73909720717685,71.83766976180652,3240100,71.84588623046875
2020-04-23,71.96092987060547,72.0184326470661,71.8787839424235,71.93628671888413,2587200,71.96092987060547
2020-04-24,71.93629455566406,71.97737065789619,71.85414861853307,71.92807808175098,2272600,71.93629455566406
2020-04-27,71.6816177368164,71.91984526674133,71.66518479415605,71.90341232408096,3117300,71.6816177368164
2020-04-28,71.89521789550781,71.91986731705576,71.79664527864888,71.8787912151424,3118800,71.89521789550781
2020-04-29,71.94450378417969,72.05129286496212,71.86235785532146,71.99379008802809,4867500,71.94450378417969
2020-04-30,71.88700866699219,72.05951701617546,71.87879219303109,72.03487386162547,5390100,71.88700866699219
2020-05-01,71.85735321044922,71.98081442490873,71.74211855707526,71.92319709822175,4857100,71.85735321044922
2020-05-04,71.93144989013672,71.9561421398773,71.83267461135503,71.89029195402284,7276600,71.93144989013672
2020-05-05,71.8656005859375,71.91499136584396,71.84090833589399,71.8656005859375,3625600,71.8656005859375
2020-05-06,71.54460144042969,71.84092105304464,71.49521693160071,71.80799595388514,5006600,71.54460144042969
2020-05-07,71.77506256103516,71.80798765639013,71.58575111251888,71.75860315326759,3425600,71.77506256103516
2020-05-08,71.56929779052734,71.75038270635723,71.52814612408841,71.71745760531354,3078900,71.56929779052734
2020-05-11,71.3470687866211,71.58577108467676,71.30591083598951,71.55284598013583,4344300,71.3470687866211
2020-05-12,71.57750701904297,71.66804944708382,71.42934725314147,71.50343027600164,3942700,71.57750701904297
2020-05-13,71.65980529785156,71.76681339400783,71.61865365148348,71.7256554678219,2628900,71.65980529785156
2020-05-14,71.85735321044922,71.85735321044922,71.75857795906398,71.79973588376224,2844700,71.85735321044922
2020-05-15,71.89854431152344,72.03024471897777,71.84092695321743,72.03024471897777,2871300,71.89854431152344
2020-05-18,71.76679229736328,71.93141139407967,71.66801707144386,71.93141139407967,3573700,71.76679229736328
2020-05-19,71.85735321044922,71.86557977153477,71.74211855707526,71.83265468773969,3083000,71.85735321044922
2020-05-20,72.04666137695312,72.0795864592787,71.8326514817455,71.91496732746813,4388600,72.04666137695312
2020-05-21,72.12078094482422,72.17839829814962,72.07139015638779,72.10431525540524,5762200,72.12078094482422
2020-05-22,72.14543151855469,72.1701237585972,72.11250643855905,72.1701237585972,3710300,72.14543151855469
2020-05-26,72.10430145263672,72.15369223161838,72.04668411034089,72.15369223161838,5193900,72.10430145263672
2020-05-27,72.13721466064453,72.25244932625112,72.07959732784123,72.22775708073804,7606400,72.13721466064453
2020-05-28,72.16192626953125,72.16192626953125,72.02199932086465,72.06315726097598,7381900,72.16192626953125
2020-05-29,72.36767578125,72.3841414629361,72.12897363534206,72.20305664329439,6196500,72.36767578125
2020-06-01,72.30915832519531,72.30915832519531,72.20195038784902,72.23493260555952,4345600,72.30915832519531
2020-06-02,72.36685180664062,72.36685180664062,72.26788632540654,72.30087481915123,5445500,72.36685180664062
2020-06-03,72.20194244384766,72.30915036939842,72.12771673237853,72.26791316392512,5036400,72.20194244384766
2020-06-04,72.02875518798828,72.27616585064867,71.99577297208711,72.25142604276553,6341700,72.02875518798828
2020-06-05,72.02050018310547,72.02050018310547,71.77308956371886,71.91328597847834,6465600,72.02050018310547
2020-06-08,72.0947265625,72.15245487368182,71.92979032824168,71.97926994013638,4491000,72.0947265625
2020-06-09,72.14422607421875,72.25968271835991,72.14422607421875,72.23493661583092,5445200,72.14422607421875
2020-06-10,72.44937133789062,72.44937133789062,72.16072967756364,72.27618634169443,3951600,72.44937133789062
2020-06-11,72.31736755371094,72.52354090740093,72.30911885782814,72.52354090740093,5026500,72.31736755371094
2020-06-12,72.3916244506836,72.4988386769788,72.31740502501584,72.43286165955324,4087300,72.3916244506836
2020-06-15,72.54006958007812,72.62253770588698,72.39987313701158,72.45760145426927,4486100,72.54006958007812
2020-06-16,72.44937133789062,72.64729614898395,72.39164300582523,72.64729614898395,9338500,72.44937133789062
2020-06-17,72.46583557128906,72.5235638769294,72.33388156301775,72.5153151784341,3900300,72.46583557128906
2020-06-18,72.54828643798828,72.5730262356809,72.4740607529985,72.52354664029566,2988600,72.54828643798828
2020-06-19,72.57303619384766,72.58952729726826,72.52355659167303,72.52355659167303,2606400,72.57303619384766
2020-06-22,72.54828643798828,72.70498021259077,72.53178904491858,72.6719917183633,3048400,72.54828643798828
2020-06-23,72.51531219482422,72.58953160248804,72.49882109042554,72.58128919624528,3037100,72.51531219482422
2020-06-24,72.52355194091797,72.5730315399196,72.44932625050316,72.49881214141716,3256700,72.52355194091797
2020-06-25,72.5978012084961,72.6885180385978,72.57306139881653,72.6802693380663,4318400,72.5978012084961
2020-06-26,72.7297592163086,72.74625032635613,72.61430257022985,72.71326181434574,2911700,72.7297592163086
2020-06-29,72.77922821044922,72.78747691022609,72.6802626888699,72.754488403033,3047300,72.77922821044922
2020-06-30,72.85340881347656,72.86990620423984,72.71321245154392,72.8616575088582,5405900,72.85340881347656
2020-07-01,72.87162780761719,72.87162780761719,72.70638853687757,72.82205728709012,3569200,72.87162780761719
2020-07-02,72.98728942871094,72.98728942871094,72.84683543195385,72.89641225111257,4007000,72.98728942871094
2020-07-06,72.96248626708984,72.9790139705783,72.85508140830277,72.91291576356842,4026800,72.96248626708984
2020-07-07,73.07816314697266,73.07816314697266,72.94597302164743,73.01207123604638,3300800,73.07816314697266
2020-07-08,73.0368423461914,73.1111980953859,72.9955293943246,73.1029405477897,2908100,73.0368423461914
2020-07-09,73.23513793945312,73.27645089543341,73.06163487058566,73.07815627089452,3189700,73.23513793945312
2020-07-10,73.15251922607422,73.3260222970647,73.13599152209103,73.3260222970647,2960500,73.15251922607422
2020-07-13,73.18555450439453,73.20207590178435,73.11119245746296,73.14424155571355,3115800,73.18555450439453
2020-07-14,73.27645111083984,73.31775776346947,73.23513815473811,73.2599234070103,3067300,73.27645111083984
2020-07-15,73.28472900390625,73.34256337642086,73.22689463139164,73.30125671232405,3349900,73.28472900390625
2020-07-16,73.33428955078125,73.41690916411314,73.33428955078125,73.38386005808589,2856100,73.33428955078125
2020-07-17,73.40866088867188,73.47475911475206,73.34256266259169,73.4582377099689,2430300,73.40866088867188
2020-07-20,73.48298645019531,73.53255694338361,73.43340965353636,73.53255694338361,2771000,73.48298645019531
2020-07-21,73.52432250976562,73.56563547293192,73.50780110658302,73.5408502164214,3044700,73.52432250976562
2020-07-22,73.62344360351562,73.64822885119389,73.5738731081591,73.63170745389868,5609100,73.62344360351562
2020-07-23,73.6895751953125,73.73088185900589,73.65652608227352,73.73088185900589,4394900,73.6895751953125
2020-07-24,73.67302703857422,73.72260384610918,73.60692883084228,73.66476949021175,2980400,73.67302703857422
2020-07-27,73.62344360351562,73.76389754267306,73.5325601597147,73.75563369229,5146900,73.62344360351562
2020-07-28,73.6565170288086,73.73087279640157,73.59868266396751,73.70608754053724,5547800,73.6565170288086
2020-07-29,73.77216339111328,73.77216339111328,73.66475854710819,73.69780134259352,3136200,73.77216339111328
2020-07-30,73.81351470947266,73.83830627629726,73.78047189398966,73.79699330173115,2621100,73.81351470947266
2020-07-31,73.9126205444336,73.92088439539941,73.75563889343988,73.82173709422369,5110000,73.9126205444336
2020-08-03,73.88695526123047,73.93662033132182,73.80418856400387,73.92834176719089,6270000,73.88695526123047
2020-08-04,74.04424285888672,74.04424285888672,73.95319756500284,73.9697546991798,5325100,74.04424285888672
2020-08-05,73.94493865966797,73.98632519141847,73.8952798733259,73.96977436753717,4931500,73.94493865966797
2020-08-06,74.06079864501953,74.14356537030841,74.02769069196471,74.06079864501953,3933400,74.06079864501953
2020-08-07,73.97801971435547,74.15183171803083,73.95319033021555,74.11873008230818,3764400,73.97801971435547
2020-08-10,73.89525604248047,74.07734661994232,73.88697747586053,74.06079580139857,3708400,73.89525604248047
2020-08-11,73.63867950439453,73.74627561487621,73.56418503198698,73.74627561487621,8125700,73.63867950439453
2020-08-12,73.44831848144531,73.53936378296378,73.42348909279428,73.53936378296378,4530800,73.44831848144531
2020-08-13,73.20825958251953,73.47311680731657,73.13377144805834,73.47311680731657,3969800,73.20825958251953
2020-08-14,73.12553405761719,73.28279529406365,73.10898323442709,73.24968733298556,3454400,73.12553405761719
2020-08-17,73.21654510498047,73.29103956121563,73.1586077788842,73.19999428953652,3995400,73.21654510498047
2020-08-18,73.31584930419922,73.35722948907298,73.25791199362138,73.30757074134718,6371100,73.31584930419922
2020-08-19,73.19171142578125,73.415182151972,73.16688204672612,73.415182151972,4628100,73.19171142578125
2020-08-20,73.31584930419922,73.39861598863997,73.30757074134718,73.38206517762913,4623400,73.31584930419922
2020-08-21,73.47315216064453,73.47315216064453,73.31589725177257,73.3986639903416,3642100,73.47315216064453
2020-08-24,73.390380859375,73.48970472830129,73.36555147081768,73.45659677199252,2960400,73.390380859375
2020-08-25,73.24968719482422,73.29934597899874,73.11725535076164,73.2662380179831,4830800,73.24968719482422
2020-08-26,73.20825958251953,73.25792465352134,73.12549288377565,73.22481671108491,4853800,73.20825958251953
2020-08-27,72.94342803955078,73.34899574116797,72.93515578704995,73.34899574116797,5125700,72.94342803955078
2020-08-28,73.00137329101562,73.07586777447135,72.93516369035162,73.03448124869625,4281200,73.00137329101562
2020-08-31,73.21654510498047,73.28276099614618,73.05101169176113,73.08411963734399,16000300,73.21654510498047
2020-09-01,73.41802215576172,73.43460164681868,73.1112478033049,73.16928551045774,7201700,73.41802215576172
2020-09-02,73.57556915283203,73.60044155889233,73.40145598477258,73.40974889533847,5054900,73.57556915283203
2020-09-03,73.58385467529297,73.6999301090115,73.55068936199672,73.633599482419,7543900,73.58385467529297
2020-09-04,73.1527099609375,73.49264331382416,73.1527099609375,73.4760638218739,6588300,73.1527099609375
2020-09-08,73.26050567626953,73.36828820746172,73.22734036075568,73.31025048672174,4440300,73.26050567626953
2020-09-09,73.21076965332031,73.33513169437805,73.16101851125931,73.29367978923811,6048200,73.21076965332031
2020-09-10,73.22734832763672,73.26051364675884,73.10297996233818,73.1527311038403,5331800,73.22734832763672
2020-09-11,73.30196380615234,73.34341570626256,73.25221267012809,73.318543301069,5301400,73.30196380615234
2020-09-14,73.30196380615234,73.4014534269266,73.29367089587545,73.36828811145612,4256400,73.30196380615234
2020-09-15,73.34339904785156,73.36827144739588,73.29365424876292,73.34339904785156,3746900,73.34339904785156
2020-09-16,73.32682037353516,73.45947528112781,73.2439039399495,73.44289578979215,4851800,73.32682037353516
2020-09-17,73.32682037353516,73.46776818961354,73.31023455656371,73.45947528112781,2815400,73.32682037353516
2020-09-18,73.24394226074219,73.39318306338818,73.23565567355675,73.39318306338818,2938800,73.24394226074219
2020-09-21,73.28538513183594,73.37658817686385,73.27709222075038,73.36829526577829,4981500,73.28538513183594
2020-09-22,73.31024932861328,73.35170755375995,73.25221160879016,73.29366983393683,4442200,73.31024932861328
2020-09-23,73.1444091796875,73.32681519968837,73.1444091796875,73.30194280162195,4659600,73.1444091796875
2020-09-24,73.1527099609375,73.23562007196088,73.11954465140094,73.22732716316774,4225900,73.1527099609375
2020-09-25,73.1444091796875,73.2107397916215,73.11953678162108,73.2107397916215,5602600,73.1444091796875
2020-09-28,73.21076965332031,73.21905623896556,73.15273192561406,73.18589091947086,4215100,73.21076965332031
2020-09-29,73.26050567626953,73.32683630729724,73.23563327104343,73.28537808149564,7929700,73.26050567626953
2020-09-30,73.1444091796875,73.2107397916215,73.06978565985291,73.19415397582036,6113600,73.1444091796875
2020-10-01,73.21916961669922,73.24408438097316,73.06136766108416,73.07797539179678,4485900,73.21916961669922
2020-10-02,73.16934204101562,73.26070041131001,73.06968297262956,73.26070041131001,5557100,73.16934204101562
2020-10-05,72.895263671875,73.0696797065761,72.895263671875,73.0696797065761,6298400,72.895263671875
2020-10-06,72.99491882324219,73.11949897207518,72.87033867440921,72.9700040607575,5705900,72.99491882324219
2020-10-07,72.895263671875,73.00323610634811,72.85374117404037,72.93679250612011,3494600,72.895263671875
2020-10-08,73.01982879638672,73.04474355723725,72.96169224226576,72.9949140355362,5661600,73.01982879638672
2020-10-09,73.03643035888672,73.03643035888672,72.88693548296482,72.945072027134,4105000,73.03643035888672
2020-10-12,73.1444091796875,73.16932394062067,73.05305083199305,73.07796559292622,3383500,73.1444091796875
2020-10-13,73.20259857177734,73.25242812961078,73.16106971597364,73.18599083130412,4121100,73.20259857177734
2020-10-14,73.24408721923828,73.27730901836092,73.18595065487622,73.22747315147181,6966400,73.24408721923828
2020-10-15,73.20259857177734,73.28564994697098,73.16937675441713,73.24412742758105,3877900,73.20259857177734
2020-10-16,73.1444091796875,73.26068228831512,73.11949441875431,73.21915979889623,3424500,73.1444091796875
2020-10-19,73.07797241210938,73.11119420859006,73.01983585237062,73.0945864785546,5206600,73.07797241210938
2020-10-20,72.9533920288086,73.02814265475631,72.92847726562927,73.02814265475631,4652700,72.9533920288086
2020-10-21,72.870361328125,72.95341267436254,72.85375359344211,72.92019720499677,4115700,72.870361328125
2020-10-22,72.74579620361328,72.87037641697148,72.72918846549153,72.86207571611703,5036700,72.74579620361328
2020-10-23,72.83712768554688,72.87865652012255,72.72916158662485,72.73746862082209,3237300,72.83712768554688
2020-10-26,72.94508361816406,73.01152720388907,72.92016885761944,72.92846955352826,4177000,72.94508361816406
2020-10-27,73.11952209472656,73.13612982949836,73.00324894208917,73.06138551840786,3293100,73.11952209472656
2020-10-28,73.01982879638672,73.16101666547918,72.9949140355362,73.16101666547918,4766400,73.01982879638672
2020-10-29,72.8620834350586,73.03649321767173,72.78733276455952,73.01987914137703,4200700,72.8620834350586
2020-10-30,72.73747253417969,72.88696747572038,72.67102892984808,72.82052387138877,9731400,72.73747253417969
2020-11-02,72.8381576538086,72.90470968200748,72.81319350245846,72.84647269023593,4021200,72.8381576538086
2020-11-03,72.82148742675781,72.82980880740337,72.72997128171764,72.81316604611226,3985400,72.82148742675781
2020-11-04,73.32068634033203,73.37060829317892,73.21253374598263,73.27077073484088,5667400,73.32068634033203
2020-11-05,73.39555358886719,73.4537905678015,73.30403742949117,73.44546918585242,4128700,73.39555358886719
2020-11-06,73.22915649414062,73.27075705585396,73.1459617180685,73.2208414596816,3844500,73.22915649414062
2020-11-09,72.88805389404297,73.01284922820895,72.7466221440869,72.99620646506449,5712700,72.88805389404297
2020-11-10,72.74659729003906,72.83811341400379,72.70499674374521,72.73827591130986,5169600,72.74659729003906
2020-11-11,72.79652404785156,72.80484542785878,72.6966865298245,72.74660846251462,3365700,72.79652404785156
2020-11-12,73.03779602050781,73.03779602050781,72.87972153122536,72.92132208546393,4178500,73.03779602050781
2020-11-13,73.06278991699219,73.11270552886079,73.03783211105788,73.07111130142246,3199500,73.06278991699219
2020-11-16,73.1043701171875,73.11268515194378,73.03781175500852,73.06276955398694,4059400,73.1043701171875
2020-11-17,73.22915649414062,73.25412063958136,73.1459617180685,73.17924089796826,5537500,73.22915649414062
2020-11-18,73.3123779296875,73.32069296645032,73.25414093556627,73.3123779296875,6089500,73.3123779296875
2020-11-19,73.46212005615234,73.49539289291098,73.35396112094303,73.38724030505702,6207000,73.46212005615234
2020-11-20,73.52865600585938,73.55362014900497,73.42050344164433,73.47874041427612,6611300,73.52865600585938
2020-11-23,73.47042083740234,73.52034277756547,73.43714165974495,73.51202139631259,3506600,73.47042083740234
2020-11-24,73.39555358886719,73.47874836629411,73.37891082496901,73.4621119497506,4678800,73.39555358886719
2020-11-25,73.36225891113281,73.47041146420584,73.35393753094155,73.43713229079414,5282000,73.36225891113281
2020-11-27,73.5203628540039,73.52867789017327,73.44548309698861,73.45380448051384,2226300,73.5203628540039
2020-11-30,73.62017822265625,73.62849960439058,73.5037042677936,73.52034703126226,4729900,73.62017822265625
2020-12-01,73.39765930175781,73.555983259424,73.33099323662158,73.54765476950139,7331400,73.39765930175781
2020-12-02,73.27268981933594,73.48935143441906,73.18102553440185,73.34768440284837,4631300,73.27268981933594
2020-12-03,73.41436767578125,73.48936863447584,73.33103822205487,73.43936587613618,3685300,73.41436767578125
2020-12-04,73.22269439697266,73.34768537114347,73.17269164967594,73.33102202713016,4880200,73.22269439697266
2020-12-07,73.32268524169922,73.38935133125027,73.29768704752463,73.3143567487265,4734800,73.32268524169922
2020-12-08,73.34768676757812,73.46435560840607,73.33935827422711,73.45602075742654,3737300,73.34768676757812
2020-12-09,73.22269439697266,73.26435593582013,73.17269164967594,73.23935774098597,5163900,73.22269439697266
2020-12-10,73.37271118164062,73.41437273255856,73.26437716246748,73.29771021777997,4731400,73.37271118164062
2020-12-11,73.48934936523438,73.52268240951081,73.43101812715764,73.46435117143407,5317100,73.48934936523438
2020-12-14,73.4643325805664,73.48933076804066,73.3393352855686,73.4226646963583,5176800,73.4643325805664
2020-12-15,73.49768829345703,73.50602314511657,73.41435884974871,73.42269370140825,6539900,73.49768829345703
2020-12-16,73.42268371582031,73.4893498047719,73.32268458239291,73.40601401476833,4186700,73.42268371582031
2020-12-17,73.43936157226562,73.58102862869093,73.36436697559584,73.52269737873796,4963600,73.43936157226562
2020-12-18,73.41436767578125,73.53103018252413,73.38103462276474,73.48936863447584,3472700,73.41436767578125
2020-12-21,73.42268371582031,73.5143479987217,73.38101582081852,73.4893498047719,5364200,73.42268371582031
2020-12-22,73.53933715820312,73.54767200770516,73.40600499668008,73.45600773606492,4697300,73.53933715820312
2020-12-23,73.45657348632812,73.46493591120782,73.32280020289801,73.45657348632812,5643700,73.45657348632812
2020-12-24,73.58200073242188,73.59871920724342,73.5151140758104,73.56527587893768,1980900,73.58200073242188
2020-12-28,73.55691528320312,73.59871465700407,73.4649477307139,73.52347195696503,4706500,73.55691528320312
2020-12-29,73.58200073242188,73.61544406072761,73.49839560098886,73.53183255063195,4884800,73.58200073242188
2020-12-30,73.63214111328125,73.64050353759042,73.55689843048117,73.59869779470539,3609800,73.63214111328125
2020-12-31,73.73247528076172,73.74919375167424,73.6488637902156,73.66558863978929,6134900,73.73247528076172
2021-01-04,73.63214111328125,73.65722200754794,73.55689843048117,73.60706021901456,7568400,73.63214111328125
2021-01-05,73.50672149658203,73.60705144034387,73.42311639944386,73.5903265937202,6452700,73.50672149658203
2021-01-06,73.18067169189453,73.24755833435782,73.02181751070952,73.24755833435782,5933700,73.18067169189453
2021-01-07,73.03018951416016,73.08871373932612,73.01347104068223,73.03855194023019,6196100,73.03018951416016
2021-01-08,72.96328735351562,73.06361730904304,72.87968224657318,73.06361730904304,7688800,72.96328735351562
2021-01-11,72.88810729980469,72.94663156281732,72.82122060531417,72.94663156281732,5404300,72.88810729980469
2021-01-12,72.87132263183594,72.87132263183594,72.6873875783749,72.81279204331608,6078800,72.87132263183594
2021-01-13,73.0636215209961,73.1639514823073,72.92149219313443,72.96329155968489,7357100,73.0636215209961
2021-01-14,72.97167205810547,73.15560717673587,72.91314782751058,73.07200204426643,7191900,72.97167205810547
2021-01-15,73.03018951416016,73.09707616539616,72.97166528899419,73.02182708809012,4083600,73.03018951416016
2021-01-19,73.13053894042969,73.13890136872375,72.98840955274981,73.04693379348058,7636500,73.13053894042969
2021-01-20,73.1221694946289,73.15561282593177,73.0720076870062,73.08872616332603,5889500,73.1221694946289
2021-01-21,73.02181243896484,73.07198060665853,72.9632882255396,73.01345639323328,7890800,73.02181243896484
2021-01-22,73.05528259277344,73.08872592396678,72.99675835785088,73.08036987516586,4439800,73.05528259277344
2021-01-25,73.22249603271484,73.23085208114877,73.11380361644457,73.14724694616905,5126900,73.22249603271484
2021-01-26,73.21411895751953,73.2559247059767,73.1555947368765,73.1890380599099,4608700,73.21411895751953
2021-01-27,73.21411895751953,73.32280497338185,73.20575653209578,73.26428075273881,4248500,73.21411895751953
2021-01-28,73.15557098388672,73.21409518552744,73.08032831548846,73.20573276281888,4359300,73.15557098388672
2021-01-29,73.0970687866211,73.13887453408906,72.9800203481046,72.9800203481046,6088400,73.0970687866211
2021-02-01,73.12136840820312,73.16324073506863,73.04600588642931,73.05437524074635,5774700,73.12136840820312
2021-02-02,73.02921295166016,73.05433377799383,72.9957163869431,73.02921295166016,4554500,73.02921295166016
2021-02-03,72.90363311767578,72.99574711221608,72.90363311767578,72.97900201721745,4271700,72.90363311767578
2021-02-04,72.92039489746094,72.94551573791537,72.8031600494602,72.8952740570065,4652200,72.92039489746094
2021-02-05,72.81990051269531,72.96225619209123,72.81152477013683,72.92039025693812,4401300,72.81990051269531
2021-02-08,72.90363311767578,72.95388118030995,72.80314977004575,72.82827060695325,5571500,72.90363311767578
2021-02-09,72.8701400756836,72.97062981701015,72.86177072218764,72.90363665612578,4474000,72.8701400756836
2021-02-10,72.98738098144531,72.98738098144531,72.91201207857617,72.95388440115008,3735500,72.98738098144531
2021-02-11,72.91202545166016,73.01251521097709,72.87015312140628,72.98739436835301,4578200,72.91202545166016
2021-02-12,72.71940612792969,72.82827160778383,72.69428529067696,72.79477502850712,4825400,72.71940612792969
2021-02-16,72.37609100341797,72.51007095694185,72.35934590503516,72.49332585855902,6702200,72.37609100341797
2021-02-17,72.52680206298828,72.5351778042362,72.42631233446922,72.50168122806318,5217000,72.52680206298828
2021-02-18,72.48493957519531,72.51843615591078,72.36770473710094,72.41795280258388,4607000,72.48493957519531
2021-02-19,72.2337417602539,72.3928425699776,72.18349368297498,72.37609747009864,4011100,72.2337417602539
2021-02-22,72.03273010253906,72.25883037740206,72.01598501012833,72.17509213771206,4809400,72.03273010253906
2021-02-23,72.01599884033203,72.05787116262742,71.86526742441578,71.90713974671117,6475900,72.01599884033203
2021-02-24,71.97411346435547,72.00761003835275,71.69777790930978,71.74801957589659,5164600,71.97411346435547
2021-02-25,71.34609985351562,71.73130743704164,71.11163011663626,71.68105935855236,9956100,71.34609985351562
2021-02-26,71.96575927734375,71.96575927734375,71.42982675809012,71.65592069419229,8580200,71.96575927734375
2021-03-01,71.8726577758789,71.91459304256169,71.7300881066348,71.79718197395792,7152000,71.8726577758789
2021-03-02,71.8642807006836,71.88105096943669,71.7887984952352,71.83073376475362,5338800,71.8642807006836
2021-03-03,71.6377944946289,71.72165858140511,71.56231873605623,71.67972973722685,6022500,71.6377944946289
2021-03-04,71.411376953125,71.68813426058676,71.32751284740296,71.66296927029114,9701800,71.411376953125
2021-03-05,71.3695068359375,71.39466545077283,71.21854874849852,71.2856426536774,6871000,71.3695068359375
2021-03-08,71.04237365722656,71.28558406478761,71.04237365722656,71.25203713977005,5806700,71.04237365722656
2021-03-09,71.27721405029297,71.34430791756945,71.2268968490473,71.2268968490473,7671800,71.27721405029297
2021-03-10,71.411376953125,71.461694136874,71.31912451730442,71.34428310917892,5286700,71.411376953125
2021-03-11,71.41975402832031,71.47845953291656,71.31911327826096,71.40297737076702,5510000,71.41975402832031
2021-03-12,70.9920654296875,71.07592955360607,70.93335990310224,71.06754122168745,5717100,70.9920654296875
2021-03-15,71.07593536376953,71.11787062836811,71.00045956559974,71.00045956559974,5012200,71.07593536376953
2021-03-16,71.0675048828125,71.15975729147834,71.0004174570349,71.11782845016975,6159100,71.0675048828125
2021-03-17,71.04237365722656,71.1178558381215,70.81593991138514,70.95012121303368,7370600,71.04237365722656
2021-03-18,70.74887084960938,70.84112332612472,70.63145977012147,70.69855364366425,4905200,70.74887084960938
2021-03-19,70.80754852294922,71.17655828378632,70.69852582016618,71.117852767146,4969200,70.80754852294922
2021-03-22,71.00883483886719,71.0423817677146,70.90820045074737,70.97528791001977,4748300,71.00883483886719
2021-03-23,71.16816711425781,71.18493737616258,71.01720916343022,71.17655544442079,5148600,71.16816711425781
2021-03-24,71.27721405029297,71.28560238330837,71.06755051387148,71.08432717990227,5148200,71.27721405029297
2021-03-25,71.22688293457031,71.33590564877903,71.1430188160696,71.31074705307103,3876300,71.22688293457031
2021-03-26,71.10111236572266,71.21852345887966,71.05918348869498,71.08434209459654,3376200,71.10111236572266
2021-03-29,71.00883483886719,71.14302255425686,70.93335904777733,71.1178639572269,3775500,71.00883483886719
2021-03-30,71.08430480957031,71.09268674152455,70.8746413391302,70.924958524541,4769200,71.08430480957031
2021-03-31,71.0507583618164,71.15978106374294,70.9752761847739,71.08430528512181,6949300,71.0507583618164
2021-04-01,71.27940368652344,71.31302040214162,71.1701269154182,71.2625889157583,4780200,71.27940368652344
2021-04-05,71.17011260986328,71.20373573167909,71.06924965737062,71.12808851730959,8200600,71.17011260986328
2021-04-06,71.42230224609375,71.43911060509667,71.24578561825881,71.26259397726173,5400600,71.42230224609375
2021-04-07,71.3382568359375,71.4643355771292,71.32144206180705,71.36347258417584,5480200,71.3382568359375
2021-04-08,71.49793243408203,71.5063398180572,71.40547044922003,71.42228521717038,3872300,71.49793243408203
2021-04-09,71.40547180175781,71.50634117250561,71.32141719927886,71.42228657002666,9748500,71.40547180175781
2021-04-12,71.3886947631836,71.3886947631836,71.32144848651885,71.3886947631836,3995700,71.3886947631836
2021-04-13,71.57361602783203,71.57361602783203,71.3550688436688,71.3550688436688,4097500,71.57361602783203
2021-04-14,71.52314758300781,71.55677070567614,71.45590775062605,71.49793184424529,4592300,71.52314758300781
2021-04-15,71.82575988769531,71.91822188545754,71.67445901980764,71.72489691774078,5395000,71.82575988769531
2021-04-16,71.63246154785156,71.70810880343774,71.49796898730955,71.63246154785156,6199700,71.63246154785156
2021-04-19,71.59039306640625,71.60720783403893,71.49793108329112,71.53996158941794,6165300,71.59039306640625
2021-04-20,71.70809936523438,71.75012988811126,71.56520584818479,71.57361323535166,6383700,71.70809936523438
2021-04-21,71.78375244140625,71.78375244140625,71.64925989965732,71.68288303509455,4508300,71.78375244140625
2021-04-22,71.8173828125,71.83419117543339,71.69129764514653,71.7921670616209,4007800,71.8173828125
2021-04-23,71.82575988769531,71.86779040048027,71.74170527508124,71.85098204313982,6435700,71.82575988769531
2021-04-26,71.77534484863281,71.85939948050635,71.75853648744103,71.83418373224002,3797400,71.77534484863281
2021-04-27,71.59039306640625,71.7585086779587,71.57358471172843,71.7585086779587,4450300,71.59039306640625
2021-04-28,71.6240463256836,71.64086110039135,71.47274541810152,71.61563893832971,5479200,71.6240463256836
2021-04-29,71.56519317626953,71.56519317626953,71.40548491316548,71.49794691675663,6247600,71.56519317626953
2021-04-30,71.66606140136719,71.66606140136719,71.53997627006775,71.63243827215692,6867600,71.66606140136719
2021-05-03,71.68374633789062,71.81843940681223,71.65007146495391,71.65849178889441,4601200,71.68374633789062
2021-05-04,71.7763442993164,71.88578280958508,71.7342491061536,71.7595036529214,5520300,71.7763442993164
2021-05-05,71.81845092773438,71.84370548078186,71.7005920649619,71.73426694330065,5950300,71.81845092773438
2021-05-06,71.85214233398438,71.89423754729742,71.75953800295791,71.76795833018608,4143600,71.85214233398438
2021-05-07,71.86050415039062,72.06254687956329,71.8099950738031,71.96152872638822,4886300,71.86050415039062
2021-05-10,71.69216918945312,71.88579168713413,71.67532854097838,71.8689574614849,6211800,71.69216918945312
2021-05-11,71.5490493774414,71.59114457580789,71.50696060190043,71.57430392733109,6630800,71.5490493774414
2021-05-12,71.29649353027344,71.43118659654434,71.27123898177422,71.43118659654434,7011700,71.29649353027344
2021-05-13,71.43962860107422,71.47330348356802,71.28809484126573,71.28809484126573,6991000,71.43962860107422
2021-05-14,71.60795593261719,71.60795593261719,71.49009712222123,71.5406126286934,6262100,71.60795593261719
2021-05-17,71.54065704345703,71.59116615846344,71.51539606312639,71.59116615846344,4753000,71.54065704345703
2021-05-18,71.46485137939453,71.49852624691432,71.43117651187475,71.48169202456656,4631000,71.46485137939453
2021-05-19,71.38909149169922,71.5574594153113,71.3049011070686,71.48169577653324,6511300,71.38909149169922
2021-05-20,71.62481689453125,71.63323079564395,71.464862853836,71.464862853836,5283900,71.62481689453125
2021-05-21,71.64166259765625,71.68375780126516,71.58273316629955,71.65850324823033,5050800,71.64166259765625
2021-05-24,71.72582244873047,71.75949731572187,71.67531335965542,71.6837336821093,6954500,71.72582244873047
2021-05-25,71.9110336303711,71.9110336303711,71.75949993479115,71.76792025755236,5235500,71.9110336303711
2021-05-26,71.88579559326172,71.94472502047441,71.82686616604902,71.86896136669775,4834400,71.88579559326172
2021-05-27,71.78477478027344,71.84370421061783,71.72584534992905,71.82686998315924,5215200,71.78477478027344
2021-05-28,71.7763442993164,71.88578280958508,71.7679239761189,71.7847581996892,5258500,71.7763442993164
2021-06-01,71.77130889892578,71.788169627311,71.65326450141755,71.7291474285569,5398000,71.77130889892578
2021-06-02,71.84720611572266,71.8640732803998,71.74602242647529,71.76288959115242,5479900,71.84720611572266
2021-06-03,71.71224975585938,71.77969906758935,71.69538260322646,71.77969906758935,4829000,71.71224975585938
2021-06-04,71.99894714355469,71.99894714355469,71.78815270726768,71.80501986461462,19321400,71.99894714355469
2021-06-07,71.94835662841797,71.97365093083158,71.91462874755464,71.94835662841797,10706500,71.94835662841797
2021-06-08,72.08325958251953,72.10012673891903,72.0411045573914,72.08325958251953,5099600,72.08325958251953
2021-06-09,72.22663879394531,72.29408815259475,72.17604373378529,72.25193310755614,4810300,72.22663879394531
2021-06-10,72.37837219238281,72.39523934917901,72.10012843460035,72.12542273685918,7400300,72.37837219238281
2021-06-11,72.36151123046875,72.38680553264435,72.29405546937684,72.36151123046875,4194500,72.36151123046875
2021-06-14,72.17598724365234,72.31089872123648,72.15912652542099,72.31089872123648,4438400,72.17598724365234
2021-06-15,72.17598724365234,72.20128153746604,72.10853150486028,72.14225937425631,6173600,72.17598724365234
2021-06-16,71.9736557006836,72.28563379464313,71.88933920940522,72.24347233253597,7302400,71.9736557006836
2021-06-17,72.21817016601562,72.40367028639413,72.07483150315414,72.0916922263998,6467500,72.21817016601562
2021-06-18,72.4458236694336,72.5048458488589,72.20130137383302,72.27719070905702,5842800,72.4458236694336
2021-06-21,72.19287872314453,72.30248951091947,72.17601156629578,72.27719520858183,7907000,72.19287872314453
2021-06-22,72.2940673828125,72.30250096257264,72.10014007888503,72.10856722570865,4082900,72.2940673828125
2021-06-23,72.24344635009766,72.3109020920342,72.20128490315392,72.25187992607313,5739900,72.24344635009766
2021-06-24,72.27717590332031,72.32776449448336,72.25188160773878,72.28560947949208,4852100,72.27717590332031
2021-06-25,72.14226531982422,72.30247110442534,72.0495152795745,72.29403752814795,6018500,72.14226531982422
2021-06-28,72.3362045288086,72.37835954756346,72.23502090451508,72.25188805836451,5664100,72.3362045288086
2021-06-29,72.36993408203125,72.36993408203125,72.22659543565845,72.22659543565845,10672700,72.36993408203125
2021-06-30,72.4205093383789,72.49639865261322,72.40364862017867,72.42894291394568,4846600,72.4205093383789
2021-07-01,72.41378021240234,72.43911344867809,72.3124408244621,72.39689353583096,5768000,72.41378021240234
2021-07-02,72.54046630859375,72.54046630859375,72.40534709957953,72.42224022212557,4315700,72.54046630859375
2021-07-06,72.80224609375,72.85291257179377,72.62490697775883,72.62490697775883,5711600,72.80224609375
2021-07-07,72.95423889160156,72.9964652442931,72.81912616009498,72.87823918816102,5933900,72.95423889160156
2021-07-08,73.02180480957031,73.1062510794378,72.94579865670339,72.99647157289381,6991200,73.02180480957031
2021-07-09,72.79377746582031,72.85289048656402,72.79377746582031,72.85289048656402,10304900,72.79377746582031
2021-07-12,72.7684555053711,72.86979488927193,72.72623559420687,72.84446165400598,9073900,72.7684555053711
2021-07-13,72.54046630859375,72.8191448450567,72.5151330676132,72.7600318018226,8583600,72.54046630859375
2021-07-14,72.7853775024414,72.80226418503965,72.6755915156142,72.69248464105205,5036200,72.7853775024414
2021-07-15,72.96272277832031,72.97116934174724,72.77693703996884,72.91204984059891,3423000,72.96272277832031
2021-07-16,72.89513397216797,72.93736032955664,72.78535446293003,72.79379458013771,5725100,72.89513397216797
2021-07-19,73.30892944335938,73.37648904194327,73.199149927789,73.22448316654847,6493300,73.30892944335938
2021-07-20,73.23294067382812,73.53695247006094,73.19071430769178,73.51161922751469,6762200,73.23294067382812
2021-07-21,72.9964828491211,73.08092913203353,72.92892324565578,73.03870276915812,6293000,72.9964828491211
2021-07-22,73.15689849853516,73.21601151632971,73.00489267522975,73.00489267522975,4894900,73.15689849853516
2021-07-23,73.0724868774414,73.09782011952433,72.96270734746919,72.97115390910976,8887500,73.0724868774414
2021-07-26,73.03026580810547,73.15693201653097,73.0049261235817,73.15693201653097,5427900,73.03026580810547
2021-07-27,73.2160415649414,73.23293468715052,73.13159528241096,73.19915488557066,4344100,73.2160415649414
2021-07-28,73.28358459472656,73.28358459472656,73.04713247998053,73.12313218421879,6636700,73.28358459472656
2021-07-29,73.15689849853516,73.20757140152745,73.1146785960166,73.13156526845688,5201000,73.15689849853516
2021-07-30,73.26668548583984,73.28357215852593,73.19067935166288,73.21601258210993,7557200,73.26668548583984
2021-08-02,73.44092559814453,73.53396425379604,73.27176147289107,73.31405411744232,4660800,73.44092559814453
2021-08-03,73.45783996582031,73.5339654366468,73.4240071402254,73.44938014618367,5297700,73.45783996582031
2021-08-04,73.45783996582031,73.62700409379491,73.28022247116074,73.5931712682,3916900,73.45783996582031
2021-08-05,73.2886962890625,73.40710797478572,73.26332327825794,73.39018833228074,4613800,73.2886962890625
2021-08-06,72.94189453125,73.07722582224368,72.92498134635136,73.00956017674685,4329800,72.94189453125
2021-08-09,72.80658721923828,73.05187040349564,72.80658721923828,73.00957775164164,4541300,72.80658721923828
2021-08-10,72.6966323852539,72.84042353666855,72.6966323852539,72.84042353666855,4312300,72.6966323852539
2021-08-11,72.74736785888672,72.85731969913971,72.62049637985544,72.7135350342816,6494000,72.74736785888672
2021-08-12,72.75582885742188,72.78120831825163,72.6543368259115,72.72200248221985,4946500,72.75582885742188
2021-08-13,73.04341888427734,73.04341888427734,72.83196850688029,72.84888169777255,4329600,73.04341888427734
2021-08-16,73.11109161376953,73.24641651283561,73.08571859850427,73.13646462903479,3918900,73.11109161376953
2021-08-17,73.03496551513672,73.13646402831813,73.01805232275014,73.05188516047727,7168400,73.03496551513672
2021-08-18,73.01805114746094,73.10263001394041,72.94192565056169,73.01805114746094,4561900,73.01805114746094
2021-08-19,73.17872619628906,73.17872619628906,73.08569398929333,73.15335318956733,5345600,73.17872619628906
2021-08-20,73.16181945800781,73.22102529656094,73.13644644904969,73.19565228760281,3581200,73.16181945800781
2021-08-23,73.17872619628906,73.18718601618026,73.10260717612387,73.14489982262799,4005500,73.17872619628906
2021-08-24,73.03496551513672,73.1449238509884,73.03496551513672,73.11954438297757,5164800,73.03496551513672
2021-08-25,72.91654968261719,73.077254039487,72.85734383318415,73.06879421729553,3904900,72.91654968261719
2021-08-26,72.92501831054688,72.95039132723147,72.8319796140671,72.94193150401847,4810900,72.92501831054688
2021-08-27,73.1364517211914,73.1364517211914,72.88270870741378,72.94191455023484,4780900,73.1364517211914
2021-08-30,73.22103118896484,73.22103118896484,73.06878667001185,73.08570631264716,4119000,73.22103118896484
2021-08-31,73.12797546386719,73.25484694224066,73.0687696343531,73.21255429846569,4974900,73.12797546386719
2021-09-01,73.14067840576172,73.19998328651123,73.06444035287144,73.19998328651123,4792400,73.14067840576172
2021-09-02,73.24236297607422,73.24236297607422,73.14070573785588,73.20001064076716,4885100,73.24236297607422
2021-09-03,73.08987426757812,73.10682037072684,73.03057583264702,73.0729346274741,4059700,73.08987426757812
2021-09-07,72.87810516357422,72.93740360822379,72.81880671892463,72.92046396534352,4839700,72.87810516357422
2021-09-08,72.99668884277344,73.06446032812151,72.92891735742535,72.96280310009939,4864600,72.99668884277344
2021-09-09,73.25927734375,73.28469002653418,73.01361063843233,73.07290905260953,5504600,73.25927734375
2021-09-10,73.0813980102539,73.17458218435019,72.94586150623302,73.14069644258387,3711400,73.0813980102539
2021-09-13,73.19153594970703,73.20847559084153,73.13223751116868,73.1407041002134,4047300,73.19153594970703
2021-09-14,73.36937713623047,73.42867553102076,73.22536767217412,73.2507803466499,4758300,73.36937713623047
2021-09-15,73.30165100097656,73.36094943241729,73.21693987935329,73.35247638134166,6204400,73.30165100097656
2021-09-16,73.16606903076172,73.24230705393212,73.10677063617132,73.14912293914145,4604000,73.16606903076172
2021-09-17,73.07291412353516,73.08985375888601,73.00514265604606,73.0644410743383,6217800,73.07291412353516
2021-09-20,73.27622985839844,73.30164254564964,73.17457264635007,73.18304569644832,6195100,73.27622985839844
2021-09-21,73.25927734375,73.29315661210062,73.22539161235697,73.28469002653418,6962300,73.25927734375
2021-09-22,73.33551025390625,73.3609229349099,73.19150075285759,73.2592722108953,6006200,73.33551025390625
2021-09-23,72.94583892822266,73.16609295000909,72.91195319694457,73.14914685284884,5222300,72.94583892822266
2021-09-24,72.79335021972656,72.87806130924459,72.75099144344664,72.86112167655772,4170600,72.79335021972656
2021-09-27,72.70865631103516,72.78489437070363,72.65782447487946,72.68324362447899,4858500,72.70865631103516
2021-09-28,72.39522552490234,72.53923507219302,72.33592709583888,72.48840969386549,6253700,72.39522552490234
2021-09-29,72.4036865234375,72.57310873169018,72.32744200559371,72.49687067688937,5123500,72.4036865234375
2021-09-30,72.38673400878906,72.42909278861924,72.32743559485223,72.37826742325693,5877700,72.38673400878906
2021-10-01,72.6328125,72.66674987853769,72.48009753302692,72.50554894870692,6029900,72.6328125
2021-10-04,72.58189392089844,72.64128270223082,72.48856776839156,72.54795654972396,7280000,72.58189392089844
2021-10-05,72.4037094116211,72.55642432079861,72.37825800557329,72.53945887439696,4395400,72.4037094116211
2021-10-06,72.43766021728516,72.46311810094704,72.37827143452448,72.42069476773577,7177800,72.43766021728516
2021-10-07,72.2340316772461,72.32735781806842,72.21706623022881,72.31039237105114,5363500,72.2340316772461
2021-10-08,72.05587768554688,72.18314121507163,72.01345435140796,72.18314121507163,4547100,72.05587768554688
2021-10-11,71.94554901123047,72.01341724883704,71.92857709716233,71.97100040944402,3286600,71.94554901123047
2021-10-12,72.20856475830078,72.23401615980465,72.0219125167531,72.0219125167531,5529600,72.20856475830078
2021-10-13,72.4037094116211,72.4206813309134,72.28493186813755,72.28493186813755,5018100,72.4037094116211
2021-10-14,72.531005859375,72.5394918228756,72.39526280783335,72.44616564304977,4336400,72.531005859375
2021-10-15,72.35282135009766,72.40372417257083,72.31888397748487,72.40372417257083,5801200,72.35282135009766
2021-10-18,72.31040954589844,72.36131237193142,72.16617408398429,72.25102075789582,5863600,72.31040954589844
2021-10-19,72.10678100585938,72.23404453626247,72.09830151728666,72.23404453626247,3865900,72.10678100585938
2021-10-20,72.0219497680664,72.16617876644635,72.0219497680664,72.08133855992243,5332400,72.0219497680664
2021-10-21,71.92010498046875,72.02191706580437,71.89465357735733,72.00495162136006,6073300,71.92010498046875
2021-10-22,72.07282257080078,72.09828044775539,71.93707959149361,72.00495431759228,6076100,72.07282257080078
2021-10-25,72.10678100585938,72.16616979032855,72.0389127328175,72.0473922213902,4652500,72.10678100585938
2021-10-26,72.25100708007812,72.25100708007812,72.06435478943574,72.17464638259206,5752800,72.25100708007812
2021-10-27,72.51399993896484,72.61580555258526,72.28492436253897,72.37825049028433,7618400,72.51399993896484
2021-10-28,72.42070007324219,72.54796360930743,72.36979724797301,72.47160289851135,6225800,72.42070007324219
2021-10-29,72.43766021728516,72.48856951171706,72.22555649701248,72.25101438067436,8975200,72.43766021728516
2021-11-01,72.38158416748047,72.39008346852329,72.21163704502723,72.24562128306415,5201400,72.38158416748047
2021-11-02,72.51753234863281,72.56002236596326,72.40706737986663,72.41556667994601,4199400,72.51753234863281
2021-11-03,72.39008331298828,72.57702903712547,72.28811114989513,72.56003043507638,5058700,72.39008331298828
2021-11-04,72.7214584350586,72.7214584350586,72.43254065233297,72.44103995028324,5564100,72.7214584350586
2021-11-05,72.9423828125,72.99337211328874,72.71295364967574,72.76393646740017,4595900,72.9423828125
2021-11-08,72.78096008300781,72.84894151872092,72.73847006492049,72.84044221849014,6517200,72.78096008300781
2021-11-09,72.98487091064453,73.10383513760542,72.96787879953476,73.01036231884127,6027800,72.98487091064453
2021-11-10,72.49202728271484,72.88291073290733,72.39855444864,72.86591861901427,6206400,72.49202728271484
2021-11-11,72.37307739257812,72.52603238021747,72.35608527531441,72.50054096278866,3847100,72.37307739257812
2021-11-12,72.38158416748047,72.53453917091525,72.32210202631512,72.4750570297499,4890900,72.38158416748047
2021-11-15,72.08416748046875,72.33059532572561,72.07566818013117,72.31359672505046,6239500,72.08416748046875
2021-11-16,72.03319549560547,72.18615052315596,72.00770407152508,72.08418482683442,5580700,72.03319549560547
2021-11-17,72.18611145019531,72.20311004576001,71.98217368487165,71.99917228043635,6589200,72.18611145019531
2021-11-18,72.2710952758789,72.29658668750655,72.1436317346757,72.16062384807245,5320700,72.2710952758789
2021-11-19,72.42407989501953,72.50905346294016,72.39008917123775,72.44107201537659,5498200,72.42407989501953
2021-11-22,72.06718444824219,72.27962162110748,72.01620160133628,72.23713807637523,7497100,72.06718444824219
2021-11-23,71.77825164794922,71.98218945796073,71.77825164794922,71.96519734173731,5779500,71.77825164794922
2021-11-24,71.94820404052734,71.96520264106859,71.74426621549837,71.78675623378493,4757400,71.94820404052734
2021-11-26,72.45804595947266,72.5005359743081,72.26260745058815,72.30509098235754,4402500,72.45804595947266
2021-11-29,72.44953155517578,72.47502296325496,72.20310380530361,72.22009591633503,6133000,72.44953155517578
2021-11-30,72.58547973632812,72.82340816241698,72.43252482197624,72.64496184285034,11234800,72.58547973632812
2021-12-01,72.63232421875,72.64934972689966,72.39401905128521,72.4791336053759,7737300,72.63232421875
2021-12-02,72.64085388183594,72.72596196240889,72.50468225158528,72.70043018757003,8831600,72.64085388183594
2021-12-03,72.92168426513672,73.04934957641672,72.5557138359087,72.56422658821471,7440900,72.92168426513672
2021-12-06,72.72592163085938,72.94720771229488,72.69188361217088,72.93018870295064,6865000,72.72592163085938
2021-12-07,72.56421661376953,72.72591992539134,72.55570386263368,72.6152801339315,5351200,72.56421661376953
2021-12-08,72.34294891357422,72.51316501956899,72.3003916404114,72.49614600630079,9064200,72.34294891357422
2021-12-09,72.37699890136719,72.4961514832309,72.31742261043534,72.41104342380378,8096700,72.37699890136719
2021-12-10,72.40250396728516,72.57272002336245,72.38548495900795,72.47910573784836,6869100,72.40250396728516
2021-12-13,72.64936065673828,72.70893695756752,72.53872081043535,72.55573982781665,4955300,72.64936065673828
2021-12-14,72.5301742553711,72.59826327982579,72.41102170923877,72.55570601620991,5165800,72.5301742553711
2021-12-15,72.43656158447266,72.5216696279115,72.31740902499278,72.37698530473271,6036000,72.43656158447266
2021-12-16,72.5301742553711,72.61528228927608,72.47059798230492,72.47059798230492,6067700,72.5301742553711
2021-12-17,72.65787506103516,72.75149589208148,72.6153177766214,72.63233679438893,4884200,72.65787506103516
2021-12-20,72.53871154785156,72.70892767324857,72.51317328504595,72.66637039523484,7129100,72.53871154785156
2021-12-21,72.46208953857422,72.50464680472,72.30037971921284,72.50464680472,6237800,72.46208953857422
2021-12-22,72.53871154785156,72.53871154785156,72.4195524680789,72.53019879358303,5110000,72.53871154785156
2021-12-23,72.42855834960938,72.5139378752656,72.3517122166906,72.5139378752656,4631200,72.42855834960938
2021-12-27,72.46271514892578,72.5139415641174,72.41148221969358,72.43709542728939,5311700,72.46271514892578
2021-12-28,72.45416259765625,72.59076851900817,72.41146958308659,72.5822351273258,5674800,72.45416259765625
2021-12-29,72.21510314941406,72.33463578296154,72.16387022500801,72.29194276496317,7757900,72.21510314941406
2021-12-30,72.37733459472656,72.39441441044633,72.19803561391545,72.30903487397072,6352100,72.37733459472656
2021-12-31,72.36022186279297,72.49683425794451,72.3431485704178,72.3858350583745,7162600,72.36022186279297
2022-01-03,71.87357330322266,72.0955652553444,71.86503339743811,72.0955652553444,7244300,71.87357330322266
2022-01-04,71.86504364013672,71.87358354713844,71.71989779130972,71.80527731920557,7384500,71.86504364013672
2022-01-05,71.617431640625,71.8991899185305,71.60035834228519,71.8991899185305,7076500,71.617431640625
2022-01-06,71.54060363769531,71.56621684638182,71.44668419648418,71.50645052143301,6011000,71.54060363769531
2022-01-07,71.3442153930664,71.48082784001156,71.24176257189754,71.47228793356749,6345100,71.3442153930664
2022-01-10,71.2844467163086,71.31005992075293,71.13076097560275,71.19052729065282,5912300,71.2844467163086
2022-01-11,71.42961883544922,71.44669213845779,71.21616672061324,71.26739314368058,6755600,71.42961883544922
2022-01-12,71.40400695800781,71.5406194532581,71.3954735625864,71.4893930245604,6672700,71.40400695800781
2022-01-13,71.52349853515625,71.5405783442692,71.35273952825804,71.42104573663275,5746300,71.52349853515625
2022-01-14,71.13076782226562,71.37837301246037,71.12223442932266,71.36983310547699,6843000,71.13076782226562
2022-01-18,70.68678283691406,70.93438800072246,70.68678283691406,70.89169498439561,7453100,70.68678283691406
2022-01-19,70.85755157470703,70.96855082673704,70.814865066576,70.84047827426274,8644100,70.85755157470703
2022-01-20,70.93438720703125,70.98561361481853,70.89169419118208,70.96000041092489,4951300,70.93438720703125
2022-01-21,71.1990966796875,71.27594283888158,71.10517721514056,71.1649435549393,5204500,71.1990966796875
2022-01-24,71.08808898925781,71.29300118069597,71.07954908135257,71.25030815521083,10332200,71.08808898925781
2022-01-25,70.9941635131836,71.20761559439339,70.98562360600384,71.12223606471758,5872700,70.9941635131836
2022-01-26,70.6014404296875,71.08811110704765,70.6014404296875,71.05395797884164,7382500,70.6014404296875
2022-01-27,70.8319320678711,70.94292479598981,70.77216575057024,70.78070565705323,6295600,70.8319320678711
2022-01-28,70.91731262207031,70.93439243528472,70.66970744278252,70.67824734938972,5992500,70.91731262207031
2022-01-31,70.8661117553711,70.93441800477056,70.75511898562881,70.780732200643,8033400,70.8661117553711
2022-02-01,70.83786010742188,70.90627925979794,70.71812985316849,70.88917120929918,5013300,70.83786010742188
2022-02-02,70.94046783447266,71.10296165700362,70.90626479007388,70.94046783447266,7248800,70.94046783447266
2022-02-03,70.64118194580078,70.70960112265224,70.56421526545175,70.64973597411017,6156500,70.64118194580078
2022-02-04,70.20500183105469,70.31618459927324,70.13658919462443,70.29907654655793,7746000,70.20500183105469
2022-02-07,70.2648696899414,70.31618079569114,70.14513290184206,70.20499803348675,6252200,70.2648696899414
2022-02-08,70.03398895263672,70.13661773626173,70.03398895263672,70.11096217155873,6727000,70.03398895263672
2022-02-09,70.08525085449219,70.24774468322695,70.07670335547024,70.15366999551824,5862000,70.08525085449219
2022-02-10,69.44385528564453,69.8629177466708,69.44385528564453,69.81160011431052,8869700,69.44385528564453
2022-02-11,69.89714050292969,69.9484516201524,69.401111287072,69.657673397997,11100900,69.89714050292969
2022-02-14,69.50371551513672,69.66620937732648,69.42674885924247,69.59779022221397,6301600,69.50371551513672
2022-02-15,69.35833740234375,69.51227725602809,69.34123587407237,69.4182025385093,6731200,69.35833740234375
2022-02-16,69.45240020751953,69.49516380807897,69.23859525434106,69.47805575793146,7142400,69.45240020751953
2022-02-17,69.60633850097656,69.69185917540158,69.4866082518197,69.52937185143682,6833600,69.60633850097656
2022-02-18,69.7260971069336,69.74320516366178,69.62347486581199,69.7004415466532,4744400,69.7260971069336
2022-02-22,69.68331146240234,69.68331146240234,69.52937163898402,69.60633828828858,7058800,69.68331146240234
2022-02-23,69.33265686035156,69.54646177314713,69.33265686035156,69.52936025103905,7938900,69.33265686035156
2022-02-24,69.48662567138672,69.68332914420404,69.40110497552257,69.60635595055871,8883500,69.48662567138672
2022-02-25,69.54649353027344,69.55504755763758,69.3925536617745,69.44386477633711,5923200,69.54649353027344
2022-02-28,70.05962371826172,70.08527927534819,69.82016315237333,69.83727120697168,6494400,70.05962371826172
2022-03-01,70.42707824707031,70.65834891631589,70.2643281058713,70.27289562253979,9319000,70.42707824707031
2022-03-02,69.56194305419922,70.161545062772,69.56194305419922,70.11871401390947,6491500,69.56194305419922
2022-03-03,69.87030029296875,69.92169231762823,69.68185415575095,69.7846447401697,10349100,69.87030029296875
2022-03-04,70.11871337890625,70.25576097084428,70.04161879867198,70.14440939395085,8042600,70.11871337890625
2022-03-07,69.77609252929688,70.00736976119327,69.70756545798675,69.83605208291794,6425400,69.77609252929688
2022-03-08,69.45059204101562,69.49341655512585,69.35636896083233,69.42489602552938,8565900,69.45059204101562
2022-03-09,69.26213836669922,69.38205744935925,69.2021788253692,69.29640189533063,5761500,69.26213836669922
2022-03-10,68.89385223388672,69.0480349316336,68.77393308398398,69.02233890452638,8261200,68.89385223388672
2022-03-11,68.84243774414062,68.94522181907253,68.80817420746286,68.8681337628736,7883400,68.84243774414062
2022-03-14,68.20856475830078,68.47410550512531,68.19143625936083,68.46553798810498,15449700,68.20856475830078
2022-03-15,68.3199234008789,68.5340655823328,68.2342678353175,68.47410603292974,6265000,68.3199234008789
2022-03-16,68.4227294921875,68.4227294921875,67.97731648682019,68.32850637920738,8156400,68.4227294921875
2022-03-17,68.4826431274414,68.6625282480055,68.43125111305079,68.54260265592994,6774600,68.4826431274414
2022-03-18,68.67967224121094,68.7225032862685,68.55975315716968,68.58544917016424,8895700,68.67967224121094
2022-03-21,67.9773178100586,68.37990629424624,67.94305426511677,68.35421026931562,6831300,67.9773178100586
2022-03-22,67.80598449707031,67.88307254671028,67.71176141299867,67.79741697985448,6488400,67.80598449707031
2022-03-23,68.11432647705078,68.11432647705078,67.78883278901814,67.95158290058409,8919400,68.11432647705078
2022-03-24,68.0286865234375,68.04582155758192,67.76315231010568,67.78028080914936,18907400,68.0286865234375
2022-03-25,67.42909240722656,67.7545861765086,67.33486932281056,67.7545861765086,21372500,67.42909240722656
2022-03-28,67.62611389160156,67.70320849296441,67.46337024001737,67.50619476512804,7494000,67.62611389160156
2022-03-29,67.92591094970703,67.95160696903491,67.6603701680819,67.73746476116712,7308100,67.92591094970703
2022-03-30,68.08011627197266,68.10581229985752,67.73748731826582,67.74604830415828,7071800,68.08011627197266
2022-03-31,68.13148498535156,68.24283657973726,68.04582941004708,68.11434994922976,8244200,68.13148498535156
2022-04-01,67.98379516601562,68.09543120906373,67.64031123990242,67.69183808723653,6326900,67.98379516601562
2022-04-04,68.03532409667969,68.04390644532236,67.80346965510391,68.01814629657198,9091700,68.03532409667969
2022-04-05,67.34837341308594,67.85500727158394,67.30543545326857,67.8378360185047,6956300,67.34837341308594
2022-04-06,67.14225006103516,67.3225776042248,66.89322443908486,66.9876826595284,8649400,67.14225006103516
2022-04-07,67.00484466552734,67.14224080410577,66.901804113002,67.06495383830328,9157600,67.00484466552734
2022-04-08,66.64421081542969,66.82453839108462,66.55834147722408,66.68714876023776,8989600,66.64421081542969
2022-04-11,66.33505249023438,66.49820876109465,66.27494331961347,66.46385972768152,7858300,66.33505249023438
2022-04-12,66.54977416992188,66.76445086079259,66.51542511321304,66.65282134004839,8168200,66.54977416992188
2022-04-13,66.62699127197266,66.85025665254933,66.60982003565435,66.62699127197266,7790300,66.62699127197266
2022-04-14,66.1718978881836,66.63560002384264,66.12896650889067,66.60125098956325,7046100,66.1718978881836
2022-04-18,65.95722961425781,66.18908398688622,65.93146947316782,66.18049508938647,7187800,65.95722961425781
2022-04-19,65.5450668334961,65.81985264354199,65.51930668746218,65.71680550799584,11568000,65.5450668334961
2022-04-20,65.95722961425781,66.04310548643677,65.74255303662889,65.78549097271838,7366100,65.95722961425781
2022-04-21,65.60519409179688,65.85421982438834,65.40768866546149,65.84563092287489,7869900,65.60519409179688
2022-04-22,65.51930236816406,65.6652808870064,65.34755715357596,65.4162552394112,8625100,65.51930236816406
2022-04-25,65.93147277832031,66.13756046878069,65.83701455531565,65.83701455531565,6091600,65.93147277832031
2022-04-26,66.10322570800781,66.25779313177597,66.03452761935301,66.22344408744857,8837100,66.10322570800781
2022-04-27,65.8971176147461,66.18049225742847,65.82842609191526,66.11179418318869,10802000,65.8971176147461
2022-04-28,65.87136840820312,65.87136840820312,65.63952055842255,65.72538988977054,7644000,65.87136840820312
2022-04-29,65.42481994628906,65.7081879806127,65.39905981147851,65.5021003507207,7120400,65.42481994628906
2022-05-02,65.09017944335938,65.24502685279664,65.02135399679447,65.22782377293333,10166700,65.09017944335938
2022-05-03,65.24504089355469,65.51173791549803,65.19342507930118,65.4515172776832,7769000,65.24504089355469
2022-05-04,65.66656494140625,65.66656494140625,65.07295706715755,65.19339829330156,12238000,65.66656494140625
2022-05-05,65.01274871826172,65.27084085928865,64.74605831914147,65.27084085928865,10540000,65.01274871826172
2022-05-06,64.7374496459961,64.96972730825655,64.66862420400952,64.74605446713326,8803000,64.7374496459961
2022-05-09,65.02996826171875,65.05578273320157,64.64283651572353,64.6772492474765,7420300,65.02996826171875
2022-05-10,65.21922302246094,65.40848973055127,65.1590023938464,65.28804847332219,24792700,65.21922302246094
2022-05-11,65.44292449951172,65.46012758624352,64.92674657129751,64.96975756990626,9843600,65.44292449951172
2022-05-12,65.57194519042969,65.71819434338205,65.52032938669495,65.58055001223745,6079800,65.57194519042969
2022-05-13,65.33106994628906,65.46871429272542,65.2880523960271,65.43430156522717,5024800,65.33106994628906
2022-05-16,65.43428802490234,65.58914198482219,65.40848012550825,65.41708494649139,6104400,65.43428802490234
2022-05-17,65.04715728759766,65.23642397045734,65.0299476453984,65.10737790818435,5881200,65.04715728759766
2022-05-18,65.32247161865234,65.35688434957231,64.9869556966293,64.9869556966293,4963300,65.32247161865234
2022-05-19,65.4601058959961,65.70099497533187,65.41709491163907,65.67518050845011,5461400,65.4601058959961
2022-05-20,65.6579818725586,65.70099942338426,65.48592479636939,65.48592479636939,6960100,65.6579818725586
2022-05-23,65.42572784423828,65.70102320391841,65.38271027784238,65.6321977231086,7332900,65.42572784423828
2022-05-24,65.95909118652344,66.05372455631645,65.65798799334443,65.65798799334443,6587100,65.95909118652344
2022-05-25,66.22575378417969,66.24295685903648,66.0622950370474,66.17413143250143,5737200,66.22575378417969
2022-05-26,66.15697479248047,66.32903191602914,66.07954449239259,66.24300335425481,5328400,66.15697479248047
2022-05-27,66.3462142944336,66.43224282084529,66.24297612460606,66.33760947272567,6355300,66.3462142944336
2022-05-31,65.96769714355469,66.01931295939863,65.77843040071697,65.95909231972821,9067000,65.96769714355469
2022-06-01,65.67288208007812,66.06076232120336,65.56082281947702,65.99180378794847,7294600,65.67288208007812
2022-06-02,65.73323059082031,65.79356767385563,65.55221934171435,65.76770986344746,5276600,65.73323059082031
2022-06-03,65.63844299316406,65.67292228089754,65.50052584223013,65.50052584223013,5549600,65.63844299316406
2022-06-06,65.25052642822266,65.58669111127601,65.22466861817989,65.5349754911905,6698000,65.25052642822266
2022-06-07,65.47465515136719,65.60395081089159,65.35398095614453,65.37983877279932,6989800,65.47465515136719
2022-06-08,65.20742797851562,65.4487762913617,65.20742797851562,65.33672359646839,3778300,65.20742797851562
2022-06-09,65.12126159667969,65.25055069497625,65.08678231171687,65.16435577069481,4828500,65.12126159667969
2022-06-10,64.56961059570312,65.00920671240978,64.44031491233285,64.87129613939935,14690800,64.56961059570312
2022-06-13,63.526588439941406,64.00067010827944,63.242146015185895,63.96619084365055,11255300,63.526588439941406
2022-06-14,63.18180847167969,63.79380061769016,63.095607022631164,63.70760574488889,9530100,63.18180847167969
2022-06-15,63.905860900878906,63.948961630533084,63.35420575779523,63.65589113663036,9098600,63.905860900878906
2022-06-16,64.04381561279297,64.06105196903547,63.27666952308908,63.34562152431103,8477600,64.04381561279297
2022-06-17,64.07827758789062,64.20757325492548,63.81969283007174,64.12137833565251,4913600,64.07827758789062
2022-06-21,63.785194396972656,64.0265427289776,63.73347877618555,63.880010752581576,7069900,63.785194396972656
2022-06-22,64.31100463867188,64.43167882877292,64.25066754362136,64.33686245422922,8407600,64.31100463867188
2022-06-23,64.62132263183594,64.93162962410476,64.5437425956431,64.5609855264643,8542600,64.62132263183594
2022-06-24,64.50064849853516,64.75923327490213,64.45754774768169,64.52650631854672,6979000,64.50064849853516
2022-06-27,64.1903305053711,64.41444253414996,64.12137194632372,64.250667600475,6238900,64.1903305053711
2022-06-28,64.22481536865234,64.22481536865234,64.05241895604564,64.15585680360967,5578800,64.22481536865234
2022-06-29,64.595458984375,64.595458984375,64.2248149201722,64.2248149201722,3896400,64.595458984375
2022-06-30,64.87129974365234,65.03506814718548,64.79371969881917,64.79371969881917,4387100,64.87129974365234
2022-07-01,65.38861846923828,65.68227043019037,65.2331572168038,65.30225257106261,5801800,65.38861846923828
2022-07-05,65.50091552734375,65.61319716313531,65.38000191133582,65.509554096858,6253900,65.50091552734375
2022-07-06,65.10359191894531,65.68225715730821,65.08632137851842,65.664980027587,5312000,65.10359191894531
2022-07-07,64.9222412109375,65.17270695322665,64.86178441723297,65.16406838575563,7536700,64.9222412109375
2022-07-08,64.70631408691406,64.80995711416188,64.63721873541553,64.78404800467376,4187100,64.70631408691406
2022-07-11,64.94813537597656,65.11223517367618,64.90495572715204,64.93950339978853,4128600,64.94813537597656
2022-07-12,65.06043243408203,65.31089817829911,65.06043243408203,65.18998458995932,6013700,65.06043243408203
2022-07-13,65.2677001953125,65.31951841262838,64.64585523034118,64.66313236230992,6382700,65.2677001953125
2022-07-14,65.06043243408203,65.14679834156811,64.73223276062004,64.86178491649733,5598000,65.06043243408203
2022-07-15,65.29363250732422,65.37999842997421,65.08635297510472,65.08635297510472,5276400,65.29363250732422
2022-07-18,65.09495544433594,65.18132131908986,64.96540333755812,65.16404419056275,3438000,65.09495544433594
2022-07-19,65.04315948486328,65.14680253409435,64.93088445683556,65.10361628292387,3493400,65.04315948486328
2022-07-20,64.98269653320312,65.25907138235092,64.94814885339763,65.25043940437168,3966900,64.98269653320312
2022-07-21,65.51817321777344,65.55272089627731,65.1467939104767,65.1467939104767,6832900,65.51817321777344
2022-07-22,66.05366516113281,66.20048788127723,65.88092673511244,65.9586606741459,6617000,66.05366516113281
2022-07-25,65.81182861328125,65.87228541253654,65.71682413026623,65.76001038229012,4256200,65.81182861328125
2022-07-26,65.82906341552734,66.13134721740686,65.80315431669378,66.07952901973971,6964100,65.82906341552734
2022-07-27,66.01048278808594,66.2350394604656,65.93274884448246,65.94138741361564,5919600,66.01048278808594
2022-07-28,66.46819305419922,66.56319749666162,66.33864094272374,66.46819305419922,5140200,66.46819305419922
2022-07-29,66.41639709472656,66.64958570206498,66.2868449398513,66.3300311879085,6601700,66.41639709472656
2022-08-01,66.70453643798828,66.75645793822616,66.47953226624276,66.54876533484581,5370800,66.70453643798828
2022-08-02,66.02953338623047,66.79107736657522,65.97760528131373,66.71318851041467,10808300,66.02953338623047
2022-08-03,66.35840606689453,66.36706185477763,65.7439771758271,65.96898144376627,5747700,66.35840606689453
2022-08-04,66.52284240722656,66.53149159389794,66.32379887243097,66.39303198039748,9869900,66.52284240722656
2022-08-05,65.7699203491211,65.85645839751554,65.6487657608829,65.81319267453325,8946400,65.7699203491211
2022-08-08,66.06416320800781,66.15935705951235,65.9949367179936,66.02955326421625,8534700,66.06416320800781
2022-08-09,65.91708374023438,65.99497266226545,65.84785061008111,65.90843455079123,6888800,65.91708374023438
2022-08-10,66.09878540039062,66.40167855510425,66.03820808993423,66.20263504792945,4305000,66.09878540039062
2022-08-11,65.7266616821289,66.3497463239377,65.70070092245875,66.2632082575601,5179500,65.7266616821289
2022-08-12,66.02953338623047,66.02953338623047,65.77856845349173,65.95164453006991,4376800,66.02953338623047
2022-08-15,66.09878540039062,66.23725159710905,66.08148042701666,66.17667428665266,3922300,66.09878540039062
2022-08-16,66.01225280761719,66.02090859623843,65.79590430911166,66.00359701899595,4104000,66.01225280761719
2022-08-17,65.62283325195312,65.77860444708203,65.51898358772294,65.70937133759524,4131100,65.62283325195312
2022-08-18,65.74398040771484,65.9084073734186,65.71801964522099,65.80455772101118,4026800,65.74398040771484
2022-08-19,65.32858276367188,65.38916007174133,65.21608393509473,65.36319931148748,5115800,65.32858276367188
2022-08-22,65.03435516357422,65.21608709659245,64.98242703811779,65.19012633508008,4158600,65.03435516357422
2022-08-23,65.00837707519531,65.29395197814787,64.91318324006781,65.00837707519531,6294800,65.00837707519531
2022-08-24,64.84394073486328,64.91317380533522,64.76605187997511,64.87855727009925,3808600,64.84394073486328
2022-08-25,65.19878387451172,65.25071200662168,64.83531996190486,64.88724809401482,3688400,65.19878387451172
2022-08-26,65.06898498535156,65.22475618863047,64.9478303386272,65.1036015419061,4276600,65.06898498535156
2022-08-29,64.77474212646484,64.86993599840245,64.7228205972016,64.86128020938108,3263800,64.77474212646484
2022-08-30,64.82666015625,64.97377553452593,64.64492162728388,64.84396512916362,6878700,64.82666015625
2022-08-31,64.55838012695312,64.85261747029948,64.48049784933362,64.77472859024883,5155600,64.55838012695312
2022-09-01,64.20805358886719,64.26875785819324,63.95656258272519,64.19070573119167,6160700,64.20805358886719
2022-09-02,64.37283325195312,64.58963518628154,64.32947021857946,64.3901744955406,3600600,64.37283325195312
2022-09-06,63.79176712036133,64.12997743938315,63.77442588545081,64.12131013006122,6869800,63.79176712036133
2022-09-07,64.25138854980469,64.25138854980469,63.982556392007545,63.99990424389138,4208300,64.25138854980469
2022-09-08,64.05193328857422,64.27740904469528,64.03458543703663,64.13865269746177,3580300,64.05193328857422
2022-09-09,64.02587890625,64.25134790798536,63.99118984069162,64.1299394866624,3831700,64.02587890625
2022-09-12,63.947898864746094,64.23407901566571,63.86985334155175,64.17337473664672,4008200,63.947898864746094
2022-09-13,63.62703323364258,63.67906357999227,63.49695075149849,63.54898109784817,9481200,63.62703323364258
2022-09-14,63.70505905151367,63.79177847403395,63.54896144447004,63.566309298734794,4332200,63.70505905151367
2022-09-15,63.51426696777344,63.644349398660005,63.47091056832276,63.5749712200182,4967200,63.51426696777344
2022-09-16,63.44490432739258,63.5749801603039,63.32348918956168,63.37552613899441,5050000,63.44490432739258
2022-09-19,63.40153503417969,63.46223928895644,63.22809619660825,63.29746776187629,6374900,63.40153503417969
2022-09-20,63.08933639526367,63.20207097191448,62.976601818612856,63.05464730638638,4750500,63.08933639526367
2022-09-21,63.26277542114258,63.29746451012831,62.82050442317572,63.150040844139355,6360300,63.26277542114258
2022-09-22,62.61238479614258,62.86387578896421,62.534339289543865,62.85520847685465,5216100,62.61238479614258
2022-09-23,62.438961029052734,62.655762977070275,62.22215908103519,62.655762977070275,6885400,62.438961029052734
2022-09-26,61.64109802246094,62.27415566227593,61.623750170915244,62.239466575451345,8658900,61.64109802246094
2022-09-27,61.372257232666016,61.75383055890456,61.2855378265936,61.67578507831936,9946100,61.372257232666016
2022-09-28,62.326210021972656,62.35222519029611,61.82322804682361,61.94463657651219,11649700,62.326210021972656
2022-09-29,62.00532913208008,62.1267376388415,61.805868518819224,61.953298805258726,6100300,62.00532913208008
2022-09-30,61.857913970947266,62.32620682555898,61.788535781463686,62.17877651883929,8919100,61.857913970947266
2022-10-03,62.37589645385742,62.73223402066303,62.210770394568996,62.315059141325946,6762600,62.37589645385742
2022-10-04,62.53232192993164,62.784364061674545,62.47148463128806,62.6018521657438,6124400,62.53232192993164
2022-10-05,62.20207214355469,62.262909450890845,61.950029975799396,62.210765081965334,7252400,62.20207214355469
2022-10-06,61.9673957824707,62.22812417342211,61.91524479966679,62.16728688579008,7108400,61.9673957824707
2022-10-07,61.645851135253906,61.810983831826164,61.59370675981847,61.71538138968118,5023200,61.645851135253906
2022-10-10,61.36775207519531,61.645866531594734,61.237384473276784,61.645866531594734,4950700,61.36775207519531
2022-10-11,61.38509750366211,61.66321180681644,61.29818802719539,61.463320674019776,9225500,61.38509750366211
2022-10-12,61.45463180541992,61.55023422509258,61.28081284097971,61.31557796002145,5442000,61.45463180541992
2022-10-13,61.23735427856445,61.445938360323154,60.6550534586552,60.72458369616424,6668900,61.23735427856445
2022-10-14,60.94186782836914,61.55893383905615,60.91578901318306,61.550240900660796,6544400,60.94186782836914
2022-10-17,61.07223892211914,61.42857651721647,61.07223892211914,61.315594822336244,19605200,61.07223892211914
2022-10-18,61.21128463745117,61.306887060301484,60.95924248909751,61.23735681990695,7008000,61.21128463745117
2022-10-19,60.707191467285156,60.91577552721172,60.64635417352459,60.8288660548063,6483600,60.707191467285156
2022-10-20,60.29874038696289,60.707222409313175,60.263975254127644,60.58554775977536,6260900,60.29874038696289
2022-10-21,60.40302276611328,60.47255301679713,60.04668520443584,60.090143268805654,6984400,60.40302276611328
2022-10-24,60.31610107421875,60.568143208915835,60.168354294462354,60.38563131084587,7259400,60.31610107421875
2022-10-25,60.88969802856445,61.02006554116609,60.759337146729955,60.78540932309685,7780900,60.88969802856445
2022-10-26,61.13306427001953,61.24605257354766,60.98531747546474,61.02877553540156,7001000,61.13306427001953
2022-10-27,61.45463180541992,61.58499934413432,61.16782454640197,61.3068850225689,5493300,61.45463180541992
2022-10-28,61.33297348022461,61.45464811377551,61.167840778646855,61.18522665816568,4828800,61.33297348022461
2022-10-31,61.14173889160156,61.18519693851942,60.8896968071654,61.15043182713853,6785000,61.14173889160156
2022-11-01,61.205360412597656,61.51025341147495,61.06597695815722,61.4841206753096,7019000,61.205360412597656
2022-11-02,61.10953140258789,61.61478641808949,60.97886108531425,61.28375406150713,10223800,61.10953140258789
2022-11-03,60.87434005737305,60.9614580566933,60.60429286875687,60.63913873925093,6408200,60.87434005737305
2022-11-04,60.891754150390625,61.06597682188346,60.752370696261245,60.91788688649766,8780400,60.891754150390625
2022-11-07,60.65654754638672,60.91788820545325,60.65654754638672,60.90046859639437,6246100,60.65654754638672
2022-11-08,60.92659378051758,61.03983784078502,60.78721034064853,60.80463659371627,6358100,60.92659378051758
2022-11-09,61.013729095458984,61.10084045654166,60.79594736966687,60.85692598704183,7269400,61.013729095458984
2022-11-10,62.276824951171875,62.276824951171875,61.754150436409496,61.76286356140286,7014100,62.276824951171875
2022-11-11,62.276824951171875,62.311670804978306,62.067756474500335,62.1374481821132,4525300,62.276824951171875
2022-11-14,62.07649230957031,62.18973639124517,62.032933314834885,62.10262504794378,6914500,62.07649230957031
2022-11-15,62.51202392578125,62.5207304033712,62.32037508014456,62.424912626718964,11948800,62.51202392578125
2022-11-16,62.869171142578125,62.9214432297167,62.63397001203178,62.69494857522268,8856700,62.869171142578125
2022-11-17,62.607872009277344,62.63400474425547,62.424936218261884,62.54689341227219,6260600,62.607872009277344
2022-11-18,62.503326416015625,62.75595389872153,62.485906810318006,62.66012945196523,8564600,62.503326416015625
2022-11-21,62.503326416015625,62.75595389872153,62.47719368438531,62.71239491522584,6834600,62.503326416015625
2022-11-22,62.82563400268555,62.886612580609054,62.660117871393226,62.668830995715595,9534200,62.82563400268555
2022-11-23,63.20896911621094,63.20896911621094,62.92150227493352,62.92150227493352,4855000,63.20896911621094
2022-11-25,63.20896911621094,63.20896911621094,63.069592260769035,63.069592260769035,2536400,63.20896911621094
2022-11-28,63.13054275512695,63.30476540835207,63.06085103536962,63.252499941618176,5852100,63.13054275512695
2022-11-29,62.895355224609375,63.05215832174364,62.86051599961986,62.895355224609375,5437600,62.895355224609375
2022-11-30,63.383182525634766,63.391889007663856,62.72983748030037,62.85179469040256,5479900,63.383182525634766
2022-12-01,63.9113883972168,63.9113883972168,63.43991678409193,63.50103396810985,7462500,63.9113883972168
2022-12-02,64.17332458496094,64.18205751468693,63.55341979988762,63.69311336913545,6828300,64.17332458496094
2022-12-05,63.66693115234375,63.885207800557716,63.58835475639856,63.876481530746915,7552900,63.66693115234375
2022-12-06,63.87650680541992,63.94635029791534,63.73680649787449,63.8066566516472,7584100,63.87650680541992
2022-12-07,64.43525695800781,64.46144908500631,64.12093811147912,64.15586316790157,7472500,64.43525695800781
2022-12-08,64.25189971923828,64.38286701748697,64.14713120965814,64.24317345095561,5378100,64.25189971923828
2022-12-09,63.87650680541992,64.13843489015166,63.87650680541992,64.10350981326529,12079600,63.87650680541992
2022-12-12,63.87650680541992,64.18209290157893,63.78046450930176,64.13843489015166,7533500,63.87650680541992
2022-12-13,64.31301879882812,64.74083905754752,64.26936081555608,64.74083905754752,12563900,64.31301879882812
2022-12-14,64.47017669677734,64.5225676131396,64.11220651821519,64.35667525699394,9833900,64.47017669677734
2022-12-15,64.50513458251953,64.57498473236902,64.35670801004707,64.50513458251953,7800400,64.50513458251953
2022-12-16,64.3392105102539,64.46144486910143,64.09474179255885,64.138393114277,6541900,64.3392105102539
2022-12-19,63.955055236816406,64.09475548320955,63.86774591345788,64.07728962177322,6300000,63.955055236816406
2022-12-20,63.53594207763672,63.64945015906071,63.46609863669009,63.56214086192314,6130500,63.53594207763672
2022-12-21,63.68439483642578,63.82408842264219,63.58835258159443,63.77170416047034,8169000,63.68439483642578
2022-12-22,63.67566680908203,63.797901204412156,63.614549611416976,63.69312601072564,6833800,63.67566680908203
2022-12-23,63.47612762451172,63.55489645686052,63.40611236842886,63.44987357273623,4693400,63.47612762451172
2022-12-27,62.98602294921875,63.213569152382455,62.97726937451446,63.12604675938178,6959600,62.98602294921875
2022-12-28,62.89849853515625,63.16979922028163,62.889744961662466,63.11729113335935,7868200,62.89849853515625
2022-12-29,63.13481903076172,63.16107308562831,62.96853444724247,62.9860416018356,7391000,63.13481903076172
2022-12-30,62.872249603271484,63.08229534438476,62.837248656774065,62.99477962409829,7051900,62.872249603271484
2023-01-03,63.204830169677734,63.432376425374684,63.07355322689016,63.40611569519903,8634800,63.204830169677734
2023-01-04,63.56364059448242,63.67741704992945,63.4411172401718,63.62490227163773,5257100,63.56364059448242
2023-01-05,63.49363327026367,63.52863422045216,63.204825353542375,63.30984155815218,5632400,63.49363327026367
2023-01-06,64.19377899169922,64.22878662611292,63.51114681319079,63.58116208201821,5627200,64.19377899169922
2023-01-09,64.36878967285156,64.45630538299746,64.12373633661412,64.1587439560766,7398200,64.36878967285156
2023-01-10,64.11500549316406,64.22002170082568,63.9662214039395,64.1587600206823,4827900,64.11500549316406
2023-01-11,64.45632934570312,64.49133697818029,64.28129118331734,64.2987983380675,8453200,64.45632934570312
2023-01-12,64.95516967773438,64.95516967773438,64.42131502269221,64.65760817109363,5927600,64.95516967773438
2023-01-13,64.73634338378906,64.95513594264897,64.67508173438905,64.81510550000951,6331600,64.73634338378906
2023-01-17,64.64884185791016,64.76261160971336,64.53506542908649,64.55257257676111,6815100,64.64884185791016
2023-01-18,65.24395751953125,65.34022679994854,65.00765776686319,65.2877120343443,5112800,65.24395751953125
2023-01-19,65.1126937866211,65.17395546136261,64.99017043713808,65.07768616147997,4765200,65.1126937866211
2023-01-20,64.8238754272461,64.92889828572336,64.70135209753296,64.87638351797438,4714300,64.8238754272461
2023-01-23,64.6663589477539,64.81513635612154,64.6313513204282,64.65760537166693,6116700,64.6663589477539
2023-01-24,64.95516967773438,64.98142373010981,64.57009243750134,64.71886985231048,3907700,64.95516967773438
2023-01-25,65.03392791748047,65.07768912015186,64.83264241004508,64.94641218915977,4414400,65.03392791748047
2023-01-26,64.9113998413086,65.06893081163717,64.8063836457706,64.99016866498367,3866800,64.9113998413086
2023-01-27,64.84137725830078,64.87638487852736,64.71885392601816,64.76261512055659,4474100,64.84137725830078
2023-01-30,64.65760040283203,64.84138542440179,64.64009992902515,64.7276156521029,6258700,64.65760040283203
2023-01-31,64.95516967773438,64.95516967773438,64.64010769518416,64.86765394414209,5502300,64.95516967773438
2023-02-01,65.37273406982422,65.42537367494869,64.84638486883203,65.05692990354348,7473900,65.37273406982422
2023-02-02,65.41659545898438,65.67099900801783,65.39905338689954,65.61836609887051,4273500,65.41659545898438
2023-02-03,64.8376235961914,65.00429673238501,64.73235106841607,64.93411504720146,5332900,64.8376235961914
2023-02-06,64.43406677246094,64.53933927494442,64.41652470182649,64.48670637014881,5282300,64.43406677246094
2023-02-07,64.3463363647461,64.6533727657201,64.32001991507569,64.38142719527049,4674500,64.3463363647461
2023-02-08,64.46041870117188,64.55691017208592,64.2498736021905,64.38146261583005,4308200,64.46041870117188
2023-02-09,64.19721221923828,64.64461199014995,64.16212138496165,64.63583760835773,4268100,64.19721221923828
2023-02-10,63.925262451171875,64.16211720097859,63.890171619183505,64.14457513143032,3606100,63.925262451171875
2023-02-13,64.10072326660156,64.10072326660156,63.925275763016245,63.94281783621747,3805800,64.10072326660156
2023-02-14,63.88142776489258,64.10951493536678,63.69720582858863,64.02179115992134,4328000,63.88142776489258
2023-02-15,63.74103927612305,63.85507945804261,63.63576678234919,63.79367217656412,4370800,63.74103927612305
2023-02-16,63.49542236328125,63.653327804513026,63.42524737276223,63.53928758863763,5912000,63.49542236328125
2023-02-17,63.635772705078125,63.6445470869322,63.32873626910909,63.337503958070826,5165700,63.635772705078125
2023-02-21,63.083106994628906,63.29364530846066,63.06555823095574,63.232238021389215,16093200,63.083106994628906
2023-02-22,63.223445892333984,63.38135125660585,63.19712944710375,63.24976233756422,4375600,63.223445892333984
2023-02-23,63.451560974121094,63.46910304773765,63.249790316616995,63.27610677348853,4789200,63.451560974121094
2023-02-24,63.100650787353516,63.18837452943627,62.9866105919352,63.12696724068909,4345900,63.100650787353516
2023-02-27,63.20592498779297,63.319965186268085,63.13574331508858,63.20592498779297,3340500,63.20592498779297
2023-02-28,63.223445892333984,63.24098795819066,62.95150036776761,62.99535887885452,5032400,63.223445892333984
2023-03-01,62.848899841308594,63.15663652306008,62.81372897651463,63.024747457121855,4427800,62.848899841308594
2023-03-02,62.71702194213867,62.73460402358787,62.576338457914126,62.61150932897026,4966600,62.71702194213867
2023-03-03,63.20060729980469,63.20060729980469,62.89287055851806,63.02475964997171,4008600,63.20060729980469
2023-03-06,63.05115509033203,63.332515439583375,63.04236069274796,63.332515439583375,4538700,63.05115509033203
2023-03-07,62.980796813964844,63.17423326114084,62.875290903256555,63.15665117874216,4253100,62.980796813964844
2023-03-08,62.92803955078125,63.2181942016823,62.813739252619165,63.112681590038925,4774500,62.92803955078125
2023-03-09,63.13905715942383,63.2709462450451,62.972003911917255,63.0071747819601,4597800,63.13905715942383
2023-03-10,63.895206451416016,64.03588991475797,63.66660588572045,63.754529696230804,4779500,63.895206451416016
2023-03-13,64.40518188476562,64.90635504544024,64.22053984748105,64.47552362510953,7270500,64.40518188476562
2023-03-14,64.00070190429688,64.3524037602805,63.88640165206806,64.1853438693534,5432500,64.00070190429688
2023-03-15,64.66017150878906,64.9327373920694,64.37001683475363,64.72171886011553,6677200,64.66017150878906
2023-03-16,64.3524169921875,64.9590959426435,64.2556987942013,64.9151373942038,6964800,64.3524169921875
2023-03-17,64.81843566894531,64.99428332370609,64.6162048286282,64.6162048286282,4352700,64.81843566894531
2023-03-20,64.53707885742188,64.923945060274,64.50190798295198,64.87119210264834,6924500,64.53707885742188
2023-03-21,64.36119842529297,64.51067625830623,64.29965109693069,64.36119842529297,3997700,64.36119842529297
2023-03-22,64.9327392578125,64.99428661090744,64.24692397813793,64.36122428869757,5220500,64.9327392578125
2023-03-23,65.08220672607422,65.1613428659104,64.78326437330152,64.88877699036377,5392100,65.08220672607422
2023-03-24,65.21409606933594,65.43390899126965,65.0910013697057,65.27564341915105,4638000,65.21409606933594
2023-03-27,64.53707885742188,64.82723354067976,64.53707885742188,64.71292652161299,5769800,64.53707885742188
2023-03-28,64.42276000976562,64.51069053387475,64.36121266778353,64.41397232388044,3473300,64.42276000976562
2023-03-29,64.49310302734375,64.55465037054886,64.31725539194552,64.32604978616261,4231300,64.49310302734375
2023-03-30,64.58101654052734,64.642563873912,64.46671626657192,64.46671626657192,3455300,64.58101654052734
2023-03-31,64.91515350341797,64.95032437579147,64.59862236021453,64.70412826917702,4549200,64.91515350341797
2023-04-03,65.19104766845703,65.21748968948658,64.80321342715058,64.85610419403703,5346200,65.19104766845703
2023-04-04,65.45545959472656,65.5083436192262,64.97948319975457,65.01474145769603,4126700,65.45545959472656
2023-04-05,65.63175964355469,66.01959384758403,65.56124311103541,65.62294339578311,4345900,65.63175964355469
2023-04-06,65.61412048339844,65.755146794832,65.59648799145343,65.67582075555536,4381700,65.61412048339844
2023-04-10,65.17340850830078,65.27036704871044,65.05881747427523,65.25273455509453,4224300,65.17340850830078
2023-04-11,65.19984436035156,65.2527283865481,65.05881132406039,65.24391214057358,4401600,65.19984436035156
2023-04-12,65.27037048339844,65.45547132715025,65.09407916209221,65.45547132715025,4134800,65.27037048339844
2023-04-13,65.23512268066406,65.48192384524512,65.18223191337715,65.41140730541414,5012700,65.23512268066406
2023-04-14,64.94422149658203,65.04999626479514,64.88252122966391,65.00592176350017,4349600,64.94422149658203
2023-04-17,64.5916748046875,64.76796616458596,64.57404903111154,64.74151741698037,5085500,64.5916748046875
2023-04-18,64.68861389160156,64.77675618259443,64.6004716006087,64.61809736887697,3728400,64.68861389160156
2023-04-19,64.6004867553711,64.62692877638948,64.47708617406714,64.6004867553711,4611000,64.6004867553711
2023-04-20,64.88253784179688,64.88253784179688,64.77676304650183,64.78557929398303,3605400,64.88253784179688
2023-04-21,64.7679443359375,65.0235549531936,64.72386982961031,64.98830341792245,3371600,64.7679443359375
2023-04-24,65.02357482910156,65.05002357587783,64.89136471935802,64.89136471935802,2993000,65.02357482910156
2023-04-25,65.44666290283203,65.48192117130776,65.2791878087791,65.2791878087791,3508100,65.44666290283203
2023-04-26,65.21746826171875,65.47308558906477,65.13814222469333,65.41138531865884,5819900,65.21746826171875
2023-04-27,64.9354248046875,65.07645787143946,64.90016653799951,65.05882537568209,3078100,64.9354248046875
2023-04-28,65.29681396484375,65.31443973495654,65.12933888705334,65.25273945232213,4469100,65.29681396484375
2023-05-01,64.62528228759766,65.0847493805561,64.55459400541856,65.03172979831898,4546500,64.62528228759766
2023-05-02,65.2614974975586,65.27033522275737,64.78436145496252,64.79319918016128,4825100,65.2614974975586
2023-05-03,65.5353775024414,65.54421522375564,65.26146881255576,65.4028386475526,4205600,65.5353775024414
2023-05-04,65.44703674316406,65.72094550097648,65.29682914960291,65.31449785540687,11535800,65.44703674316406
2023-05-05,65.20845031738281,65.26146315826279,65.10241789441724,65.21728129672573,3143200,65.20845031738281
2023-05-08,64.89918518066406,65.04056173244443,64.8726787625065,64.94336703839669,9895900,64.89918518066406
2023-05-09,64.8284912109375,64.94335458132282,64.81965349284518,64.881504037084,3827700,64.8284912109375
2023-05-10,65.22613525390625,65.27914810798264,65.07592767321832,65.1024341002565,5291800,65.22613525390625
2023-05-11,65.43817901611328,65.5972242845624,65.40283487410173,65.54421144214797,4745900,65.43817901611328
2023-05-12,65.09357452392578,65.4381714421468,65.09357452392578,65.39399632564962,2970500,65.09357452392578
2023-05-15,64.92568969726562,64.96986480791273,64.88150784541439,64.96102708930165,3268600,64.92568969726562
2023-05-16,64.76668548583984,64.78435419304768,64.64298431175985,64.7401723132155,3818500,64.76668548583984
2023-05-17,64.65178680419922,64.84617620386437,64.60761168504241,64.83733848355085,4574400,64.65178680419922
2023-05-18,64.38671875,64.51041987510924,64.35137460836796,64.51041987510924,3530000,64.38671875
2023-05-19,64.20997619628906,64.44854738583702,64.15696337247994,64.25415804359896,4166800,64.20997619628906
2023-05-22,64.19232940673828,64.39554979482142,64.1569852650704,64.24534224863723,5294900,64.19232940673828
2023-05-23,64.23649597167969,64.30718424559984,64.04211333020653,64.11279486292185,4561100,64.23649597167969
2023-05-24,64.05979919433594,64.28953277553624,64.05096147242644,64.27185733171726,4245100,64.05979919433594
2023-05-25,63.82120895385742,64.05093570142013,63.79469579879656,64.0244292875632,4012300,63.82120895385742
2023-05-26,63.90074157714844,63.9095792973528,63.67984576047671,63.75937175990531,3783100,63.90074157714844
2023-05-30,64.32487487792969,64.32487487792969,64.07746586077226,64.10397902565823,3533000,64.32487487792969
2023-05-31,64.53694152832031,64.61646080985658,64.28953921970887,64.33371435127101,4898400,64.53694152832031
2023-06-01,64.71143341064453,64.83545203901265,64.64056369200323,64.71143341064453,3984000,64.71143341064453
2023-06-02,64.34823608398438,64.68485713546652,64.34823608398438,64.6760034888417,4595500,64.34823608398438
2023-06-05,64.35711669921875,64.5342843064751,64.15336786821405,64.21537720660487,4674600,64.35711669921875
2023-06-06,64.44567108154297,64.45453148541405,64.25078274742651,64.39252217533226,5001900,64.44567108154297
2023-06-07,64.0824966430664,64.45455942333619,64.03820812152988,64.40140373557718,4326500,64.0824966430664
2023-06-08,64.4013900756836,64.4368249405034,64.1533527804544,64.16221318628669,3567600,64.4013900756836
2023-06-09,64.26850891113281,64.35709268170228,64.17991838205486,64.25964850652332,12690400,64.26850891113281
2023-06-12,64.4013900756836,64.4102504815159,64.1444991331315,64.33938075187629,4632800,64.4013900756836
2023-06-13,64.117919921875,64.59628047414604,64.05591059612743,64.54313155450802,4302500,64.117919921875
2023-06-14,64.17107391357422,64.32166702093069,63.95846472359038,64.22422283181545,5986200,64.17107391357422
2023-06-15,64.56969451904297,64.58741532810723,64.37480617038653,64.4545362941589,5061200,64.56969451904297
2023-06-16,64.42798614501953,64.51656994823453,64.25967218795336,64.38369086415655,3905300,64.42798614501953
2023-06-20,64.51657104492188,64.6228689071824,64.46341535528053,64.47227576330593,4921700,64.51657104492188
2023-06-21,64.62284088134766,64.65827573957068,64.29508027017384,64.39252444066015,3678700,64.62284088134766
2023-06-22,64.31278991699219,64.52539229326688,64.25078060897425,64.42795488795956,3975500,64.31278991699219
2023-06-23,64.49884033203125,64.65829385946623,64.3925424860813,64.64944021131042,4163100,64.49884033203125
2023-06-26,64.57855224609375,64.64942196239566,64.51654293395661,64.58741265025853,6287800,64.57855224609375
2023-06-27,64.45453643798828,64.69371329282227,64.374806314038,64.59626911827661,4816100,64.45453643798828
2023-06-28,64.65827941894531,64.66713982363231,64.43681661133013,64.54312119204849,5517200,64.65827941894531
2023-06-29,64.17107391357422,64.23308323769214,64.0647693185823,64.20650877857153,5803000,64.17107391357422
2023-06-30,64.39253234863281,64.4102464006657,64.16220912115143,64.22421844103,5612300,64.39253234863281
2023-07-03,64.2095947265625,64.5204281875534,64.19182894269943,64.37832901929397,3146500,64.2095947265625
2023-07-05,63.94316101074219,64.20071066678146,63.889877211444805,64.18294488324156,4415700,63.94316101074219
2023-07-06,63.534645080566406,63.61457079084398,63.36590399131983,63.57016987702159,5613400,63.534645080566406
2023-07-07,63.49907684326172,63.68557681531688,63.46355207110967,63.53460161541377,5726600,63.49907684326172
2023-07-10,63.721126556396484,63.79217612854114,63.543509401694976,63.55238551646796,4450800,63.721126556396484
2023-07-11,63.85434341430664,63.907627206089124,63.73888616456433,63.80105284686396,5709100,63.85434341430664
2023-07-12,64.36054992675781,64.4049508212372,64.14740801654295,64.19180891102233,6397500,64.36054992675781
2023-07-13,64.75132751464844,64.786845526426,64.56482068668409,64.60922836489662,5868400,64.75132751464844
2023-07-14,64.44939422607422,64.69806105514422,64.44051133198946,64.62701145379197,7410000,64.44939422607422
2023-07-17,64.52043914794922,64.55596394604883,64.39610574243174,64.45827244519047,5942700,64.52043914794922
2023-07-18,64.6003646850586,64.7691057816542,64.59148856730481,64.72469809023565,7748100,64.6003646850586
2023-07-19,64.75132751464844,64.81349419874977,64.62698737078541,64.71580272721049,11522100,64.75132751464844
2023-07-20,64.44939422607422,64.54708573401786,64.3250608115392,64.53820283993309,5262100,64.44939422607422
2023-07-21,64.49378204345703,64.60923252832472,64.46713336941602,64.56482484725055,5170600,64.49378204345703
2023-07-24,64.38720703125,64.61811477434019,64.3783241399917,64.5737070937095,3553400,64.38720703125
2023-07-25,64.316162109375,64.37832880136274,64.22735351734413,64.25399541738727,4200800,64.316162109375
2023-07-26,64.52930450439453,64.5470635107868,64.31615577372376,64.46713104287012,4478200,64.52930450439453
2023-07-27,63.97865295410156,64.44934434132813,63.91648629495197,64.40493668093941,5342600,63.97865295410156
2023-07-28,64.20069885253906,64.21845785714979,64.04084070840292,64.09412449789501,5273200,64.20069885253906
2023-07-31,64.316162109375,64.37832880136274,64.20959450920246,64.20959450920246,4607900,64.316162109375
2023-08-01,63.918121337890625,64.10511976628905,63.846881900281694,64.0516935849657,11078000,63.918121337890625
2023-08-02,63.713321685791016,63.74003477864917,63.517416613141535,63.713321685791016,6546700,63.713321685791016
2023-08-03,63.321502685546875,63.40164195291458,63.25026325204249,63.33930914703982,5395200,63.321502685546875
2023-08-04,63.84687805175781,63.87359793457558,63.535214023213406,63.55302727842525,6925000,63.84687805175781
2023-08-07,63.7489013671875,63.82014077350104,63.695475209334205,63.78452107034427,4987400,63.7489013671875
2023-08-08,63.98043441772461,64.09620016658214,63.92700825287628,63.99824766851712,4338200,63.98043441772461
2023-08-09,63.99824523925781,64.07838448348836,63.953718907731265,63.98043198914145,4937800,63.99824523925781
2023-08-10,63.64207458496094,64.13183041389034,63.63316795715744,64.05169114495817,5195800,63.64207458496094
2023-08-11,63.437252044677734,63.64206368648631,63.419445585886464,63.45506529723428,4577400,63.437252044677734
2023-08-14,63.357112884521484,63.50849156265282,63.25916037660938,63.36601951081312,7992400,63.357112884521484
2023-08-15,63.214630126953125,63.40162850491353,63.19682366923708,63.25024983615009,5028100,63.214630126953125
2023-08-16,63.03654479980469,63.33040233530775,63.009831713625424,63.21463657017684,5149700,63.03654479980469
2023-08-17,62.974205017089844,63.063250892400916,62.84953943290137,63.045444434844626,7357800,62.974205017089844
2023-08-18,63.10780334472656,63.196849256890175,62.98313770894399,63.00985080321632,5094400,63.10780334472656
2023-08-21,62.805015563964844,62.902968068781895,62.733776143413344,62.87625498451635,4280100,62.805015563964844
2023-08-22,62.88516616821289,62.947498967271834,62.76050057009499,62.82283336915393,4301900,62.88516616821289
2023-08-23,63.455081939697266,63.463981774544436,63.196844060021164,63.20575068863539,5205800,63.455081939697266
2023-08-24,63.30368423461914,63.44616308993392,63.28587777458767,63.35711720224506,4186400,63.30368423461914
2023-08-25,63.30368423461914,63.41945000300384,63.09887937231133,63.2324516007275,4853100,63.30368423461914
2023-08-28,63.419471740722656,63.446184836808946,63.32151919256087,63.446184836808946,3969000,63.419471740722656
2023-08-29,63.81126403808594,63.829070499227115,63.321501434626455,63.339307895767625,6214600,63.81126403808594
2023-08-30,63.784542083740234,63.90920768897733,63.77564225034184,63.873594767851834,4721500,63.784542083740234
2023-08-31,63.89141845703125,63.989371000954606,63.82908563760437,63.86470536210084,4747100,63.89141845703125
2023-09-01,63.58421325683594,63.90566187185461,63.51277871741565,63.887806643185854,3940700,63.58421325683594
2023-09-05,63.23600769042969,63.450304595603576,63.22707666577117,63.44138038332085,4634300,63.23600769042969
2023-09-06,63.164573669433594,63.31637384045067,63.09314590866915,63.307442815714175,7800400,63.164573669433594
2023-09-07,63.37886428833008,63.387788498846085,63.22706414869036,63.298498707065,4742800,63.37886428833008
2023-09-08,63.39674377441406,63.548537159748506,63.37888853417702,63.47710257404628,4270600,63.39674377441406
2023-09-11,63.29850387573242,63.35207639270067,63.24493135876418,63.30743489935213,4215800,63.29850387573242
2023-09-12,63.343135833740234,63.36099106399654,63.26277026665377,63.33420481242547,4246300,63.343135833740234
2023-09-13,63.44139099121094,63.50389454952006,63.27173555621036,63.27173555621036,6142500,63.44139099121094
2023-09-14,63.334228515625,63.52173915917271,63.316373278686264,63.486021872919466,5227300,63.334228515625
2023-09-15,63.209197998046875,63.325274026076656,63.19133595535106,63.307418795754096,4946100,63.209197998046875
2023-09-18,63.271724700927734,63.28957993779117,63.10206929503427,63.10206929503427,5882500,63.271724700927734
2023-09-19,63.137779235839844,63.27171734004866,63.110992977473074,63.22706903452073,4200900,63.137779235839844
2023-09-20,63.05741882324219,63.32528821232873,63.05741882324219,63.25385365028907,5518400,63.05741882324219
2023-09-21,62.664554595947266,62.76277544551963,62.65562356988336,62.74491339339182,9127100,62.664554595947266
2023-09-22,62.92347717285156,62.9591944518565,62.709180311196356,62.75382180067172,8149800,62.92347717285156
2023-09-25,62.45916748046875,62.664540158360566,62.450243268837795,62.602036615067455,22744300,62.45916748046875
2023-09-26,62.396663665771484,62.584174294835215,62.369877406244555,62.575250083243084,7329100,62.396663665771484
2023-09-27,62.17343521118164,62.60203579700165,62.04842812622897,62.59310477311211,7701800,62.17343521118164
2023-09-28,62.334163665771484,62.352025714721535,61.9502113618531,62.066294242901506,9004600,62.334163665771484
2023-09-29,62.30736541748047,62.619883090225024,62.2270066497923,62.55737955567611,7650600,62.30736541748047
2023-10-02,61.87936782836914,62.11216724497857,61.843552008031594,62.067395761764324,6719800,61.87936782836914
2023-10-03,61.37799072265625,61.834627290353374,61.360079387939116,61.7630024450028,8099500,61.37799072265625
2023-10-04,61.7808952331543,61.8077553989639,61.47647091241695,61.62868307278563,7915900,61.7808952331543
2023-10-05,61.82565689086914,61.915193039708804,61.7540252393293,61.897281711238705,6845000,61.82565689086914
2023-10-06,61.583927154541016,61.727190516662056,61.32426743407643,61.369038942532534,8385100,61.583927154541016
2023-10-09,62.21070098876953,62.21070098876953,61.83463803724893,61.906269726221794,3561600,62.21070098876953
2023-10-10,62.14800262451172,62.28230345408306,61.9062474689405,61.986834797854705,11555900,62.14800262451172
2023-10-11,62.43453598022461,62.44348481668829,62.246501115721394,62.34499296620484,18074400,62.43453598022461
2023-10-12,61.89729309082031,62.32707624790307,61.8435727578743,62.30916491614004,6144000,61.89729309082031
2023-10-13,62.1838264465332,62.2823182991421,62.094290261754125,62.25545812682568,5570100,62.1838264465332
2023-10-16,61.86147689819336,62.01369589260647,61.834616731876785,62.01369589260647,4914800,61.86147689819336
2023-10-17,61.45856857299805,61.57496491892655,61.35112106286779,61.49438440970813,5851900,61.45856857299805
2023-10-18,61.1899299621582,61.37796474122931,61.09144498759348,61.333193254560996,5885900,61.1899299621582
2023-10-19,60.92134094238281,61.252632288221086,60.885525107872844,61.127273451850215,9433800,60.92134094238281
2023-10-20,61.145172119140625,61.22575260671774,61.0556359669981,61.08249612952381,5197700,61.145172119140625
2023-10-23,61.37799072265625,61.46752690272396,60.87657581816629,60.95716316204809,9587100,61.37799072265625
2023-10-24,61.583927154541016,61.59288282246685,61.31531859732369,61.413803619815546,9462100,61.583927154541016
2023-10-25,61.11830139160156,61.351093980697094,61.06457424466699,61.33318948583181,7392400,61.11830139160156
2023-10-26,61.53018569946289,61.53914136431621,61.189938746744396,61.198894411597706,11426600,61.53018569946289
2023-10-27,61.53018569946289,61.53018569946289,61.35110655825033,61.48541420636706,5325500,61.53018569946289
2023-10-30,61.37799072265625,61.45857123536539,61.234727369609786,61.33321921703607,5905300,61.37799072265625
2023-10-31,61.360050201416016,61.557033802571354,61.342145706387996,61.458542001993685,9248200,61.360050201416016
2023-11-01,61.95545959472656,61.96444186703089,61.47051966228689,61.497466479199886,9330800,61.95545959472656
2023-11-02,62.3146858215332,62.413470279445406,62.16202142347524,62.35060806545286,8409100,62.3146858215332
2023-11-03,62.6828727722168,63.015141480569255,62.67389049993351,62.88941707446839,7995700,62.6828727722168
2023-11-06,62.413455963134766,62.56612032617479,62.35957603534791,62.53019809049492,7822000,62.413455963134766
2023-11-07,62.727760314941406,62.853484700767396,62.54815600703718,62.5750959680763,7986100,62.727760314941406
2023-11-08,62.92533493041992,62.99717940075085,62.74573060605839,62.75470602625041,6543700,62.92533493041992
2023-11-09,62.4583625793457,62.89839799121545,62.431415763076586,62.86247575432275,6979700,62.4583625793457
2023-11-10,62.57509231567383,62.745721194249136,62.521212396740474,62.73673892393865,4381800,62.57509231567383
2023-11-13,62.5571403503418,62.575098041141075,62.287727028094835,62.34160695195807,6058600,62.5571403503418
2023-11-14,63.32047653198242,63.374356462287516,63.221692092112285,63.302511987569915,8237100,63.32047653198242
2023-11-15,62.97025680541992,63.07801668917238,62.8894300411379,63.06005899236953,6793500,62.97025680541992
2023-11-16,63.34743118286133,63.410293399945914,63.23068902298076,63.23068902298076,5623900,63.34743118286133
2023-11-17,63.43722152709961,63.491101459835775,63.29353942264767,63.410281560731526,5657300,63.43722152709961
2023-11-20,63.52703857421875,63.55397854689506,63.32049421605497,63.3833564361224,6959100,63.52703857421875
2023-11-21,63.616817474365234,63.652739708603825,63.464153117450444,63.5898775115527,5737800,63.616817474365234
2023-11-22,63.670719146728516,63.78746129671564,63.527030176159236,63.74256363201316,4949100,63.670719146728516
2023-11-24,63.365379333496094,63.49110374872392,63.35640391202751,63.44620608698071,3534800,63.365379333496094
2023-11-27,63.75154495239258,63.75154495239258,63.49111380774097,63.53601832806526,5257000,63.75154495239258
2023-11-28,64.02094268798828,64.03890038083813,63.670709439953704,63.715607097811414,7051400,64.02094268798828
2023-11-29,64.35321044921875,64.38912583056866,64.17359928514246,64.25442602184313,7615800,64.35321044921875
2023-11-30,64.14669036865234,64.22751029300231,64.02994819410172,64.21853486905364,9880000,64.14669036865234
2023-12-01,64.66989135742188,64.69690734215857,64.12054343177672,64.13855866880104,7643500,64.66989135742188
2023-12-04,64.40875244140625,64.54383929263172,64.30969607936375,64.45378368208229,11164600,64.40875244140625
2023-12-05,64.82299041748047,64.87702238447704,64.61585642599451,64.68790362918958,8393500,64.82299041748047
2023-12-06,65.0121078491211,65.12017178091405,64.88602868149643,64.976084248257,9365200,65.0121078491211
2023-12-07,64.99410247802734,65.16521289040293,64.93106288464692,64.94007050392995,9876000,64.99410247802734
2023-12-08,64.67890167236328,64.79597323470281,64.57983847699903,64.7239328960016,7349900,64.67890167236328
2023-12-11,64.68791198730469,64.73293634201946,64.48978558831871,64.65188838105266,12895800,64.68791198730469
2023-12-12,64.87703704833984,64.89504541780923,64.65189464056692,64.72394186004651,8052300,64.87703704833984
2023-12-13,65.70555877685547,65.7505900062623,64.9941079511934,65.03013156055869,7172600,65.70555877685547
2023-12-14,66.20089721679688,66.30896121065618,66.01177835673981,66.06581035366948,9105500,66.20089721679688
2023-12-15,66.10179901123047,66.21887056625512,66.02074418790599,66.10179901123047,7996700,66.10179901123047
2023-12-18,65.96671295166016,66.0207449206097,65.92168173033572,66.01174417298459,6144200,65.96671295166016
2023-12-19,66.09278869628906,66.16483589834912,66.04775747730169,66.06577271321638,6924100,66.09278869628906
2023-12-20,66.3089370727539,66.34496068119472,66.1018099127202,66.20087311823224,7496100,66.3089370727539
2023-12-21,66.29993438720703,66.4800455533495,66.2008711845885,66.44402194596088,6912600,66.29993438720703
2023-12-22,66.25567626953125,66.4182449970247,66.18342197052323,66.40921148701139,5890700,66.25567626953125
2023-12-26,66.31889343261719,66.3640540896654,66.2195454995502,66.24663913755958,6394600,66.31889343261719
2023-12-27,66.74337768554688,66.76143781373452,66.50855467581525,66.56274195092688,7467700,66.74337768554688
2023-12-28,66.58082580566406,66.7343610510033,66.50857149354543,66.66210673888467,8166600,66.58082580566406
2023-12-29,66.4272689819336,66.57177066868013,66.3640482020042,66.4272689819336,6939800,66.4272689819336
