Date,Close,High,Low,Open,Volume,Adj Close
2020-01-02,208.08888244628906,208.08888244628906,205.99027304980757,206.39458905704603,30969400,208.08888244628906
2020-01-03,206.18280029296875,207.42464165672527,205.31641095610559,205.33566829598263,27518900,206.18280029296875
2020-01-06,207.51126098632812,207.5401396493011,204.31523320861092,204.56551985072494,21655300,207.51126098632812
2020-01-07,207.48240661621094,208.06963064715757,206.82780392678688,207.5882999558586,22139300,207.48240661621094
2020-01-08,209.04188537597656,209.99492530524427,207.12619888200487,207.45350018290873,26397300,209.04188537597656
2020-01-09,210.81320190429688,211.21751788479062,209.58099662401713,210.76506590182353,23547000,210.81320190429688
2020-01-10,210.2740936279297,211.66032820349986,209.8986563211332,211.64108555426068,21898500,210.2740936279297
2020-01-13,212.70001220703125,212.72889087103113,210.8035682627954,211.14050559485497,22756900,212.70001220703125
2020-01-14,211.86251831054688,212.95033037063425,211.53521696666027,212.59413567141934,24418100,211.86251831054688
2020-01-15,211.94912719726562,212.94066711688131,211.25600991708154,211.97800585985289,25742100,211.94912719726562
2020-01-16,213.98036193847656,214.01887661802502,212.5556272651574,213.00807927105038,18805000,213.98036193847656
2020-01-17,215.03929138183594,215.21256336951552,213.82632871189446,214.943019373761,24325200,215.03929138183594
2020-01-21,214.9430389404297,215.48212698101295,214.34619356536214,214.44245089315348,21146300,214.9430389404297
2020-01-22,215.51097106933594,216.7431763041171,215.24142709229287,216.03081637437975,20736400,215.51097106933594
2020-01-23,216.20407104492188,216.30034303860805,214.3846420009869,215.38581785476504,26496100,216.20407104492188
2020-01-24,214.3846893310547,217.44596019978124,213.39314927116754,217.2149161773528,37436500,214.3846893310547
2020-01-27,209.95645141601562,211.0923847858952,209.07079002611857,209.54249938714563,42264400,209.95645141601562
2020-01-28,213.1813507080078,213.67231739217365,210.8805906940185,211.43893603364953,26731900,213.1813507080078
2020-01-29,213.5279083251953,214.60608431969396,212.584504330009,214.36541898599006,28924500,213.5279083251953
2020-01-30,214.28843688964844,214.3846942177357,211.48708864616913,212.1513273728753,39568100,214.28843688964844
2020-01-31,210.89022827148438,215.21256831716073,210.1393389071386,215.18368965188355,52015800,210.89022827148438
2020-02-03,214.07664489746094,214.56759691896625,211.77588475981935,211.9202780928953,25408600,214.07664489746094
2020-02-04,218.9765625,219.3519998115752,216.26185064011347,217.00310393852186,30691200,218.9765625
2020-02-05,219.69859313964844,221.65279467107086,218.37975167858292,221.61429467698002,38534800,219.69859313964844
2020-02-06,221.59500122070312,221.6527585469502,219.46751333998242,220.2472666224085,22467100,221.59500122070312
2020-02-07,220.64198303222656,221.83568841889965,220.00662300275312,220.60348304061307,25884900,220.64198303222656
2020-02-10,223.3085174560547,223.3181387799004,219.85256730875835,219.91032462992078,21478900,223.3085174560547
2020-02-11,223.34703063964844,225.2819891472045,222.7598066913871,224.54073587404466,30198000,223.34703063964844
2020-02-12,225.52268981933594,225.62858316067638,224.10757638917133,224.66592176268944,24471300,225.52268981933594
2020-02-13,225.2338409423828,226.15798746360775,223.68395583105607,223.95349979050036,22773200,225.2338409423828
2020-02-14,225.8788604736328,226.09064714753535,224.82956311869074,225.59005912839783,23438500,225.8788604736328
2020-02-18,225.96548461914062,226.3890579447303,224.54074999683095,224.78141532373002,24394500,225.96548461914062
2020-02-19,228.1314697265625,228.6031790494799,227.0436724510464,227.31321643870044,22230500,228.1314697265625
2020-02-20,226.0136260986328,228.10259942404699,223.22191411457885,227.630904772885,42604000,226.0136260986328
2020-02-21,221.67201232910156,225.2723560384982,220.7574870704223,224.8872974103317,66017200,221.67201232910156
2020-02-24,213.1236114501953,215.87682370236712,212.0357993437528,213.40277679916014,84522600,213.1236114501953
2020-02-25,207.32835388183594,215.6265040523048,206.72188726776398,214.9141294214852,97743000,207.32835388183594
2020-02-26,208.39691162109375,212.0550274551949,206.8759050225816,208.61833429356105,79537700,208.39691162109375
2020-02-27,197.96170043945312,208.33918971886743,197.82692842370935,203.02529438988105,121822600,197.96170043945312
2020-02-28,198.11570739746094,199.43454873734376,190.77059664727153,191.2230486537657,148173700,198.11570739746094
2020-03-02,208.33912658691406,208.48353457441118,198.25044173808763,201.0806679001257,112933900,208.33912658691406
2020-03-03,201.65826416015625,211.4100268213454,199.86771373973244,209.0033738201867,131953500,201.65826416015625
2020-03-04,210.07191467285156,210.17780798557482,203.47768000308415,205.35488097309138,73086200,210.07191467285156
2020-03-05,203.68951416015625,208.2814129720825,202.2551581310623,204.74844753449452,78705500,203.68951416015625
2020-03-06,200.25283813476562,201.34063558032835,195.33363755753174,197.02791641464526,89828400,200.25283813476562
2020-03-09,186.34237670898438,193.6489733060806,184.93688458324715,186.25572601816444,116424000,186.34237670898438
2020-03-10,196.48880004882812,196.67170804748878,186.44823497394106,193.6008161265127,100599200,196.48880004882812
2020-03-11,187.93075561523438,193.25427186687946,185.53372349306278,191.90655181167068,89168800,187.93075561523438
2020-03-12,170.6990966796875,183.65650863431884,170.33328071109597,175.2909801794273,137820700,170.6990966796875
2020-03-13,185.1582794189453,187.21837410798133,171.47886994366365,180.08506471110036,134882000,185.1582794189453
2020-03-16,162.9785614013672,177.78428224075182,162.8437894066201,167.6474599036412,92054400,162.9785614013672
2020-03-17,175.3391571044922,177.50514538168073,163.4406609142412,168.9182069521346,121257100,175.3391571044922
2020-03-18,170.0059814453125,172.5281492023074,160.5718983230018,165.202296553107,114156300,170.0059814453125
2020-03-19,171.02642822265625,176.63874595959146,165.22158114311028,169.12998408539326,120896500,171.02642822265625
2020-03-20,164.3262939453125,176.04188112854132,163.7487059331409,174.9540837622137,118983900,164.3262939453125
2020-03-23,164.44497680664062,168.0626503883391,159.1101006221059,164.8887365225988,124639800,164.44497680664062
2020-03-24,177.17910766601562,177.34310703048257,171.6705926156118,173.56143566068377,94881800,177.17910766601562
2020-03-25,175.8671875,182.82276017074545,173.62904621497813,177.91237440363182,88754900,175.8671875
2020-03-26,185.12835693359375,185.91942839495096,177.1308953136619,177.38171531049974,79887600,185.12835693359375
2020-03-27,178.7612762451172,183.78742144963604,178.14386067142345,180.33374802416697,58845000,178.7612762451172
2020-03-30,185.26341247558594,185.69754494822178,179.7645532657839,180.45914755758488,49356900,185.26341247558594
2020-03-31,183.68128967285156,188.36015209182457,182.52363739279716,184.9547174851546,62659300,183.68128967285156
2020-04-01,175.87680053710938,181.0380202669156,174.47796982315774,178.25000066836228,53715400,175.87680053710938
2020-04-02,179.44625854492188,183.39194587411828,174.58411153671463,174.8445881665469,56465300,179.44625854492188
2020-04-03,176.8994140625,180.468863857324,174.89280930185006,179.0024960090891,47487600,176.8994140625
2020-04-06,189.54681396484375,190.67552645512606,182.5140623806686,183.75853572523027,64763500,189.54681396484375
2020-04-07,189.4696044921875,195.50871656586375,189.08372522680358,195.22894158616256,69904500,189.4696044921875
2020-04-08,193.49244689941406,194.0712657278729,189.2477018889726,191.1578290474795,45940400,193.49244689941406
2020-04-09,193.77223205566406,196.04895506935992,192.00680569704667,195.2096595639199,68252600,193.77223205566406
2020-04-13,195.86563110351562,196.24186849228946,191.73666165530844,192.9425526091154,42853900,195.86563110351562
2020-04-14,204.3840789794922,205.00149465693906,199.13603836101842,199.91745346774871,63959600,204.3840789794922
2020-04-15,202.03977966308594,204.35509904368442,199.81129561551657,201.12330551508464,47036000,202.03977966308594
2020-04-16,205.7249755859375,206.8054490590431,202.29060085755438,204.22002618544127,64657400,205.7249755859375
2020-04-17,207.69297790527344,208.86992850436206,204.59625857252865,208.54192973946107,62863200,207.69297790527344
2020-04-20,205.2329864501953,208.2621837593495,205.06898705655595,205.8311036176268,38249100,205.2329864501953
2020-04-21,197.66001892089844,203.70877272450335,196.44448600663557,203.16853587371983,72932800,197.66001892089844
2020-04-22,203.52549743652344,204.8568060520333,200.97865577229925,201.72148888446725,40089100,203.52549743652344
2020-04-23,203.09133911132812,206.8730114526164,202.6861615090846,204.3165137465589,43278500,203.09133911132812
2020-04-24,206.29412841796875,206.73790266847752,202.1072794785981,203.52540810650513,34231900,206.29412841796875
2020-04-27,207.9534912109375,208.98574098460935,206.93089798640045,208.5612649924583,36451700,207.9534912109375
2020-04-28,204.03672790527344,209.65136266091562,203.75696771039384,209.65136266091562,46862800,204.03672790527344
2020-04-29,211.27210998535156,212.20788260903336,207.5483178689419,208.5612692855443,48716400,211.27210998535156
2020-04-30,211.1852569580078,212.2753722799079,209.68030752785754,212.18855167132557,43359500,211.1852569580078
2020-05-01,205.2329864501953,209.02430032042034,204.21037861636245,206.93087551406245,48795000,205.2329864501953
2020-05-04,207.62548828125,207.8473681017223,203.67015994573165,203.99817348249172,32841000,207.62548828125
2020-05-05,209.97935485839844,212.37183806228848,209.19793998231296,209.767116901888,37783100,209.97935485839844
2020-05-06,211.27210998535156,213.24011768360376,210.41351615459038,211.65798922960508,36455200,211.27210998535156
2020-05-07,213.9925994873047,214.87047694425198,212.64199274061437,213.9925994873047,38624800,213.9925994873047
2020-05-08,216.92532348632812,217.0603826911887,214.62930228334957,215.66155205791532,31852300,216.92532348632812
2020-05-11,218.86436462402344,219.8869577264952,215.37210937512612,215.60364572148384,35714100,218.86436462402344
2020-05-12,214.28199768066406,220.0509906955732,214.25305747493283,219.46251531178982,41054100,214.28199768066406
2020-05-13,211.60011291503906,216.6841537545293,209.06292813022924,214.80296664173116,65521200,211.60011291503906
2020-05-14,214.00225830078125,214.04084033873212,208.36833865753698,210.27846602363584,51549300,214.00225830078125
2020-05-15,215.39138793945312,215.44926834063193,210.62570530444802,211.05982303363535,55747200,215.39138793945312
2020-05-18,219.40463256835938,220.61052360974645,217.51380365886027,218.29521869842316,42398100,219.40463256835938
2020-05-19,218.854736328125,221.73923276674577,218.7100353029218,219.66509150995978,36237300,218.854736328125
2020-05-20,223.22488403320312,223.58182304242948,221.38227913626724,221.40157751308575,37417000,223.22488403320312
2020-05-21,220.7937774658203,223.9483919240255,220.28248094364704,223.27309601930102,43642900,220.7937774658203
2020-05-22,221.55593872070312,221.7585201594007,219.4721556005788,220.3886297897862,28762400,221.55593872070312
2020-05-26,220.9578094482422,225.32797190006696,220.71663125237555,225.12537573858546,33055300,220.9578094482422
2020-05-27,222.16371154785156,222.27948709749987,216.03779389841856,220.6201798492537,55665600,222.16371154785156
2020-05-28,221.874267578125,225.23146347699497,220.96743533225654,221.02531573597636,42784300,221.874267578125
2020-05-29,225.1253662109375,225.3569025684961,220.68768170666104,222.25052635957226,50691800,225.1253662109375
2020-06-01,225.80064392089844,226.17688127127835,223.81333818707904,224.2571124897475,25776000,225.80064392089844
2020-06-02,227.31527709960938,227.37315751116316,223.823006825593,226.22514694751698,33383400,227.31527709960938
2020-06-03,228.33790588378906,229.09038079197893,227.04519408975526,227.92307166907605,37228700,228.33790588378906
2020-06-04,226.73643493652344,229.39903680936783,225.43406684460547,227.9905644471948,38716100,226.73643493652344
2020-06-05,231.2320098876953,231.82048527560306,227.31527833422862,227.88445534473067,47365600,231.2320098876953
2020-06-08,233.0263671875,233.15176983488377,229.51481337413597,231.08728514329638,32937300,233.0263671875
2020-06-09,234.7146453857422,235.56358270573824,231.9845061835832,232.16780398505347,35046300,234.7146453857422
2020-06-10,237.53160095214844,239.0751474122941,235.88193548886338,236.4028886753113,58084400,237.53160095214844
2020-06-11,225.76206970214844,234.99436256720242,225.70418929552545,233.6148304748629,72919400,225.76206970214844
2020-06-12,227.55645751953125,231.91694872983695,223.56254715943328,230.65317733072695,72034800,227.55645751953125
2020-06-15,230.32516479492188,231.00046076334,223.30205728267734,224.23782981046676,45307400,230.32516479492188
2020-06-16,234.28048706054688,235.76613815413336,230.66281440501248,235.1776628133525,48890100,234.28048706054688
2020-06-17,235.02333068847656,236.83699548662523,234.16473687410073,235.7758055046554,34749300,235.02333068847656
2020-06-18,235.6600341796875,235.90121237208692,233.93320479906112,234.7049632384603,30578600,235.6600341796875
2020-06-19,235.62147521972656,238.2840774252331,233.89463094964563,238.02360083023623,49422100,235.62147521972656
2020-06-22,238.44717407226562,238.5727947977947,235.20010171844086,235.49000704346753,24068700,238.44717407226562
2020-06-23,240.47659301757812,242.70895256967864,239.49088538804534,240.04172026973157,32767400,240.47659301757812
2020-06-24,235.51898193359375,240.95009059556097,234.02107404845484,239.72277080949863,46032400,235.51898193359375
2020-06-25,237.7610321044922,238.06061077313754,233.03538357528126,235.60598561260514,36940800,237.7610321044922
2020-06-26,232.1462860107422,237.69337180771143,231.62442697535528,237.51941388060038,52824600,232.1462860107422
2020-06-29,234.67823791503906,234.68791125631003,229.37276413064143,231.9047022245296,34377800,234.67823791503906
2020-06-30,239.27828979492188,239.8194661067416,234.42700543519746,234.61062198655384,38909200,239.27828979492188
2020-07-01,242.07113647460938,243.06651740639933,238.77574167335084,239.3169179377088,34689200,242.07113647460938
2020-07-02,243.71401977539062,245.72411376198428,243.25015646954552,244.51612565075843,31956500,243.71401977539062
2020-07-06,249.70565795898438,250.22748760005902,246.84512081608884,246.86445275514865,34589000,249.70565795898438
2020-07-07,247.9854278564453,252.11193376369474,247.6858491900228,249.45436014795675,36578200,247.9854278564453
2020-07-08,251.2518310546875,251.28082158705743,247.87913799077677,249.3094064021136,30426300,251.2518310546875
2020-07-09,253.36827087402344,254.03508272222632,248.97120560662137,253.16533711340938,40312900,253.36827087402344
2020-07-10,255.09808349609375,255.34935444580196,250.54639281943676,253.22328369879898,32885300,255.09808349609375
2020-07-13,249.85060119628906,260.72249401967724,249.02916339569816,257.93928473818636,64108100,249.85060119628906
2020-07-14,251.61907958984375,252.02497655986264,244.26484759243948,247.32830358402757,72230500,251.61907958984375
2020-07-15,252.13124084472656,253.8610878593374,248.83584615432338,253.02997680795647,54523900,252.13124084472656
2020-07-16,250.4110870361328,251.04890826795977,247.0287204834085,249.34805164975458,47594100,250.4110870361328
2020-07-17,250.70101928710938,251.56109143731746,248.52664081128248,250.865289145377,35137900,250.70101928710938
2020-07-20,257.81365966796875,258.4418076025263,250.09220891281038,251.33883143939602,40610100,257.81365966796875
2020-07-21,255.1271514892578,259.38893812702736,254.2863962769184,259.37926478236454,43243800,255.1271514892578
2020-07-22,256.0257873535156,256.9535433200769,253.72577361074173,255.61991992355135,29865500,256.0257873535156
2020-07-23,249.33839416503906,256.3253778156358,247.92744296032234,255.61993170517167,51363500,249.33839416503906
2020-07-24,246.97071838378906,248.29466846011707,242.87323268912843,245.50180090569262,54054500,246.97071838378906
2020-07-27,251.3774871826172,251.76403747661257,247.83085063304088,248.61362456324807,36445700,251.3774871826172
2020-07-28,248.1787109375,251.11654594816994,247.88880562048064,250.59468688564115,31302400,248.1787109375
2020-07-29,251.03924560546875,251.8993472930036,249.2417734599512,249.71529536006983,27556900,251.03924560546875
2020-07-30,252.35350036621094,252.91399375624596,247.92741633623584,249.0774231371317,41774500,252.35350036621094
2020-07-31,256.8568420410156,257.0114680015226,252.0828724184515,256.97280413842424,53686300,256.8568420410156
2020-08-03,260.3262634277344,261.07037345511674,258.86700441481855,258.9926398916783,32081600,260.3262634277344
2020-08-04,261.2926940917969,261.3893390497868,259.07965136899935,259.8237615109109,24911300,261.2926940917969
2020-08-05,261.9400939941406,262.3942986407845,260.88673204594375,261.77582414920806,21612100,261.9400939941406
2020-08-06,265.40948486328125,265.7380540741825,261.10903560421986,261.74685683428555,28048200,265.40948486328125
2020-08-07,262.34600830078125,265.64140316954297,260.2006203903107,264.86827313898436,44969400,262.34600830078125
2020-08-10,261.2250671386719,262.83895258028537,257.7074203347969,262.6359892995956,35088400,261.2250671386719
2020-08-11,256.27716064453125,261.3507119888398,255.73598419382404,260.0653957994817,43104300,256.27716064453125
2020-08-12,262.722900390625,263.6699736732556,258.3838165950634,258.4321538139539,38773400,262.722900390625
2020-08-13,263.32208251953125,265.5930765015088,262.38468259592787,263.4960257238545,31895700,263.32208251953125
2020-08-14,263.0127868652344,264.2111013965405,261.62118247770206,263.94051329295877,30799500,263.0127868652344
2020-08-17,266.06658935546875,266.5691017036072,263.05145628285396,264.72329265771594,24803000,266.06658935546875
2020-08-18,268.6275634765625,269.1010853753625,265.67041096082534,267.1296700261357,23529500,268.6275634765625
2020-08-19,266.8204345703125,269.64227843776126,266.30824876267906,268.58891628590754,31999400,266.8204345703125
2020-08-20,270.5216979980469,271.0048932702151,265.62209086020533,266.02798786526216,27723400,270.5216979980469
2020-08-21,272.396484375,272.8506890877729,270.06747974073045,270.71497434945246,34748900,272.396484375
2020-08-24,274.09735107421875,276.3876919143859,271.81665408487225,275.6628990160091,36418500,274.09735107421875
2020-08-25,276.2523498535156,276.445639733258,272.87965674284396,273.32418807597753,34866600,276.2523498535156
2020-08-26,282.1473083496094,282.39857926912845,276.2233309949189,277.49897328985776,42216700,282.1473083496094
2020-08-27,281.2679138183594,283.973824630563,279.00656382383795,283.1233963607817,49482700,281.2679138183594
2020-08-28,282.6982116699219,283.32635959628595,281.15198097217353,282.50492177324173,28021000,282.6982116699219
2020-08-31,284.96923828125,286.77638381607983,282.7851862914439,283.220073817663,36321000,284.96923828125
2020-09-01,289.83984375,289.9558058881011,285.8486463762724,287.6171279661076,36216200,289.83984375
2020-09-02,292.5843200683594,293.29943941238844,286.91161404785015,293.08683237877307,50836800,292.5843200683594
2020-09-03,277.7502746582031,288.58350302844633,274.8511033929113,288.0809906262113,110083300,277.7502746582031
2020-09-04,274.0489501953125,279.21914423449357,262.66487356215526,275.9624136196439,123959000,274.0489501953125
2020-09-08,260.8770446777344,268.8690809653618,260.5967832637342,263.07073980112443,99568600,260.8770446777344
2020-09-09,268.5406188964844,270.6376699381162,263.8246281507631,266.3759134362451,64837900,268.5406188964844
2020-09-10,263.186767578125,272.71539260479386,261.4665937831789,271.4977312190594,69667500,263.186767578125
2020-09-11,261.36029052734375,265.9699620309678,257.9295869771747,264.93591724449493,71809000,261.36029052734375
2020-09-14,265.91192626953125,267.90268768698223,263.7858560703662,265.1387964280676,38525200,265.91192626953125
2020-09-15,269.680908203125,271.02420504282185,265.8830009311815,269.6519176702054,41849900,269.680908203125
2020-09-16,265.3805236816406,270.93726994931876,265.03263720186436,270.47342130961704,42321000,265.3805236816406
2020-09-17,261.234619140625,265.17747837940243,257.7169444787922,258.5576992765682,81570800,261.234619140625
2020-09-18,257.9006652832031,262.9452256018231,253.80317840851936,262.6553202066905,86251100,257.9006652832031
2020-09-21,258.5191650390625,258.65444439051623,251.367850834154,253.6485480406014,57168600,258.5191650390625
2020-09-22,263.32208251953125,263.9018932006086,257.58172084169547,260.9157502254752,41128900,263.32208251953125
2020-09-23,255.2816619873047,263.186727464168,254.4022432863004,263.0031109501181,48837300,255.2816619873047
2020-09-24,256.47039794921875,259.6691482570932,252.4405364463986,252.60483581359787,70631700,256.47039794921875
2020-09-25,262.4329528808594,263.24471721044983,255.41694972183095,256.9728534724651,55242400,262.4329528808594
2020-09-28,267.88336181640625,267.88336181640625,262.5392254578109,267.28417514923785,58438300,267.88336181640625
2020-09-29,266.6754150390625,268.376241912304,266.114892149693,267.3228800244996,27050000,266.6754150390625
2020-09-30,268.50189208984375,271.64266073652465,266.598101915103,266.8686900342182,49380800,268.50189208984375
2020-10-01,272.7637634277344,273.37259426144135,270.4347584011566,272.3192319824493,50020200,272.7637634277344
2020-10-02,265.090576171875,272.7540457725868,264.24982115406823,266.74309567211236,75497400,265.090576171875
2020-10-05,270.7439880371094,271.06288395160846,266.94608014130233,267.0523689488354,28184600,270.7439880371094
2020-10-06,265.91192626953125,271.7392578928247,265.03250766405336,270.0577484119592,49704200,265.91192626953125
2020-10-07,270.5119934082031,271.3044110627918,267.9607087878912,268.5502222233586,27539700,270.5119934082031
2020-10-08,271.9519348144531,272.97630631229185,270.88889944163117,272.90865190404514,25443300,271.9519348144531
2020-10-09,276.10736083984375,276.1846885783184,273.2081899767563,273.5947401934564,30201100,276.10736083984375
2020-10-12,284.6309509277344,287.46246759827847,279.7410180761956,280.7847066862767,79370700,284.6309509277344
2020-10-13,284.62127685546875,287.06624327495626,283.2586629153269,286.42845159325793,64240000,284.62127685546875
2020-10-14,282.2439270019531,286.389749328572,280.50443639218156,285.42335910272357,36949100,282.2439270019531
2020-10-15,280.34991455078125,280.9393986514012,276.9095664282217,277.54738775322204,42514200,280.34991455078125
2020-10-16,278.8133544921875,283.41335357901045,278.4654385490732,281.9927582527519,40570700,278.8133544921875
2020-10-19,274.2615966796875,281.6834977161468,273.28556238406674,280.7267511204607,36756800,274.2615966796875
2020-10-20,274.85107421875,277.95317888560766,273.44015261046803,274.9960268682495,32195400,274.85107421875
2020-10-21,274.638427734375,277.66323371780777,274.1552326441624,275.1023056380587,29306100,274.638427734375
2020-10-22,274.62884521484375,276.3683658100007,271.38178729092033,275.469600231149,32196200,274.62884521484375
2020-10-23,275.1700134277344,275.33431278433005,272.3095058897191,275.1990039622046,24658500,275.1700134277344
2020-10-26,271.04351806640625,275.71117074606025,267.4582179216346,272.88932727895894,38421100,271.04351806640625
2020-10-27,273.1599426269531,273.981380451409,270.78263025156946,272.03892610645653,30559100,273.1599426269531
2020-10-28,262.5102844238281,269.2750167602809,262.25901349964,268.66618613129737,53413500,262.5102844238281
2020-10-29,267.1007080078125,270.09649522850515,263.3607516697765,263.82462976777094,43246300,267.1007080078125
2020-10-30,260.3262634277344,265.98929729313636,258.09390385369136,265.1195517888943,65838300,260.3262634277344
2020-11-02,260.9061279296875,264.3271291982488,257.9972829744233,262.71327351609733,39987400,260.9061279296875
2020-11-03,265.41912841796875,267.5162086489686,261.73718320133173,262.8195357753075,43604100,265.41912841796875
2020-11-04,277.26702880859375,279.06450050868335,272.39641371471873,274.0586061162536,75728200,277.26702880859375
2020-11-05,284.4956970214844,285.4620874656753,282.186009703758,283.66458590369433,52054200,284.4956970214844
2020-11-06,284.7082824707031,285.4330753238653,280.0889371995587,283.83853694528784,40959800,284.7082824707031
2020-11-09,278.8907165527344,289.0861571556995,278.43651169849164,287.6462148137477,86537100,278.8907165527344
2020-11-10,273.89434814453125,277.02544323730973,271.1884376455342,275.58553114694524,69024900,273.89434814453125
2020-11-11,280.0213317871094,280.49485371342126,273.8557554346704,276.4166844625286,36102900,280.0213317871094
2020-11-12,278.70697021484375,282.2536357652556,277.5956272140191,280.98766676986247,34414600,278.70697021484375
2020-11-13,281.15191650390625,281.77042043794137,278.1947646125416,280.41747994710306,24806900,281.15191650390625
2020-11-16,283.3456726074219,283.6452512673449,280.24353823818916,280.85236889928893,30168400,283.3456726074219
2020-11-17,282.4469299316406,283.8675250915629,281.80910868719633,283.53895587325457,21843500,282.4469299316406
2020-11-18,280.3594970703125,283.5099391249952,280.27252547573397,281.8960837168814,28069600,280.3594970703125
2020-11-19,282.55328369140625,282.8625357563672,279.14192610928717,279.808737971653,22718400,282.55328369140625
2020-11-20,280.6204528808594,283.2200454515072,280.53348128270585,282.47590595859106,25907300,280.6204528808594
2020-11-23,280.63018798828125,282.9108557091062,278.3881546583201,281.6158958095342,26875600,280.63018798828125
2020-11-24,284.57293701171875,285.06580547474357,279.8956117585864,281.6930834606231,24516800,284.57293701171875
2020-11-25,286.3221435546875,286.95996475108177,284.6889414363206,285.63601463555347,23326800,286.3221435546875
2020-11-27,288.9604797363281,290.0814964372799,287.8877707714569,288.28399447978575,17163100,288.9604797363281
2020-11-30,289.5498962402344,289.88813878949003,284.87257009285486,289.27930809920895,27836200,289.5498962402344
2020-12-01,293.2608642578125,294.8844227746876,290.7192524254335,291.82095179431667,27521300,293.2608642578125
2020-12-02,293.6376953125,293.9759378121451,290.2553292998312,292.09146495118745,23620000,293.6376953125
2020-12-03,294.0533142089844,295.5995449812364,293.32852129935674,293.94702540501714,22828700,294.0533142089844
2020-12-04,295.2515869140625,295.3965690688171,293.42512437823916,294.10157996888324,19332100,295.2515869140625
2020-12-07,296.9234619140625,297.2906949990062,295.25159584014904,295.4352123826209,20851000,296.9234619140625
2020-12-08,297.9285583496094,298.228137068231,294.7008173711153,296.4499819508995,18341500,297.9285583496094
2020-12-09,291.18310546875,297.9961463758119,290.1200700704839,297.7159143781888,48839300,291.18310546875
2020-12-10,292.3523864746094,293.47340277519385,288.07128447188796,289.15363690227525,27519500,292.3523864746094
2020-12-11,291.7049560546875,291.83059152880014,288.43855169534044,290.6999017536818,26760400,291.7049560546875
2020-12-14,293.8214416503906,295.763866935717,292.82606039224794,292.89368532854377,28804800,293.8214416503906
2020-12-15,296.9621276855469,296.9621276855469,293.8889836609134,296.07303550095884,25709000,296.9621276855469
2020-12-16,298.59527587890625,299.378049637304,296.31457950869407,297.3582975144847,25461900,298.59527587890625
2020-12-17,300.5473937988281,300.7793180415245,298.9915195175857,300.18983409404035,23730500,300.5473937988281
2020-12-18,299.6390075683594,301.49449012829695,297.2713392718179,301.1852381196582,41173400,299.6390075683594
2020-12-21,299.0783996582031,299.6108658688817,293.92787781585747,296.6967493839383,37095500,299.0783996582031
2020-12-22,299.8917541503906,300.81147156477346,297.0744566448981,299.97888340783595,26176300,299.8917541503906
2020-12-23,298.3814697265625,300.2983725782686,298.2265634125752,299.9401646532673,21201300,298.3814697265625
2020-12-24,299.6980895996094,300.1434267278117,298.5653797992365,298.64281817335035,16785000,299.6980895996094
2020-12-28,302.7186584472656,303.19306815724786,300.47256173105023,302.30236444379983,22497700,302.7186584472656
2020-12-29,302.9897766113281,304.66467326455717,302.0894114503533,304.0450480707538,25871900,302.9897766113281
2020-12-30,302.9994201660156,304.4709854534392,302.37979506898415,304.15151157521103,18138100,302.9994201660156
2020-12-31,303.7448425292969,304.22891349886373,301.8279403988344,302.9025637695061,21611400,303.7448425292969
2021-01-04,299.4560546875,305.24555554776396,295.4576227654511,305.0712675012697,45305900,299.4560546875
2021-01-05,301.9247741699219,302.19588231521544,298.4685294069981,298.4685294069981,29323400,301.9247741699219
2021-01-06,297.7424011230469,301.9441338882329,296.2321019556657,297.2195961665382,52809600,297.7424011230469
2021-01-07,304.9454040527344,305.7779920626543,300.36608136211987,300.39512444280655,30394800,304.9454040527344
2021-01-08,308.8663635253906,309.21491003430316,305.042190529325,307.2302010628528,33955800,308.8663635253906
2021-01-11,304.4032897949219,307.08503310784016,303.75462150760245,305.9135892944069,32746400,304.4032897949219
2021-01-12,303.919189453125,305.52627938374525,301.28584168634455,304.4419649289568,29266800,303.919189453125
2021-01-13,305.9716491699219,306.76550326758513,303.58033691034495,304.180580307871,22898400,305.9716491699219
2021-01-14,304.3354797363281,307.4141645709109,303.86107000917417,306.4169793743503,23500100,304.3354797363281
2021-01-15,301.9247741699219,305.08092679773813,300.68555349227927,304.12247559532705,35118700,301.9247741699219
2021-01-19,306.329833984375,306.83325722127717,303.14463832144224,304.23864358090657,24537000,306.329833984375
2021-01-20,313.4554138183594,314.3945130071572,306.42672099095483,309.9410821773359,30728100,313.4554138183594
2021-01-21,315.9627990722656,316.70828729801116,313.41661050986386,314.7913555615418,25130600,315.9627990722656
2021-01-22,315.05279541015625,316.0596418583159,314.36539328964204,314.9269322177987,21609400,315.05279541015625
2021-01-25,317.65704345703125,319.7966584555106,311.1705100697358,318.4315747501509,39080600,317.65704345703125
2021-01-26,318.1217041015625,319.25444298467147,316.79535458956354,318.3734304189961,25498100,318.1217041015625
2021-01-27,309.25360107421875,315.8756890037456,307.249539984331,315.86602767429855,55264000,309.25360107421875
2021-01-28,311.0833740234375,316.0209038070122,309.83446265307134,310.4540876739916,42836300,311.0833740234375
2021-01-29,304.53875732421875,310.5025158279426,302.79611347273107,309.39881972207684,55259000,304.53875732421875
2021-02-01,312.14837646484375,313.2326908464539,305.9522436350412,307.97565699810855,35646000,312.14837646484375
2021-02-02,317.24072265625,318.3928138516619,314.9462311386911,315.11082825746934,33930800,317.24072265625
2021-02-03,315.9822692871094,319.6805797379393,315.92418311628853,319.3126809591695,24824500,315.9822692871094
2021-02-04,319.7192687988281,319.80639805087463,316.0596924861001,317.3763812339645,22350900,319.7192687988281
2021-02-05,320.8035888671875,321.8104650393647,319.0319016209477,320.66806432122735,22732000,320.8035888671875
2021-02-08,322.9528503417969,323.1077566336111,320.85199838952866,322.48816101170837,20462800,322.9528503417969
2021-02-09,322.8851013183594,324.1436743085384,322.01374973785425,322.02344061396997,17597500,322.8851013183594
2021-02-10,322.1492614746094,324.7729181112913,319.00279986741936,324.31789017397597,28068700,322.1492614746094
2021-02-11,323.92095947265625,324.32759214036884,321.5393382627716,323.6789239561336,22046100,323.92095947265625
2021-02-12,325.7314147949219,325.89598240320623,322.033104956612,323.07868540357345,20346800,325.7314147949219
2021-02-16,324.8504333496094,327.41600420174075,323.6886509226213,326.5253004016693,27080800,324.8504333496094
2021-02-17,323.2917175292969,324.9666141704549,319.6515229506811,321.87823819098367,31360300,323.2917175292969
2021-02-18,321.8782653808594,323.2336586653351,317.899185241931,319.7096361256982,32236200,321.8782653808594
2021-02-19,320.4743957519531,323.34977904654954,319.4578583383026,323.223915842976,39157700,320.4743957519531
2021-02-22,312.1676940917969,317.3569207848066,311.96439255410183,316.0983480624215,47256900,312.1676940917969
2021-02-23,311.2383728027344,312.90357860980123,301.0922316590529,306.9010850029575,97241900,311.2383728027344
2021-02-24,313.8038635253906,314.11367604871,305.89413057856177,308.5855640910335,58206300,313.8038635253906
2021-02-25,302.8638916015625,313.70709534994387,301.32454914976546,311.15121547282814,110182600,302.8638916015625
2021-02-26,304.1321716308594,308.9438094751332,300.97601894949236,305.7876863391182,104739800,304.1321716308594
2021-03-01,313.28106689453125,313.6199225043149,307.8110704920777,309.0986863548367,49164500,313.28106689453125
2021-03-02,308.2563781738281,313.99745260810704,308.00468136811355,313.9200142552748,48370000,308.2563781738281
2021-03-03,299.310791015625,308.10150757392336,299.25270485794294,307.16240863093043,86301100,299.310791015625
2021-03-04,294.4120178222656,302.09906844170035,290.5491107615687,298.9429157486575,139131600,294.4120178222656
2021-03-05,298.8461608886719,299.7465261452686,287.97394166626935,297.0260486202665,121523700,298.8461608886719
2021-03-08,290.384521484375,300.18211405491843,289.96822750430505,298.3039161618704,88409800,290.384521484375
2021-03-09,301.8376770019531,303.73525694853805,297.1422110624417,297.67467744361676,80391100,301.8376770019531
2021-03-10,300.97601318359375,306.38792384064425,300.2886405826303,306.08780216084256,76798100,300.97601318359375
2021-03-11,307.9079284667969,309.6699246727276,304.8195527368651,305.71022694287797,53484800,307.9079284667969
2021-03-12,305.4101257324219,308.0918984967529,301.4698094897482,303.86109232570243,69315600,305.4101257324219
2021-03-15,308.6727294921875,308.837326647409,304.0934363164408,305.7295988118373,42955700,308.6727294921875
2021-03-16,310.3669738769531,313.8716730118941,308.9341425127925,310.8607357904687,54925900,310.3669738769531
2021-03-17,311.6448974609375,313.53278614012544,305.62305316336887,307.3366833770359,78258700,311.6448974609375
2021-03-18,302.0990295410156,307.7529751181446,301.6440016318715,306.77514227085976,82718100,302.0990295410156
2021-03-19,303.1640930175781,304.70343572412764,299.794947188209,301.9345333915486,78446200,303.1640930175781
2021-03-22,308.8493347167969,310.91408667450554,305.553499993313,305.553499993313,56194800,308.8493347167969
2021-03-23,307.5019226074219,311.25335988892084,306.68765967352556,309.9350378767081,53455400,307.5019226074219
2021-03-24,302.3157653808594,308.90746311498856,302.1703665918509,308.8686802436986,64803700,302.3157653808594
2021-03-25,301.7923278808594,303.30456417345346,297.9730578138518,300.4740059625284,78729000,301.7923278808594
2021-03-26,306.3193054199219,306.6391828174355,300.183238678992,301.5790969053566,63519600,306.3193054199219
2021-03-29,306.2320251464844,307.2789260718177,302.89740800258596,305.7861256396447,54608000,306.2320251464844
2021-03-30,304.6907958984375,305.2627176647272,301.9959625409575,304.27397607290493,44635700,304.6907958984375
2021-03-31,309.3534851074219,310.91414869861455,306.13518591707657,306.4744696142369,55032500,309.3534851074219
2021-04-01,314.6267395019531,314.7624351906503,312.9206479914796,313.1726923053448,55685600,314.6267395019531
2021-04-05,320.9081726074219,321.6739790047738,316.8659383683459,317.10827954372763,42172500,320.9081726074219
2021-04-06,320.6853332519531,322.6337367666103,319.90982350996234,320.59809395273015,33537200,320.6853332519531
2021-04-07,321.4608154296875,322.2944847097281,319.27974418740246,320.2103263009626,32046400,321.4608154296875
2021-04-08,324.81475830078125,324.99893998740856,323.5158129621822,324.31069923260867,29940800,324.81475830078125
2021-04-09,326.7825012207031,326.9860890956346,322.72089057489217,323.45758758875724,36664900,326.7825012207031
2021-04-12,326.3560791015625,326.7728988898223,324.4755089142188,325.74537450902636,25833000,326.3560791015625
2021-04-13,330.1656188964844,330.6308950141686,327.66464143328113,327.8779028481073,30374000,330.1656188964844
2021-04-14,326.200927734375,330.53398916747386,325.38666492862893,330.40796702206137,42564300,326.200927734375
2021-04-15,331.1447448730469,331.5325145174306,325.9198831991519,329.070319272412,36342800,331.1447448730469
2021-04-16,331.532470703125,331.7457321462839,329.6615741225037,331.66816639458983,40860100,331.532470703125
2021-04-19,328.4983825683594,331.1156500529259,326.57902941354195,329.96213303614445,34533100,328.4983825683594
2021-04-20,326.10406494140625,329.1187757229305,324.1362552848905,327.8392364774025,38081800,326.10406494140625
2021-04-21,328.895751953125,329.07993360971795,323.7387247338475,324.82440844681906,36598100,328.895751953125
2021-04-22,324.93109130859375,329.4870880981797,323.7775448352505,328.5080497708654,45936100,324.93109130859375
2021-04-23,329.0218811035156,330.3305001865313,325.5612409559132,325.5612409559132,36381900,329.0218811035156
2021-04-26,331.1641540527344,331.4452781726139,328.5177770778778,329.2642070255575,30812000,331.1641540527344
2021-04-27,329.72943115234375,331.6681607543951,328.7794725802449,331.4548993148628,33187200,329.72943115234375
2021-04-28,328.61468505859375,330.4080159525857,327.9651975909243,329.3998682226513,33615700,328.61468505859375
2021-04-29,329.79730224609375,332.29825048050515,326.57900392431367,331.88143070521437,37708900,329.79730224609375
2021-04-30,327.6355285644531,329.83600511838,326.72432348252613,327.3544341326477,38263400,327.6355285644531
2021-05-03,325.89080810546875,329.58408623460167,325.44490850724037,328.83768586553776,29729700,325.89080810546875
2021-05-04,320.02618408203125,323.6613029317883,316.2165570446544,323.3413959067129,65147000,320.02618408203125
2021-05-05,318.9501037597656,322.93420853069864,318.17462374116377,322.0714596460376,46219300,318.9501037597656
2021-05-06,321.3541564941406,321.5092584227656,316.4491726342146,318.6884031101518,46814300,321.3541564941406
2021-05-07,323.9617614746094,326.33668773045906,321.52864610869307,324.126536941346,53324500,323.9617614746094
2021-05-10,315.78021240234375,322.75961957029017,315.5766245427343,322.5851410471898,60700500,315.78021240234375
2021-05-11,315.34405517578125,316.1389413976423,309.2467424078614,309.90593294309514,71963600,315.34405517578125
2021-05-12,307.1820068359375,312.73644786644485,306.3192580171597,310.4196815194903,91164900,307.1820068359375
2021-05-13,309.55694580078125,312.5231996658119,307.1916933671056,310.119193940392,69877800,309.55694580078125
2021-05-14,316.3909912109375,317.30216690670983,312.2130017076869,312.7170903364963,44370000,316.3909912109375
2021-05-17,314.47161865234375,316.37156525838355,311.6023073069235,314.68488007831405,39395000,314.47161865234375
2021-05-18,312.3487243652344,316.64300329263045,312.0773034068647,315.4216237712998,36528500,312.3487243652344
2021-05-19,312.70733642578125,313.0078370982969,306.61002454225434,306.9590111964842,66319100,312.70733642578125
2021-05-20,318.7562561035156,319.6093019729697,313.9676205775707,314.190555577994,46466100,318.7562561035156
2021-05-21,316.9919738769531,320.7240044690414,316.63331365549334,320.3071847296511,50330400,316.9919738769531
2021-05-24,322.3235168457031,323.4479836254808,316.8853646355601,319.2796970065807,32475800,322.3235168457031
2021-05-25,322.7693786621094,324.55300623379526,321.5964556098517,323.83568579264556,31280300,322.7693786621094
2021-05-26,323.89385986328125,324.3591360264829,322.7500165185231,323.4382572317026,25444900,323.89385986328125
2021-05-27,322.68218994140625,324.29133921184314,322.47863159725927,323.44799648913676,27931700,322.68218994140625
2021-05-28,323.7000427246094,325.28981550157476,323.380165295556,323.8842244385913,29927400,323.7000427246094
2021-06-01,322.6239929199219,325.5030074975126,321.2765616771264,325.02799863948223,31145400,322.6239929199219
2021-06-02,323.2541198730469,324.0974626171343,321.53835462068525,323.0408584081203,22047900,323.2541198730469
2021-06-03,319.890380859375,321.69338516999375,318.2230722364377,320.42351966107435,37057800,319.890380859375
2021-06-04,325.3188171386719,325.7647166420639,321.61583668105953,321.6836993136331,38736500,325.3188171386719
2021-06-07,326.2882385253906,326.3463980540727,324.09746433613174,324.7857051473166,32611900,326.2882385253906
2021-06-08,326.44329833984375,328.89579009171257,324.7662865921182,328.0330412231372,27282800,326.44329833984375
2021-06-09,326.5209045410156,328.58565673367104,326.3367228235608,327.810176563199,21485300,326.5209045410156
2021-06-10,329.92327880859375,330.02989472502594,326.41418335710034,326.86008283223407,33702100,329.92327880859375
2021-06-11,330.7860412597656,330.79574437440573,329.28353762387894,329.93299548610094,21222800,330.7860412597656
2021-06-14,333.9559020996094,333.9655756321318,330.0299566115849,331.2125829407871,27827700,333.9559020996094
2021-06-15,331.77484130859375,333.91712946198913,331.05749116385306,333.60692559305636,35963800,331.77484130859375
2021-06-16,330.56317138671875,333.3064613474824,327.1122343191924,332.240153920399,55399500,330.56317138671875
2021-06-17,334.76043701171875,335.76858468846024,329.5064963536992,329.5549527607095,59722700,334.76043701171875
2021-06-18,332.1335144042969,334.24672287543035,331.3870844669612,333.1028793451108,55414900,332.1335144042969
2021-06-21,334.1977233886719,334.5180014836792,330.1119712118141,332.3246859109161,32992600,334.1977233886719
2021-06-22,337.31298828125,337.75940508657436,333.69305236731316,333.99390169448657,28941600,337.31298828125
2021-06-23,337.4779052734375,338.6231050395058,336.6432987767399,337.25471171207795,27188500,337.4779052734375
2021-06-24,339.5644836425781,341.08812919220435,338.8657302272349,339.4092018150596,32581600,339.5644836425781
2021-06-25,339.147216796875,340.3700429160233,338.5455181087182,340.1274205664771,28682800,339.147216796875
2021-06-28,343.2716979980469,343.4075806908598,340.369945009591,340.42817198737436,39130300,343.2716979980469
2021-06-29,344.5140686035156,344.5431821047213,342.2625554039636,343.09716218318744,29426000,344.5140686035156
2021-06-30,343.9705505371094,344.7469598264053,343.38825097438394,344.3587403732643,32724000,343.9705505371094
2021-07-01,344.1064147949219,344.6110585931317,342.2721757133601,343.6211701215332,29290000,344.1064147949219
2021-07-02,348.0563049316406,348.3765533766794,345.76593472908996,345.99884268911813,32727200,348.0563049316406
2021-07-06,349.5605163574219,349.8419665254549,345.9696943777668,348.65796848615605,38842400,349.5605163574219
2021-07-07,350.29815673828125,352.05474016267107,348.34746358933484,351.7538908214984,35265200,350.29815673828125
2021-07-08,348.1824951171875,349.03653058613884,343.9608896329204,345.24191321935933,50890000,348.1824951171875
2021-07-09,350.3562927246094,350.83182292416905,347.0178077249354,347.6001071303628,35184500,350.3562927246094
2021-07-12,351.7247009277344,352.1808320260807,350.18159707174846,351.7538144183957,25717700,351.7247009277344
2021-07-13,351.7247009277344,354.684681073889,350.8706657123643,351.3461959321584,39723000,351.7247009277344
2021-07-14,352.3555908203125,354.70415856449887,351.53066891334356,354.0636320114519,35336400,352.3555908203125
2021-07-15,349.8808288574219,352.47204859453535,347.8816230568866,352.2682541126906,53391600,349.8808288574219
2021-07-16,347.0469970703125,351.7150484688974,346.6976055038964,350.7348447491291,47262000,347.0469970703125
2021-07-19,344.2034912109375,344.69842066924264,341.65109933033574,343.6017628999815,64404600,344.2034912109375
2021-07-20,348.2018127441406,349.64783210985405,343.3590517137888,345.1350634556446,42183700,348.2018127441406
2021-07-21,350.89013671875,350.89013671875,347.5516508930821,347.7748741118687,30259900,350.89013671875
2021-07-22,353.2095947265625,353.2192794800728,351.09390553080846,351.09390553080846,30252200,353.2095947265625
2021-07-23,357.334228515625,357.61564913282234,353.18053484060164,354.52949977971826,31960800,357.334228515625
2021-07-26,357.6156005859375,358.0038200081069,355.78139116921693,356.6451112644814,28438100,357.6156005859375
2021-07-27,353.6754150390625,357.35357784691723,349.5314363134525,357.35357784691723,57933100,353.6754150390625
2021-07-28,355.0340270996094,356.6062443760131,352.5204637948886,354.8108335535045,42066200,355.0340270996094
2021-07-29,355.6649169921875,356.82948634161215,354.47120453246976,354.47120453246976,25672500,355.6649169921875
2021-07-30,353.8113098144531,354.3936093484703,351.71504926218205,351.74416275803367,36484600,353.8113098144531
2021-08-02,353.8404846191406,356.0531995382084,353.13201660801747,355.470899903298,27334100,353.8404846191406
2021-08-03,355.98516845703125,356.1016224312695,351.31711741542796,354.50032105152934,35558500,355.98516845703125
2021-08-04,356.49957275390625,357.45066302831987,354.84004417214123,355.9463866876559,29602200,356.49957275390625
2021-08-05,358.7608337402344,358.99374172153244,356.6063460622678,357.3147843777116,21443900,358.7608337402344
2021-08-06,357.1885986328125,358.46965170158194,356.0822561585007,357.49916233742056,33332100,357.1885986328125
2021-08-09,357.8485107421875,358.37255361139034,356.54805870512257,357.6446866760717,25960200,357.8485107421875
2021-08-10,356.0142822265625,358.65401424027687,354.8302841259189,358.36287930445565,35130800,356.0142822265625
2021-08-11,355.40289306640625,357.77088942641615,354.0733274087336,357.27596000234576,34249800,355.40289306640625
2021-08-12,356.6839599609375,357.04303629212944,353.5492686074497,354.89826305920906,25969200,356.6839599609375
2021-08-13,357.9359436035156,358.2659064786523,356.5384363576492,357.0333954788487,19336200,357.9359436035156
2021-08-16,358.0912170410156,358.1300152957724,352.9670337992206,356.81987819850315,34856900,358.0912170410156
2021-08-17,354.93707275390625,356.3151510147856,352.5108494327965,355.34466168634174,44793900,354.93707275390625
2021-08-18,351.5208740234375,355.80073481778976,351.1909112596276,354.4032280434307,38541900,351.5208740234375
2021-08-19,353.21929931640625,354.8885422009641,349.33734187482844,349.58967858596617,48499400,353.21929931640625
2021-08-20,356.8780212402344,357.2759253852955,353.9762382539555,354.28680192087853,39486000,356.8780212402344
2021-08-23,362.2157287597656,362.9047678636542,357.9067539381562,357.9164386915184,34034700,362.2157287597656
2021-08-24,363.3220520019531,363.923750591973,362.341848392222,362.80769388948636,21732900,363.3220520019531
2021-08-25,363.7393798828125,364.31199463604713,362.82711756621313,363.5744132863753,20441900,363.7393798828125
2021-08-26,361.4295959472656,363.5646543878473,360.9928639664528,362.8853297273357,29133300,361.4295959472656
2021-08-27,364.94287109375,365.4475149594943,361.57527142508087,362.0605161634079,27104700,364.94287109375
2021-08-30,369.03826904296875,369.52351369079594,365.7094682499672,365.7288969907494,27295700,369.03826904296875
2021-08-31,368.7374267578125,369.3488101474605,367.19432268536974,369.28089840437747,29628200,368.7374267578125
2021-09-01,369.348876953125,371.4160243048738,369.14508245304785,369.79532344261236,28138300,369.348876953125
2021-09-02,369.174072265625,371.02771012392384,367.9609608099566,370.6977473620195,25453400,369.174072265625
2021-09-03,370.30963134765625,370.70753553837505,368.00957630848825,368.02897543352884,24605400,370.30963134765625
2021-09-07,370.8336181640625,371.4838589668425,369.26143038110774,370.41631491144716,23970200,370.8336181640625
2021-09-08,369.5429382324219,370.65899507579223,367.28171104948837,370.65899507579223,32949200,369.5429382324219
2021-09-09,368.2716369628906,370.8725416103821,368.02901459763234,369.7661990256382,29399000,368.2716369628906
2021-09-10,365.4765319824219,370.69776872726254,365.14656920150003,369.9796161815492,40249400,365.4765319824219
2021-09-13,365.22418212890625,368.232704527197,363.17646416375703,367.80568691624063,48741800,365.22418212890625
2021-09-14,364.185791015625,367.4369061808398,363.2347009261619,366.7090392721534,41826600,364.185791015625
2021-09-15,366.89349365234375,367.24288522558624,362.3516105190871,364.64198082794206,34097900,366.89349365234375
2021-09-16,367.1458435058594,367.7184286993201,363.64239097884035,365.563941041,35193100,367.1458435058594
2021-09-17,362.79803466796875,366.718820085904,361.7596335323379,366.6703074633272,60912300,362.79803466796875
2021-09-20,355.3014831542969,358.75052850819037,350.66709716152684,357.01141811814324,76203200,355.3014831542969
2021-09-21,355.7385559082031,358.3229226356182,354.6115368327264,357.1278868870957,41927500,355.7385559082031
2021-09-22,359.06134033203125,360.5186880599965,355.5539747154909,356.65184808119517,46972900,359.06134033203125
2021-09-23,362.3744812011719,363.40433817488514,359.5763680462439,360.21760478173354,44652000,362.3744812011719
2021-09-24,362.7144470214844,363.13224261893384,359.74145968515217,360.1106592295025,36056800,362.7144470214844
2021-09-27,359.8192138671875,360.69361670499325,357.2737175316514,359.6734850025232,43338100,359.8192138671875
2021-09-28,349.63726806640625,359.7706890089476,349.1320646856532,355.27236569707804,97701600,349.63726806640625
2021-09-29,349.0639953613281,353.0376940575205,348.4422089595116,350.9002680921135,58076600,349.0639953613281
2021-09-30,347.7814636230469,352.3672524598552,346.94593179993717,350.7058843035633,61384600,347.7814636230469
2021-10-01,349.9383850097656,350.97796700376824,344.3033180915017,348.40332487128245,56375500,349.9383850097656
2021-10-04,342.5932312011719,348.65578705920774,340.35864365472673,348.325458531026,76766000,342.5932312011719
2021-10-05,347.2180480957031,349.46236180224014,343.42894895803175,343.6523900245953,47232900,347.2180480957031
2021-10-06,349.44287109375,349.71490816575323,343.10824696739064,344.0117954940638,56806500,349.44287109375
2021-10-07,352.6490783691406,355.29173732282277,351.9495501269947,352.48389921273855,39411200,352.6490783691406
2021-10-08,350.8905334472656,353.9606834069778,350.35615473302096,353.7274875690188,41822300,350.8905334472656
2021-10-11,348.1993408203125,352.8725680610117,348.1118738417442,349.35547637804586,34847200,348.1993408203125
2021-10-12,346.9848937988281,350.0841602596316,346.3436570535441,349.6469736036361,43905100,346.9848937988281
2021-10-13,349.763427734375,350.43381000951763,347.2664983704272,349.28737033456565,40120800,349.763427734375
2021-10-14,356.2049560546875,356.41870158590115,352.687894754568,353.3485519783858,43433900,356.2049560546875
2021-10-15,358.4493103027344,358.56589339676304,356.3895965753738,357.41945343905405,40419900,358.4493103027344
2021-10-18,362.0538024902344,362.2675480418583,356.5547393437458,357.15710508473506,34513500,362.0538024902344
2021-10-19,364.79364013671875,364.8422065438889,362.10241481338824,363.12254656253174,29091000,364.79364013671875
2021-10-20,364.3175964355469,365.8623818299415,362.84079808380676,365.2502908972937,31390300,364.3175964355469
2021-10-21,366.5424499511719,366.73677488164685,363.2197130487294,363.5208959360905,25469300,366.5424499511719
2021-10-22,363.4625244140625,366.2509116189009,361.80115632839295,365.2890716192735,36275800,363.4625244140625
2021-10-25,367.1836853027344,368.096959102957,362.93794947075344,364.8810801691298,32597800,367.1836853027344
2021-10-26,368.33984375,371.8277597322551,367.1642580007848,369.4182966859178,47191300,368.33984375
2021-10-27,369.19476318359375,372.2551875273893,368.5243808468804,368.7866927678403,45760500,369.19476318359375
2021-10-28,373.2947692871094,373.5473857182244,370.3217822509706,371.0893270341014,38007000,373.2947692871094
2021-10-29,375.1310729980469,375.29625214903933,369.8749306873248,370.22467997203256,37310100,375.1310729980469
2021-11-01,376.41357421875,376.5398824641891,373.4891825389615,375.56831706828604,30765300,376.41357421875
2021-11-02,377.9874572753906,378.46354442062784,375.75286900934157,375.8014354130221,25135300,377.9874572753906
2021-11-03,382.0000915527344,382.41785757484956,377.43375178694737,378.4733042710766,33748900,382.0000915527344
2021-11-04,386.8966979980469,387.84884257503916,382.7189794670043,383.26305361105216,40265300,386.8966979980469
2021-11-05,387.26593017578125,389.5879557988873,385.8668737874535,388.664986564109,43383800,387.26593017578125
2021-11-08,386.7413024902344,388.25694207068057,386.10006579853456,387.23681030878004,29256300,386.7413024902344
2021-11-09,384.0791931152344,388.20834554996304,382.71900765493467,387.81000022769325,50490700,384.0791931152344
2021-11-10,378.4343566894531,384.1179891815818,376.51064698992576,381.3101812742508,54937400,378.4343566894531
2021-11-11,379.483642578125,381.58222693861705,379.1435888329395,381.4073523210302,32243000,379.483642578125
2021-11-12,383.476806640625,384.0111556551073,379.03674644093985,380.63009799400083,34730600,383.476806640625
2021-11-15,383.389404296875,384.9730606264677,380.95079532997596,384.65245709370566,33716900,383.389404296875
2021-11-16,386.1195068359375,386.6149849927974,382.46641170396464,382.66070698024396,27872900,386.1195068359375
2021-11-17,386.3235168457031,388.35408477451546,385.3616766820078,386.44009993829405,28703300,386.3235168457031
2021-11-18,390.32635498046875,390.83155825697514,386.1486360963617,388.36380376999676,45721500,390.32635498046875
2021-11-19,392.5026550292969,393.77540319697215,391.1327444019126,391.9585808347099,45191700,392.5026550292969
2021-11-22,387.94598388671875,397.0884162450373,387.8391259434944,394.03771684540067,61715400,387.94598388671875
2021-11-23,386.177734375,388.84953859201204,381.7473995725945,386.7897955261428,70098700,386.177734375
2021-11-24,387.42138671875,387.7031193065727,381.37824939479043,383.7002750331125,46954400,387.42138671875
2021-11-26,380.07635498046875,386.23607538819647,378.6869940757919,384.84671448351963,51533300,380.07635498046875
2021-11-29,388.3249206542969,389.33535682537865,383.90431058676927,384.63298453085525,54447100,388.3249206542969
2021-11-30,382.6218566894531,389.78228826501027,380.6107093860575,387.440812314893,81332700,382.6218566894531
2021-12-01,376.1123962402344,389.09252551727917,375.6460638199846,386.9550697583902,77766500,376.1123962402344
2021-12-02,378.8230285644531,380.6009800122921,373.41140274344633,374.829879775316,84416600,378.8230285644531
2021-12-03,372.2358093261719,381.1839172255173,368.1260775304697,380.1832061761861,105349100,372.2358093261719
2021-12-06,375.218505859375,376.5786912592903,368.51468201368897,372.7215760878553,67588800,375.218505859375
2021-12-07,386.5177917480469,387.1298826017134,381.8154194791573,381.8542903912459,56005300,386.5177917480469
2021-12-08,388.2472229003906,388.4512729757663,384.9536317171657,386.84819604677244,39204000,388.2472229003906
2021-12-09,382.5343933105469,388.8204216107013,382.3400684022684,387.02301998348895,49973700,382.5343933105469
2021-12-10,386.69268798828125,386.95499992733414,382.17488593364493,385.3421980821005,52545800,386.69268798828125
2021-12-13,381.1062316894531,387.0036107993027,380.73703211440903,386.6830072813978,50166400,381.1062316894531
2021-12-14,377.1617126464844,378.9979558954656,372.72165150529594,376.28728003763007,75199200,377.1617126464844
2021-12-15,385.760009765625,386.11951385042335,372.96451072965965,376.909063672621,73858000,385.760009765625
2021-12-16,375.84027099609375,387.1493039329208,374.2566150073627,386.72181288136824,82591400,375.84027099609375
2021-12-17,373.96527099609375,378.1235700481697,370.9145411689588,372.43018093982033,80492500,373.96527099609375
2021-12-20,370.33758544921875,371.1255560766206,367.20514837555993,369.24804728232675,65336800,370.33758544921875
2021-12-21,378.62591552734375,378.9372206550842,369.86095132660364,373.6062316713703,48899500,378.62591552734375
2021-12-22,383.23699951171875,383.4412804932483,377.67254707587614,378.3340481411925,37042200,383.23699951171875
2021-12-23,386.126220703125,387.5951377661711,383.42182085959166,383.5871812759535,29595500,386.126220703125
2021-12-27,392.5078430175781,392.5078430175781,387.39087307820034,387.4200560757079,32820700,392.5078430175781
2021-12-28,390.6886901855469,393.5779258347806,389.8131705286223,393.40282784093364,33113700,390.6886901855469
2021-12-29,390.6302795410156,392.0894886983413,388.2566302700842,390.8248526370669,32248500,390.6302795410156
2021-12-30,389.4630126953125,392.595450205438,388.8793229709508,390.4163438803338,23850100,389.4630126953125
2021-12-31,387.03094482421875,390.15364435086724,386.53480417213575,388.7917216357938,34752900,387.03094482421875
2022-01-03,390.7568054199219,391.00974454371743,386.0873473183604,388.19832024519195,40575900,390.7568054199219
2022-01-04,385.6884765625,391.34047822796384,382.5949599614313,391.30155766728365,58027200,385.6884765625
2022-01-05,373.83966064453125,385.1242172262459,373.5867215610678,384.00546647257966,75739800,373.83966064453125
2022-01-06,373.5769958496094,376.81645685721696,369.7927954770154,372.020529806364,70814300,373.5769958496094
2022-01-07,369.5301513671875,375.26973173594047,367.7596666339239,373.58676631105357,72652300,369.5301513671875
2022-01-10,369.7733154296875,370.28893116706166,359.2670213392742,364.6271924939485,91770500,369.7733154296875
2022-01-11,375.328125,375.4934854420192,366.96198507841575,369.0437750740555,68295700,375.328125
2022-01-12,376.8165283203125,379.5890322281386,374.54016512828366,377.89632906917427,54576400,376.8165283203125
2022-01-13,367.38995361328125,378.87879122687906,366.4560680740918,378.19781508490973,77994000,367.38995361328125
2022-01-14,369.6761474609375,370.0068980546383,364.66617105033026,364.87048175725505,80121200,369.6761474609375
2022-01-18,360.4732666015625,365.9890899163701,359.71447907712337,363.868379872128,75450900,360.4732666015625
2022-01-19,356.51397705078125,364.50070652430776,356.2513004133618,362.0297708089985,81791500,356.51397705078125
2022-01-20,351.88348388671875,363.70307408651166,351.3484523152494,359.734037581992,88610700,351.88348388671875
2022-01-21,342.1261901855469,352.33091698772046,341.84406809533505,349.6946206883517,143388900,342.1261901855469
2022-01-24,343.6924743652344,344.35400525124277,325.06323854930025,336.5034508180747,198685800,343.6924743652344
2022-01-25,335.72515869140625,341.4841848912907,332.38844029940157,337.2427637902628,124398400,335.72515869140625
2022-01-26,335.19976806640625,347.1750074628406,331.5128250411181,343.31296648389116,146559500,335.19976806640625
2022-01-27,331.8241882324219,341.7176102878764,330.80272394836476,339.8984675125725,95255700,331.8241882324219
2022-01-28,342.2331237792969,342.4471422773327,328.75978502571,333.7016262244268,108167900,342.2331237792969
2022-01-31,353.1772766113281,353.7609662648605,341.96082238980597,343.5951593572345,94326400,353.1772766113281
2022-02-01,355.58013916015625,356.23193242737494,349.37366005965646,354.51978388230384,74433000,355.58013916015625
2022-02-02,358.4693908691406,360.0356244798105,354.3836221433139,359.7048738939835,78777100,358.4693908691406
2022-02-03,343.9356384277344,352.0877595673493,342.87528317586026,348.78022424897017,95384800,343.9356384277344
2022-02-04,348.2743225097656,351.5721197620459,342.39856533383363,344.4511719615143,86318300,348.2743225097656
2022-02-07,345.4726257324219,351.2316210641107,344.2176975846905,348.8677094298636,58198100,345.4726257324219
2022-02-08,349.3542175292969,350.4437559095644,343.2060741689936,344.3345331164691,64720900,349.3542175292969
2022-02-09,356.75726318359375,356.8350746245941,352.27261072691533,353.8680273004975,55766400,356.75726318359375
2022-02-10,348.68292236328125,356.52373803272644,346.84433406588846,349.74327756855774,112468500,348.68292236328125
2022-02-11,337.6220703125,350.27828670953545,336.39632517138085,348.68287051394003,101569100,337.6220703125
2022-02-14,338.0403747558594,341.4354881578317,334.53829662301456,337.06756867725016,80254400,338.0403747558594
2022-02-15,346.4454040527344,346.67886799168025,342.25261258562773,343.31296755858426,55128800,346.4454040527344
2022-02-16,346.3579406738281,347.37937534683465,341.17286680940686,344.19830964180295,58947100,346.3579406738281
2022-02-17,336.055908203125,343.84806555084964,335.63757898128034,343.14764391072606,61801400,336.055908203125
2022-02-18,332.2230529785156,337.3789139342087,329.9175070476172,336.98979739395264,80001500,332.2230529785156
2022-02-22,328.8863525390625,334.6842996684191,325.2578039111274,329.2852066987718,85967100,328.8863525390625
2022-02-23,320.46185302734375,332.8748407868643,320.15054789735365,332.0382416486685,86215400,320.46185302734375
2022-02-24,331.2308044433594,331.76586571589667,309.60533959972105,310.1695541857817,130614100,331.2308044433594
2022-02-25,336.3671875,336.5714981761726,328.21509652010724,332.02848018101594,78842100,336.3671875
2022-02-28,337.369140625,339.0618434116752,332.0381822442066,333.19582386799624,77515500,337.369140625
2022-03-01,332.20361328125,338.6144032240385,329.68404853136684,336.3477776117557,67407000,332.20361328125
2022-03-02,337.7777404785156,339.1104801061964,330.9875431074301,333.75030891184065,70609000,337.7777404785156
2022-03-03,332.9526672363281,340.5210984604028,331.09460378869966,340.41407433832154,71089400,332.9526672363281
2022-03-04,328.1275329589844,332.0284954824209,325.8122790448653,330.59846912175567,76936300,328.1275329589844
2022-03-07,316.0258483886719,329.2754954686106,315.82156737304103,328.1178535672142,89933800,316.0258483886719
2022-03-08,314.55682373046875,324.14867657003094,311.2395517322768,315.2377701128646,116153900,314.55682373046875
2022-03-09,325.8803405761719,327.2325554489857,320.1407899136627,322.7284579772235,64723400,325.8803405761719
2022-03-10,322.261474609375,323.46777439300604,317.8254810506982,321.82372966537287,69362700,322.261474609375
2022-03-11,315.57830810546875,325.5398632369939,315.0919050320362,325.2285581449521,66228400,315.57830810546875
2022-03-14,309.51776123046875,317.70877279649835,308.81733958006123,314.3428716623377,79802600,309.51776123046875
2022-03-15,319.226318359375,320.0045810582813,310.54890450229607,312.1540286427411,76471000,319.226318359375
2022-03-16,331.0653991699219,331.18213115897674,319.4695366915689,323.13703491127427,105243000,331.0653991699219
2022-03-17,335.0733947753906,335.131760776708,327.8746342985671,329.1684535780236,67810000,335.0733947753906
2022-03-18,341.931640625,342.2235002966636,332.2619446534584,333.41958640270553,85446300,341.931640625
2022-03-21,340.9810485839844,343.31869390140747,336.5980082004085,341.0979546293715,73799100,340.9810485839844
2022-03-22,347.6822204589844,348.5491026772083,341.09794028339115,341.47778831063994,63345900,347.6822204589844
2022-03-23,342.6855773925781,348.3640665745437,342.62713922984744,344.80893962791197,70615500,342.6855773925781
2022-03-24,350.30230712890625,350.351025410237,342.4517974996988,344.604348920767,53555300,350.30230712890625
2022-03-25,350.0100402832031,351.29573893041794,345.7146582511813,350.2437928647377,57584200,350.0100402832031
2022-03-28,355.425537109375,355.52294392941155,348.76332081543086,350.0003012291695,56833900,355.425537109375
2022-03-29,361.5423278808594,362.1656780545059,356.54565799435034,359.31183941200896,68073000,361.5423278808594
2022-03-30,357.5489501953125,361.3378593665474,356.0684672576992,359.6820322233208,68757700,357.5489501953125
2022-03-31,353.1171875,358.04567005236385,352.27952440693844,357.69501139905674,67011400,353.1171875
2022-04-01,352.4451599121094,354.1593955264717,349.26988108447256,353.38020022216114,54527800,352.4451599121094
2022-04-04,359.7015075683594,359.71125717005106,353.019820174865,353.2827919009814,45950200,359.7015075683594
2022-04-05,351.714599609375,358.96122778866624,350.57499618285163,358.25019063157123,62738700,351.714599609375
2022-04-06,344.07843017578125,347.5069311681913,341.44859397590363,346.4062962380528,90077100,344.07843017578125
2022-04-07,344.8965148925781,347.0880346472585,339.62712382661994,343.08484310536005,63777400,344.8965148925781
2022-04-08,340.0752258300781,343.91282354869514,339.44212594464426,343.162847342799,61956100,340.0752258300781
2022-04-11,332.0299072265625,336.76357619913693,331.68899816767185,335.8480054578386,66107400,332.0299072265625
2022-04-12,330.6272888183594,338.6531115701923,329.2539328859317,336.77328177821795,72790200,330.6272888183594
2022-04-13,337.34796142578125,338.39987787475087,330.2474287909676,330.9681858074025,61367800,337.34796142578125
2022-04-14,329.6337890625,337.95183248717245,329.4195059388165,337.43560901526075,73519400,329.6337890625
2022-04-18,329.88702392578125,332.1759504193535,327.0624045126952,328.58185577557975,58560600,329.88702392578125
2022-04-19,337.26031494140625,337.83497659773195,328.2215139748147,329.2442113806773,56515700,337.26031494140625
2022-04-20,332.341552734375,338.526514901853,331.1240416669341,338.06872955151954,65500000,332.341552734375
2022-04-21,325.465087890625,338.8284920047036,324.5397972136839,336.2181551269493,75801000,325.465087890625
2022-04-22,316.9424743652344,326.83840786440084,316.51390809257975,325.6208967999029,82562100,316.9424743652344
2022-04-25,321.01385498046875,321.3255449766904,314.04969696933296,315.3159264323357,101755900,321.01385498046875
2022-04-26,308.8971862792969,319.14374885707394,308.6244352611816,318.95868479443385,105819600,308.8971862792969
2022-04-27,308.527099609375,314.4880299191274,306.8128342616935,308.99460490463673,111204200,308.527099609375
2022-04-28,319.4846496582031,321.3157910363892,309.26727669681173,313.48475162677266,99450000,319.4846496582031
2022-04-29,305.1082458496094,318.72489909461126,304.47514609679433,315.2866493407325,91977900,305.1082458496094
2022-05-02,310.202392578125,310.4361452229706,301.60187658563825,304.69921802742374,115511800,310.202392578125
2022-05-03,310.53350830078125,312.8224350402843,307.7673267371829,310.22181833531886,78185500,310.53350830078125
2022-05-04,321.03338623046875,321.70545484748925,305.73171250145947,311.0108248641342,116083400,321.03338623046875
2022-05-05,304.86474609375,316.79635356866515,301.57259168354466,316.71844594551925,154607400,304.86474609375
2022-05-06,301.2123107910156,306.9005203041833,297.17989889460654,302.86813813217265,139572800,301.2123107910156
2022-05-09,289.4267578125,301.30967906735975,288.0339321273305,295.59225120251307,113387300,289.4267578125
2022-05-10,292.9429016113281,297.8129457012923,288.8618022859869,296.5954346788012,124124600,292.9429016113281
2022-05-11,284.2547607421875,296.18637005820534,283.38790825672874,290.6832255838595,140326100,284.2547607421875
2022-05-12,283.5826721191406,288.0631187959251,277.53408545389686,279.9788571911552,120910900,283.5826721191406
2022-05-13,294.09222412109375,295.12467108754123,286.4364993748133,288.03388809989207,83684900,294.09222412109375
2022-05-16,290.6832275390625,294.40394878669343,289.4072782183106,292.3487744870589,59190400,290.6832275390625
2022-05-17,298.2123107910156,298.5921587961595,292.7383559367014,296.5370143344921,62715300,298.2123107910156
2022-05-18,283.572998046875,294.3942239034574,282.3165180984512,293.70268582770615,79477100,283.572998046875
2022-05-19,282.05340576171875,286.7384146145498,280.10538850334143,281.7709646608108,79920700,282.05340576171875
2022-05-20,281.1768798828125,286.1638006552641,272.9270233764225,285.51123134311183,91764200,281.1768798828125
2022-05-23,285.8521423339844,286.23199034784994,279.8230248721788,282.21907844050895,63648400,285.8521423339844
2022-05-24,279.7743225097656,281.35221225976335,274.9140273398157,280.6412047467661,73491100,279.7743225097656
2022-05-25,283.6898498535156,285.76449362585697,278.07954891697494,278.28408246900483,67144500,283.6898498535156
2022-05-26,291.5500183105469,293.0987183393502,282.60862535702614,282.8910962098479,59462200,291.5500183105469
2022-05-27,301.06610107421875,301.2121964372333,294.5597299632836,294.6766062536952,66985600,301.06610107421875
2022-05-31,300.2674560546875,303.2381712461334,296.4201090925534,301.0369313919927,60968300,300.2674560546875
2022-06-01,298.0467224121094,304.523875630762,295.8357329172192,302.40054336965414,65341700,298.0467224121094
2022-06-02,306.2088928222656,306.3842072732837,295.5142654443154,296.92659010109287,59291300,306.2088928222656
2022-06-03,298.24151611328125,302.40052312325975,296.9947859978607,300.99794802786283,60914700,298.24151611328125
2022-06-06,299.2349853515625,304.23165526192764,297.6765653234213,302.67323523378644,51785000,299.2349853515625
2022-06-07,301.8160400390625,302.5952647534679,294.8226654269313,295.9135503027153,44900300,301.8160400390625
2022-06-08,299.6441955566406,303.61813989455624,298.79678260959304,301.01752232992254,38342100,299.6441955566406
2022-06-09,291.6182556152344,301.01743545544304,291.4526907496542,297.9590629986376,55900500,291.6182556152344
2022-06-10,281.33270263671875,287.20597460384334,280.8846669045221,286.01768266023385,85963500,281.33270263671875
2022-06-13,268.25177001953125,275.001643941255,267.39463751053967,272.47896468943065,94442000,268.25177001953125
2022-06-14,268.73883056640625,271.4173553543754,266.2356202670673,270.44334634056844,64697500,268.73883056640625
2022-06-15,275.44964599609375,279.37489983286076,269.4205298192977,272.1575215881491,86051400,275.44964599609375
2022-06-16,264.33624267578125,268.884846785,262.2810688052266,268.42706149435605,81910300,264.33624267578125
2022-06-17,267.550537109375,269.9855596323229,263.47918658486117,265.10576498452855,82703400,267.550537109375
2022-06-21,274.3006286621094,276.61349173532,271.9195063318225,272.02683895071556,51633700,274.3006286621094
2022-06-22,273.9006042480469,278.30180844546015,271.2071624610074,271.8024357299077,67472900,273.9006042480469
2022-06-23,277.979736328125,278.8287481171388,273.54922781064863,276.37927703453715,57457800,277.979736328125
2022-06-24,287.50433349609375,287.92398502775217,280.5658327618819,280.80003470957627,58422300,287.50433349609375
2022-06-27,285.39642333984375,289.42678703662733,284.2643977545866,288.8607891347618,54151500,285.39642333984375
2022-06-28,276.70135498046875,288.5192616412146,276.5159351758475,285.9331824998259,61609800,276.70135498046875
2022-06-29,276.9551086425781,278.45797422473055,274.0665082539823,276.5647620681519,57302700,276.9551086425781
2022-06-30,273.5199890136719,277.09171787698773,269.1285234937554,273.9786543814577,79313600,273.5199890136719
2022-07-01,275.3253479003906,275.71569439598346,270.3483481823784,272.22205305536403,56675100,275.3253479003906
2022-07-05,280.03875732421875,280.15585825989893,270.07502229316805,271.5973940200497,61829300,280.03875732421875
2022-07-06,281.8345031738281,283.9326717616443,278.7019325880471,280.4194931796064,63194700,281.8345031738281
2022-07-07,287.86541748046875,288.56805306343966,282.64444764131935,282.64444764131935,56620100,287.86541748046875
2022-07-08,288.22650146484375,289.5927291083753,284.0985135096991,285.0353510679023,59895500,288.22650146484375
2022-07-11,282.0687561035156,286.0405705972896,281.1904688374721,285.8161369450939,55273900,282.0687561035156
2022-07-12,279.3362731933594,285.2306049937938,277.7455817987747,283.3178858517059,55797100,279.3362731933594
2022-07-13,278.76043701171875,281.10254575215123,273.2662215205759,273.8322492499436,73939400,278.76043701171875
2022-07-14,279.7558898925781,280.62440871511484,273.0515607161218,276.16462427336086,63741800,279.7558898925781
2022-07-15,284.8304748535156,284.93783728464246,281.1318763281155,282.7421043242773,63818100,284.8304748535156
2022-07-18,282.4200134277344,289.01697987225447,281.2489738562214,287.6117085612143,59519600,282.4200134277344
2022-07-19,291.10528564453125,291.3980678086759,284.44003162699636,286.0404609545284,55172600,291.10528564453125
2022-07-20,295.7212219238281,296.90202960971567,290.744222805503,291.52494548414666,67769400,295.7212219238281
2022-07-21,299.9664001464844,300.02495064223245,293.52557758038677,296.17997591992554,55049400,299.9664001464844
2022-07-22,294.7063903808594,301.1081694593646,292.8814970769838,299.0393058254194,57127700,294.7063903808594
2022-07-25,293.0278015136719,295.2040270459721,291.0272572099381,294.7355934056734,40582400,293.0278015136719
2022-07-26,287.2701721191406,291.5835805480421,286.46020374795387,291.3298418811851,50074100,287.2701721191406
2022-07-27,299.4100646972656,301.0983496471215,291.26145191551063,291.82747960619065,69304400,299.4100646972656
2022-07-28,302.3377990722656,302.91356549576466,295.4480791144159,299.1954599297295,55139900,302.3377990722656
2022-07-29,307.8515319824219,308.7591243003391,302.45490913901483,303.8797173973839,57501000,307.8515319824219
2022-08-01,307.6660461425781,311.1206738276758,304.9921412634084,306.08512341017763,46358800,307.6660461425781
2022-08-02,306.7487487792969,310.8669689606227,304.31881392899396,305.37278238610025,48676500,306.7487487792969
2022-08-03,315.102294921875,315.922031555984,308.3686908175321,308.42724130700196,53735700,315.102294921875
2022-08-04,316.5758056640625,316.8880947466427,313.0333526987041,315.1803029145353,38973700,316.5758056640625
2022-08-05,313.98974609375,316.0195656918979,310.7107998702354,311.4914928430166,53894000,313.98974609375
2022-08-08,312.9748840332031,318.59596986295065,311.5110620801675,314.9071397325623,43878500,312.9748840332031
2022-08-09,309.432373046875,311.3353531473063,307.81243659216807,311.0816145255079,39764200,309.432373046875
2022-08-10,318.0689392089844,318.3617214257896,314.29228388628064,316.76126202887053,51459600,318.0689392089844
2022-08-11,316.26348876953125,322.3920200139805,315.5608532862781,320.3914759563342,45897700,316.26348876953125
2022-08-12,322.42138671875,322.6165450793937,317.25896710802823,318.3129056437859,40928400,322.42138671875
2022-08-15,325.0269470214844,325.5246558976248,321.4552187289758,321.4747554105668,38266600,325.0269470214844
2022-08-16,324.2658386230469,326.35423890952364,321.2210937184744,324.05114354482527,41186900,324.2658386230469
2022-08-17,320.5671691894531,323.436261971791,318.48853770617495,321.1331968983646,47842200,320.5671691894531
2022-08-18,321.338134765625,322.5189425848019,318.90820030114213,320.5183981966612,41937200,321.338134765625
2022-08-19,315.0729675292969,318.9569851504218,314.31178143869266,318.3031614705781,51770600,315.0729675292969
2022-08-22,306.7779235839844,311.0522869439846,305.96795549292,310.8180850442115,51098900,306.7779235839844
2022-08-23,306.5242919921875,309.35434152618393,305.7728444052722,306.5437988949074,39497100,306.5242919921875
2022-08-24,307.412353515625,309.22747829484655,305.4410543854446,306.04609597851845,38057100,307.412353515625
2022-08-25,312.847900390625,312.86743706970884,308.1441768674814,309.1883468451625,38098300,312.847900390625
2022-08-26,300.02490234375,313.7555572354442,299.9370766142662,312.5552127027734,69047700,300.02490234375
2022-08-29,297.0679626464844,299.81018609423813,295.9652122628593,297.2728893341187,48321900,297.0679626464844
2022-08-30,293.75970458984375,299.3320068591553,291.2419445706575,298.71719702917835,51184500,293.75970458984375
2022-08-31,292.05194091796875,297.555924896819,291.9446082866473,296.6581011353187,50044000,292.05194091796875
2022-09-01,292.1788024902344,292.5496420822986,285.8843871110546,289.5634482261889,57990700,292.1788024902344
2022-09-02,288.0508117675781,296.42385775688933,286.44058427059224,295.04786195450646,64666800,288.0508117675781
2022-09-06,285.9819030761719,289.4462983489766,283.8544897334609,288.5289678651428,57005400,285.9819030761719
2022-09-07,291.7591857910156,292.7545738330587,286.19665137708756,286.46015834522314,49260400,291.7591857910156
2022-09-08,293.2717590332031,294.5892043917732,288.32406480087906,289.6902922987745,55649800,293.2717590332031
2022-09-09,299.683349609375,300.1810585439501,293.2718030746139,295.5260862300546,56125200,299.683349609375
2022-09-12,303.2452697753906,303.5770657606081,300.747016654849,301.05930574029827,45905700,303.2452697753906
2022-09-13,286.6163024902344,295.7114920734445,285.7282470797957,294.5209158923819,79562200,286.6163024902344
2022-09-14,288.89013671875,289.76842392232237,285.9917680998876,287.75811085001067,54907200,288.89013671875
2022-09-15,284.0789794921875,289.37800644389927,282.47852027572605,286.9773474007332,65299400,284.0789794921875
2022-09-16,282.3419189453125,282.7322654178717,278.7311470657045,280.78050327354885,79920400,282.3419189453125
2022-09-19,284.5406494140625,284.6970745912991,279.6427184448839,279.70137415696615,52613800,284.5406494140625
2022-09-20,282.2725524902344,284.5602147143925,279.97510436926854,282.0378998122083,51271100,282.2725524902344
2022-09-21,277.2181396484375,287.3757802061988,277.08128628170294,283.11327668494283,82931000,277.2181396484375
2022-09-22,273.8062438964844,276.7000351668306,272.58420013628125,275.69307230182534,62757100,273.8062438964844
2022-09-23,269.3482360839844,271.6358984690643,265.93626954877664,271.34259005966226,74815200,269.3482360839844
2022-09-26,268.2336730957031,273.2391588301352,267.4417912419773,268.8789156867109,71176700,268.2336730957031
2022-09-27,268.3412170410156,273.94304548411566,266.0241974483463,271.5967278751962,69780100,268.3412170410156
2022-09-28,273.6790771484375,274.95977629745494,266.84541972207256,268.32162792209664,79652100,273.6790771484375
2022-09-29,265.7896423339844,270.0716887242896,262.82740925830205,269.6903967252643,81216000,265.7896423339844
2022-09-30,261.2826843261719,269.0353210743035,261.12625917908525,264.9683567551903,78482400,261.2826843261719
2022-10-03,267.4125061035156,269.00605596137075,261.5466959774545,263.05226226362504,61267400,267.4125061035156
2022-10-04,275.8201599121094,276.5240582865972,272.75037177377175,272.75037177377175,66696900,275.8201599121094
2022-10-05,275.6734924316406,277.4625511231233,269.2602100468539,272.05623146486425,55766300,275.6734924316406
2022-10-06,273.50311279296875,277.82424176859405,273.18047661125445,274.67625661590097,53489400,273.50311279296875
2022-10-07,263.08160400390625,268.99628425911965,261.75200479094065,268.8691869260728,71354700,263.08160400390625
2022-10-10,260.4517517089844,263.6681793088625,257.7437134187237,263.2771014291403,60393000,260.4517517089844
2022-10-11,256.8736572265625,261.64452193267675,255.1921234339986,258.78005786312406,66522500,256.8736572265625
2022-10-12,256.7855529785156,259.4251489637878,256.0914406437089,257.50899316310165,50580200,256.7855529785156
2022-10-13,262.8078308105469,264.12764394193346,248.5734536032913,249.45333399672413,112894100,262.8078308105469
2022-10-14,254.90846252441406,265.73088583053635,254.32190557154297,265.1345429834363,77244300,254.90846252441406
2022-10-17,263.3259582519531,264.1960377721946,260.7743157265391,260.8720851805675,64576500,263.3259582519531
2022-10-18,265.4083557128906,271.01018506656084,262.72961557378073,270.3454004390657,69781000,265.4083557128906
2022-10-19,264.4404296875,267.5590871120454,262.07457015959795,263.89295658178486,53115400,264.4404296875
2022-10-20,263.09136962890625,268.69322953912973,261.928011298479,263.5508593231311,60605500,263.09136962890625
2022-10-21,269.26019287109375,269.7978800833209,260.85252752642265,261.9865874878013,77897700,269.26019287109375
2022-10-24,272.2224426269531,273.1511778563182,265.88735790217254,269.5241608272236,63963600,272.2224426269531
2022-10-25,277.8536071777344,278.23489911038496,271.68473333216065,273.16097158157777,59014500,277.8536071777344
2022-10-26,271.7140808105469,277.6287902965968,271.2252633241817,272.2322261526919,63492400,271.7140808105469
2022-10-27,266.7672424316406,272.05625105959984,266.2490971046528,270.59958454005965,57760300,266.7672424316406
2022-10-28,274.9305114746094,275.39978700768586,265.97537143833364,266.1415825130853,62651300,274.9305114746094
2022-10-31,271.733642578125,273.503159426672,269.81745662103884,272.68194966008537,47742000,271.733642578125
2022-11-01,268.95709228515625,275.7614518928756,268.595372187097,275.2041929031402,45895900,268.95709228515625
2022-11-02,259.7380065917969,271.9877694465551,259.6695649953625,268.9277677479085,79803100,259.7380065917969
2022-11-03,254.66412353515625,258.58444930817916,254.28286141146174,257.1277827515424,70038900,254.66412353515625
2022-11-04,258.76043701171875,260.64726549152124,253.28567478294306,259.59143276846174,78313200,258.76043701171875
2022-11-07,261.6053771972656,262.1430944122781,257.6752947702583,259.80653216343387,47333800,261.6053771972656
2022-11-08,263.5116882324219,266.747656983105,259.58157730334085,263.1206402855354,63213800,263.5116882324219
2022-11-09,257.4307861328125,262.5535826079869,257.1472637052419,261.77148675232706,64862100,257.4307861328125
2022-11-10,276.4262390136719,276.71951751892516,267.7252952822844,269.8369900252469,99256700,276.4262390136719
2022-11-11,281.519775390625,282.18458988685967,274.9011969662566,276.24055218615365,66961800,281.519775390625
2022-11-14,279.0561218261719,282.7417948379583,278.0784868785844,279.4667117965301,55290700,279.0561218261719
2022-11-15,282.9178161621094,286.7012589614155,279.5742912260636,285.67472427703444,73985400,282.9178161621094
2022-11-16,279.0561218261719,283.0057753682395,278.2349120504045,280.9625219079878,48859800,279.0561218261719
2022-11-17,278.4401550292969,279.9163930716426,274.4416324207033,274.5980575633067,55462100,278.4401550292969
2022-11-18,278.4499816894531,281.5490676405468,276.00589441916804,281.45132801777515,53588600,278.4499816894531
2022-11-21,275.5855407714844,278.21535143793466,274.7545450656288,277.0617493138327,40083500,275.5855407714844
2022-11-22,279.5546875,279.71108281568,274.1874520736571,276.318718646645,41873400,279.5546875
2022-11-23,282.3605041503906,282.9861749393081,279.39827175235274,279.5742388647001,46390000,282.3605041503906
2022-11-25,280.5030212402344,281.47087025300624,280.0142037856951,280.7669719250677,15498800,280.5030212402344
2022-11-28,276.38720703125,280.5421561500874,275.4584715998371,278.52823025811415,38714200,276.38720703125
2022-11-29,274.29498291015625,277.01280626173184,272.9263002573923,276.61197244287877,35618900,274.29498291015625
2022-11-30,286.7989196777344,286.9064750158597,273.70840571881683,274.5589431887968,74718100,286.7989196777344
2022-12-01,287.15093994140625,289.13553770503285,284.3744602516807,287.12161208618227,51547300,287.15093994140625
2022-12-02,286.00701904296875,286.88691413944053,281.9107272704412,282.0867241907616,53583200,286.00701904296875
2022-12-05,281.2068786621094,285.15650163901466,279.7501825716484,283.8855883761072,41482100,281.2068786621094
2022-12-06,275.38018798828125,281.18734160763,273.9919631554687,281.0504882375868,53937600,275.38018798828125
2022-12-07,274.25592041015625,276.2503039825609,272.54505931577694,274.1972647022958,45614300,274.25592041015625
2022-12-08,277.501708984375,278.46955811599247,273.53251315292846,275.6050946410666,42594900,277.501708984375
2022-12-09,275.7321472167969,279.25163871744275,275.2921995910729,276.48491532642936,47860500,275.7321472167969
2022-12-12,279.19293212890625,279.2516176649539,274.87180303489004,275.908093532643,35732500,279.19293212890625
2022-12-13,282.1942443847656,290.2401885409192,279.5155349090662,290.0153218239279,80667700,282.1942443847656
2022-12-14,280.10211181640625,284.8925156121254,276.85635763308704,281.6076476891763,64984400,280.10211181640625
2022-12-15,270.6973876953125,276.68050952451307,269.50467172161177,276.01569500511505,60554100,270.6973876953125
2022-12-16,268.1163330078125,271.55759662339494,266.51299768012547,270.02273272438384,68300400,268.1163330078125
2022-12-19,264.3483581542969,268.47404612090867,263.11357960823074,268.3858519256861,44167900,264.3483581542969
2022-12-20,264.1425476074219,265.8869024245036,261.60441519925917,263.1821610584661,51064200,264.1425476074219
2022-12-21,267.9742736816406,269.27762774929147,264.3385435697956,265.18133792927495,46394700,267.9742736816406
2022-12-22,261.4182434082031,265.09315110385836,257.2043313066332,264.9657495187062,60278400,261.4182434082031
2022-12-23,262.0061950683594,262.6726010348919,258.25290263889315,260.15405720930426,39373600,262.0061950683594
2022-12-27,258.3019104003906,261.50644919316005,257.7629358770659,261.39863634460903,38009000,258.3019104003906
2022-12-28,254.89161682128906,260.15408012625954,254.52903069509586,257.9001485866128,47139000,254.89161682128906
2022-12-29,261.1045837402344,262.04535151900467,256.99848543176233,257.6942594207979,45893600,261.1045837402344
2022-12-30,260.94781494140625,261.07521651214813,257.0377231655659,258.341077122022,37858300,260.94781494140625
2023-01-03,259.18389892578125,264.7403425754029,256.8809508045334,263.2703795073479,42335300,259.18389892578125
2023-01-04,260.4186706542969,262.09445023311,257.27295778358507,261.300672498505,47754900,260.4186706542969
2023-01-05,256.3419494628906,258.9192895246878,256.0283800668829,258.75271045594553,45396700,256.3419494628906
2023-01-06,263.4173889160156,264.5345752837796,255.126804985391,258.07654065905234,54659700,263.4173889160156
2023-01-09,265.1225280761719,269.77741078699546,264.5149481705316,265.40669938269843,45568700,265.1225280761719
2023-01-10,267.3666687011719,267.4744815439094,263.5839781045529,264.0935545337913,35247800,267.3666687011719
2023-01-11,271.99212646484375,272.0999392967966,267.65084316056124,268.4348413268979,44077000,271.99212646484375
2023-01-12,273.462158203125,274.4911504479409,268.25849055952096,272.55078814271513,60600000,273.462158203125
2023-01-13,275.34368896484375,275.58868281451504,270.63000968968595,270.96319773646184,44802900,275.34368896484375
2023-01-17,275.9023742675781,277.1861400760994,273.9816003119782,275.14777381841895,36269700,275.9023742675781
2023-01-18,272.3155517578125,278.9891814182837,272.10976531060794,277.44080363633776,47754500,272.3155517578125
2023-01-19,269.6402282714844,271.82558420366604,268.40547959041226,270.6888091384825,44150400,269.6402282714844
2023-01-20,277.0193786621094,277.3525666368872,270.18895041299066,271.24734036249134,60613600,277.0193786621094
2023-01-23,283.1737060546875,284.39867540350957,277.06847796030434,277.8622557058228,52799900,283.1737060546875
2023-01-24,282.595458984375,283.75182260561473,281.0373019205408,281.55668760848556,44875100,282.595458984375
2023-01-25,281.9683532714844,282.5857126972859,275.54949598721333,278.08762887043525,50872000,281.9683532714844
2023-01-26,287.46600341796875,287.64239182663204,282.7425144316851,285.38846018754776,51596300,287.46600341796875
2023-01-27,290.32757568359375,292.28752684887775,286.0352778465848,286.1528701314648,56441900,290.32757568359375
2023-01-30,284.45745849609375,288.48517308170074,284.0850929525682,287.0641967396339,49405800,284.45745849609375
2023-01-31,288.7203063964844,288.8183099038059,284.38883249370343,284.4966154172271,46705100,288.7203063964844
2023-02-01,294.89422607421875,297.35394412149606,286.4468125594158,288.5145763137995,67562200,294.89422607421875
2023-02-02,305.4779052734375,307.39864851001664,300.5878380395017,301.41101371232133,83070600,305.4779052734375
2023-02-03,300.0487976074219,306.1344650925089,298.44165384123636,298.83363793739363,76170800,300.0487976074219
2023-02-06,297.5107421875,299.7842924007308,296.16818061095165,297.43235731063703,40802300,297.5107421875
2023-02-07,303.6748046875,304.80177050137615,296.2661924961063,297.3833489851689,67584000,303.6748046875
2023-02-08,298.2751159667969,303.30239469294725,297.58915111170046,302.36162665672765,56720900,298.2751159667969
2023-02-09,295.6390075683594,302.8026262239471,294.18866293953266,302.65563587730645,49137800,295.6390075683594
2023-02-10,293.69866943359375,295.53121883431214,291.297717495013,293.48307362724574,50050100,293.69866943359375
2023-02-13,298.4024353027344,298.9904263782206,293.92394165774846,295.099923808721,39636700,298.4024353027344
2023-02-14,300.6074523925781,301.5580297219123,294.88439967500585,296.8247617232843,64079100,300.6074523925781
2023-02-15,302.9104309082031,303.07700999440743,298.10855697315515,298.7945218744599,43100600,302.9104309082031
2023-02-16,297.2265319824219,302.25381065614226,297.0795416511825,298.28492218029794,59498600,297.2265319824219
2023-02-17,295.1293640136719,295.88393422598153,292.13064199756906,295.04116982572447,58230700,295.1293640136719
2023-02-21,288.14215087890625,292.7480469851319,288.0049698813135,291.3074820247996,46526700,288.14215087890625
2023-02-22,288.3577880859375,290.42552201582805,286.70162711443794,288.72037423239385,51389200,288.3577880859375
2023-02-23,290.8763427734375,292.1601083198404,286.6918281377228,292.0033086469198,69294400,290.8763427734375
2023-02-24,286.00579833984375,287.10336589485115,284.2418248494622,285.9176041512956,74332000,286.00579833984375
2023-02-27,288.053955078125,290.55288024334476,287.4659638902868,289.1613320021509,48995000,288.053955078125
2023-02-28,287.68157958984375,290.1903142523565,287.0935883612757,287.4267764126198,48243100,287.68157958984375
2023-03-01,285.3687744140625,288.0440874219055,284.38879926828133,287.38752082185425,58287000,285.3687744140625
2023-03-02,287.7305603027344,288.53414730120545,282.59549882206886,282.87970005937706,53565900,287.7305603027344
2023-03-03,293.6789855957031,293.9141999999953,288.96530687757166,289.47491316481114,60511500,293.6789855957031
2023-03-06,294.01220703125,297.9125198668912,293.8162298962756,294.91379755285436,56736300,294.01220703125
2023-03-07,290.40594482421875,294.9824437058501,289.7983647809635,294.06126431559863,65955800,290.40594482421875
2023-03-08,291.8562927246094,292.4540633879132,288.97516253842946,290.8273005687011,50876300,291.8562927246094
2023-03-09,286.799560546875,294.9529618127606,285.98616434091986,292.35600347242956,71456700,286.799560546875
2023-03-10,282.7718811035156,288.455756194458,281.62532666802826,286.96617449163693,98593600,282.7718811035156
2023-03-13,284.8690185546875,288.57332394308236,279.47915447648757,280.98832479219584,97123600,284.8690185546875
2023-03-14,291.4152526855469,291.96403646575504,287.57376622408987,288.4165306342406,73602500,291.4152526855469
2023-03-15,292.94403076171875,293.2772187994073,287.36796850276227,288.8085334957989,83631500,292.94403076171875
2023-03-16,300.666259765625,301.0288458902674,291.23890089901585,292.0326786060645,98198100,300.666259765625
2023-03-17,299.2452697753906,302.95938486538984,297.29512832561835,300.5780518528827,89923700,299.2452697753906
2023-03-20,300.3072509765625,300.6311303110754,296.42054919854286,298.62890724672246,56359500,300.3072509765625
2023-03-21,304.596435546875,305.047913794127,300.72935198091506,302.2408590990121,49757000,304.596435546875
2023-03-22,300.4544982910156,309.4155301746397,300.2876613290279,304.52768643281496,75791900,300.4544982910156
2023-03-23,304.0172424316406,308.33580259669384,301.3279630923531,304.1841093032343,74576000,304.0172424316406
2023-03-24,305.13623046875,305.23435576063616,301.2691474607354,303.5952799906133,57195200,305.13623046875
2023-03-27,303.045654296875,306.9127374035687,302.19176055680384,305.833089590293,50287400,303.045654296875
2023-03-28,301.43597412109375,302.49600280278304,299.1294607378363,302.466559225668,48585900,301.43597412109375
2023-03-29,306.932373046875,307.5507181893601,304.31177457462326,305.1264302220419,53274300,306.932373046875
2023-03-30,309.83758544921875,310.46575510812926,307.0207064008411,309.4057262969123,58354800,309.83758544921875
2023-03-31,314.9903869628906,315.22596553535897,309.7590450153617,310.0633053000576,62138100,314.9903869628906
2023-04-03,314.224853515625,314.48987569045227,311.54539785656647,312.8703889195931,47126800,314.224853515625
2023-04-04,313.1648254394531,315.6774438935838,311.94775434717684,314.6665077964357,45875400,313.1648254394531
2023-04-05,310.0730895996094,313.15496013444977,308.257322684208,312.21273582508866,62795700,310.0730895996094
2023-04-06,312.1636657714844,312.65441200282,307.03047936148835,308.4241818849287,46916500,312.1636657714844
2023-04-10,311.9870910644531,312.03618367290056,307.45259941854636,309.2389233859585,45134700,311.9870910644531
2023-04-11,309.9848327636719,312.0067353246388,309.4744673319679,311.94781820484525,40113600,309.9848327636719
2023-04-12,307.24652099609375,312.52695716420396,306.7852181722273,311.9380554811939,62813300,307.24652099609375
2023-04-13,313.2630615234375,313.7341588846754,307.82558317448485,309.00335653036205,54613800,313.2630615234375
2023-04-14,312.6741027832031,314.4309529600365,309.7688631396703,311.7122292583174,56278300,312.6741027832031
2023-04-17,312.9390563964844,313.292409262093,310.1908894540763,312.26182419411003,43007000,312.9390563964844
2023-04-18,312.9587097167969,315.4713582784349,311.76131752372714,315.04929370487713,46746900,312.9587097167969
2023-04-19,312.8114318847656,313.8714604417356,310.4264125607393,310.55401136414963,38960100,312.8114318847656
2023-04-20,310.42645263671875,313.3611056829367,309.14069983335924,309.8473756449807,62462100,310.42645263671875
2023-04-21,310.75030517578125,311.5256925854782,308.286779534133,310.06327844359055,59002300,310.75030517578125
2023-04-24,310.1026306152344,311.8594809826243,307.93351018174917,310.5246652876612,44043100,310.1026306152344
2023-04-25,304.2528381347656,309.1406813692748,304.15471285096964,308.4732736850432,57121600,304.2528381347656
2023-04-26,306.09808349609375,309.11127287941105,305.5778936312846,307.63903402208973,55400500,306.09808349609375
2023-04-27,314.4211730957031,314.92171397402467,309.21924413400245,309.85723831198396,65430400,314.4211730957031
2023-04-28,316.5902404785156,316.6785712153417,313.0568612415905,314.1855717047368,59712600,316.5902404785156
2023-05-01,316.22711181640625,317.64046359518244,315.14746393639973,316.1289565631733,41013400,316.22711181640625
2023-05-02,313.4691162109375,316.48230572803664,311.7318551123893,316.1583963914901,56519400,313.4691162109375
2023-05-03,311.41778564453125,316.5019099639338,311.3098058864839,313.83224897780207,59882100,311.41778564453125
2023-05-04,310.3185119628906,312.34038421478306,309.28792681621553,311.1920247548366,50224500,310.3185119628906
2023-05-05,316.9141540527344,317.7680478062891,310.3577608434829,312.5759436628054,51806100,316.9141540527344
2023-05-08,317.6993408203125,318.0428692194948,315.3732081600549,316.4528560062947,36465800,317.6993408203125
2023-05-09,315.687255859375,316.90429695051574,315.37317107689563,316.0405787750842,31768800,315.687255859375
2023-05-10,319.1224670410156,319.9763606733042,315.6479754087776,318.1213255801761,60446600,319.1224670410156
2023-05-11,320.1628723144531,320.7026812198648,318.1213510973268,319.67212605397896,44278500,320.1628723144531
2023-05-12,319.0144958496094,321.11490410960397,316.9631801847053,320.6928395840267,48432800,319.0144958496094
2023-05-15,320.741943359375,320.9774919751465,317.9643028030483,319.4856341539702,33375600,320.741943359375
2023-05-16,321.1051025390625,322.8128899714254,319.9861866676694,320.0254547559925,40019200,321.1051025390625
2023-05-17,324.9917907714844,325.5708677503054,320.9873145634712,322.1650875880521,47486100,324.9917907714844
2023-05-18,331.0279846191406,331.24391418025004,325.36478333622733,325.3844024044097,64213500,331.0279846191406
2023-05-19,330.2820739746094,331.9505933702211,329.2220452265491,331.24391752243963,61554900,330.2820739746094
2023-05-22,331.3911437988281,332.40207988096876,330.0170303294707,330.02685483940945,43015900,331.3911437988281
2023-05-23,327.1904296875,330.82196507586053,326.83710665223913,329.67363525847907,48216700,327.1904296875
2023-05-24,325.5119934082031,326.74868358782186,323.46067760334,325.237176696374,62891200,325.5119934082031
2023-05-25,333.4327087402344,334.6988427384852,330.4391679190287,332.86345614065647,66862800,333.4327087402344
2023-05-26,341.95196533203125,342.7862399093372,334.3552233152055,334.4533785512602,63007000,341.95196533203125
2023-05-30,343.5027770996094,347.37965474183784,342.0796009058038,346.18223261994183,72652200,343.5027770996094
2023-05-31,341.5495910644531,344.11130225670985,340.0970012254624,341.9225630348241,65105400,341.5495910644531
2023-06-01,345.49517822265625,346.8201691113252,340.2441874526576,341.29439159721204,50488600,345.49517822265625
2023-06-02,348.0863037109375,349.2444576542266,345.49517912675213,347.25202910838146,53372100,348.0863037109375
2023-06-05,348.3316955566406,350.883582144611,347.30114037340985,347.8703928659199,47266200,348.3316955566406
2023-06-06,348.2727966308594,349.2346700680704,346.3981423533168,347.7231632246743,41390400,348.2727966308594
2023-06-07,342.3642578125,350.5106344564043,341.73608816769587,348.55747375650026,69225900,342.3642578125
2023-06-08,346.61407470703125,347.0753773858951,342.4329369727751,342.6586610808147,47153900,346.61407470703125
2023-06-09,347.9391174316406,351.04063755935596,346.49632214996257,348.06671625868603,53196900,347.9391174316406
2023-06-12,353.8182373046875,353.9163925495602,348.62616331728384,349.59783135014015,44606500,353.8182373046875
2023-06-13,356.53692626953125,357.3711708179742,353.3666951460303,356.56636984238486,57097800,356.53692626953125
2023-06-14,359.12811279296875,359.4127540150757,353.74955286754476,356.5467826318429,69525600,359.12811279296875
2023-06-15,363.4073486328125,364.8893816381339,357.24357818607643,357.86189317483627,71138800,363.4073486328125
2023-06-16,361.12054443359375,365.94950092806926,360.6788907605711,365.8219021049376,80932000,361.12054443359375
2023-06-20,360.6036071777344,361.9992516934067,357.6452823141966,359.66992816528324,49204700,360.6036071777344
2023-06-21,355.68939208984375,359.89594138420165,354.76552112387077,359.46348986847545,53378300,355.68939208984375
2023-06-22,359.8861389160156,360.043366747909,354.03823537075647,354.4412029254088,47603000,359.8861389160156
2023-06-23,356.3183898925781,358.61822910430584,354.6279059428646,355.9940362893382,48922900,356.3183898925781
2023-06-26,351.54180908203125,358.5789391758396,351.453357180665,355.78768031078647,52685500,351.54180908203125
2023-06-27,357.58624267578125,358.31356381466287,352.35756283184793,353.08485397686843,49428100,357.58624267578125
2023-06-28,358.2840576171875,360.23005920746044,355.68934883834453,355.76799273738425,46498000,358.2840576171875
2023-06-29,357.566650390625,358.62813329590955,355.9253260746323,357.98926395760606,46151000,357.566650390625
2023-06-30,363.0803527832031,364.1319675910211,360.92793323331483,361.242418880044,58712500,363.0803527832031
2023-07-03,363.9354553222656,364.5644566744181,362.6381006665026,363.7192295463051,19432900,363.9354553222656
2023-07-05,363.9255676269531,365.6258896326675,362.3333734913829,362.3726954436045,34460900,363.9255676269531
2023-07-06,361.1539611816406,361.59625066873787,358.2644125170553,360.22028225556915,49374700,361.1539611816406
2023-07-07,359.9548645019531,364.1221213170215,359.7288307790546,360.92789528811977,47133700,359.9548645019531
2023-07-10,360.07281494140625,360.75097612528987,357.1734584248159,359.67968541300456,48498800,360.07281494140625
2023-07-11,361.851806640625,362.3039041308839,358.3627105914411,360.4954841759857,38214100,361.851806640625
2023-07-12,366.42193603515625,367.76842027241986,363.9451632833012,365.95016265531314,61975400,366.42193603515625
2023-07-13,372.64337158203125,373.46895267792223,369.01669355737863,369.59656492256886,46960000,372.64337158203125
2023-07-14,372.56475830078125,376.28969622897483,371.6900172609404,373.0758237437194,55148500,372.56475830078125
2023-07-17,376.0439453125,376.9186862565369,372.80058921448597,373.2821706367002,40868900,376.0439453125
2023-07-18,379.1202697753906,380.48643025096686,373.4787840563649,375.4051399126897,55262000,379.1202697753906
2023-07-19,379.0318298339844,381.32186135242125,377.70499127103625,380.18176458690317,54093000,379.0318298339844
2023-07-20,370.2944641113281,377.508499412498,369.2723030623022,376.044048776661,71941700,370.2944641113281
2023-07-21,369.18377685546875,373.4001640896318,368.7513253445873,372.6728429155879,60499600,369.18377685546875
2023-07-24,369.7734375,371.1002458310115,367.9158578464102,370.15672901962193,40380100,369.7734375
2023-07-25,372.27972412109375,373.94072429184797,370.4614661242125,370.48114209864303,38894400,372.27972412109375
2023-07-26,371.0413818359375,372.73186617653244,368.7415420924305,371.2379616405588,47075700,371.0413818359375
2023-07-27,370.15679931640625,378.10796279614465,368.86928269570615,376.49612252032574,63940200,370.15679931640625
2023-07-28,376.8990783691406,377.92120924637163,373.6950139044031,374.2060793430186,56902900,376.8990783691406
2023-07-31,377.0956115722656,378.27503021734213,375.77861108178536,377.20373944509765,44019900,377.0956115722656
2023-08-01,376.220947265625,376.97772249392557,374.15697937750934,375.74917375026934,41060600,376.220947265625
2023-08-02,367.965087890625,372.7515087651388,366.72670121894356,372.7515087651388,72687100,367.965087890625
2023-08-03,367.37530517578125,369.49824047744244,365.3899517024692,365.55704748745563,47666400,367.37530517578125
2023-08-04,365.6553955078125,371.6113968871545,365.1541380670017,369.30171945598914,61702800,365.6553955078125
2023-08-07,368.7513427734375,368.84963266580394,365.13450268771936,367.4638261668701,37230400,368.7513427734375
2023-08-08,365.6160888671875,366.2647661725059,362.49066820926964,366.2451201913258,44726500,365.6160888671875
2023-08-09,361.5962829589844,366.05838020587925,360.83950776262765,365.90112237406527,51150900,361.5962829589844
2023-08-10,362.26458740234375,367.9355570708687,360.74119910131196,364.6037487888542,72035300,362.26458740234375
2023-08-11,359.9548645019531,361.6846703494856,358.4314763934052,359.70915480742224,48707200,359.9548645019531
2023-08-14,363.994384765625,364.1123206320641,358.44135109912753,359.15880428458615,42130800,363.994384765625
2023-08-15,360.1318359375,363.8174817408834,359.4634827031511,363.02135465299926,45539900,360.1318359375
2023-08-16,356.3183898925781,361.12445606745706,356.2201000129945,359.59122992630523,53190500,356.3183898925781
2023-08-17,352.4263610839844,358.0580388030528,352.0135855407682,357.71403918779725,62604300,352.4263610839844
2023-08-18,351.9841003417969,353.2421329350638,348.6227781037681,349.1633574955248,61191400,351.9841003417969
2023-08-21,357.655029296875,358.3331904607531,352.98654504940504,353.4484804799617,50696500,357.655029296875
2023-08-22,357.1440124511719,360.269433026143,356.4560132078878,360.2595950388818,44530200,357.1440124511719
2023-08-23,362.775634765625,363.86660148965944,358.1071502121783,358.3233759596713,51770600,362.775634765625
2023-08-24,355.0210266113281,366.3433186005974,354.814638865053,366.24505871732504,66842500,355.0210266113281
2023-08-25,357.77301025390625,359.4634943837441,352.42636416855237,355.85649237018794,69960500,357.77301025390625
2023-08-28,360.4659729003906,361.3996517770629,357.99903788003854,360.6920066314646,40910000,360.4659729003906
2023-08-29,368.3385009765625,368.6923385554893,359.94507888520656,360.2694025048502,58492400,368.3385009765625
2023-08-30,370.39263916015625,370.97254048337203,367.44412257396607,368.44663740934226,41731500,370.39263916015625
2023-08-31,371.5032043457031,373.2035261573354,370.40242976003566,370.4712356701043,35730700,371.5032043457031
2023-09-01,371.1101379394531,374.2945263884665,369.6260415972673,373.8719128585272,39801200,371.1101379394531
2023-09-05,371.58184814453125,372.8005585792236,369.38026897991097,370.30413979132544,32344200,371.58184814453125
2023-09-06,368.3089904785156,371.14940891629277,366.30402098652354,370.80540934857504,42998700,368.3089904785156
2023-09-07,365.675048828125,366.4514999788388,362.8149839509158,363.8567908141635,52060700,365.675048828125
2023-09-08,366.1860656738281,368.4171289383869,365.22290284914124,365.6258703550477,35800100,366.1860656738281
2023-09-11,370.50079345703125,371.0118589039647,367.24759899108267,369.21327685540757,39936600,370.50079345703125
2023-09-12,366.3924865722656,370.48109960097645,366.10745492048966,368.8299076129813,41391000,366.3924865722656
2023-09-13,367.78814697265625,369.3901792248548,365.49814546694387,366.6284042357523,46300700,367.78814697265625
2023-09-14,370.7956237792969,371.77846268664996,367.4736534672886,369.5375911776395,48039400,370.7956237792969
2023-09-15,364.44647216796875,369.86192383840483,363.51276326138964,369.4589563099792,69811200,364.44647216796875
2023-09-18,364.8264465332031,365.93866706384733,363.2220951509311,363.5075394553146,36903500,364.8264465332031
2023-09-19,364.0488586425781,364.8461081913443,361.0271681103356,363.50752673963694,37621700,364.0488586425781
2023-09-20,358.8027038574219,365.46614355197374,358.7239461147386,365.11182382173274,45514200,358.8027038574219
2023-09-21,352.2278137207031,355.9089722370328,352.0605060828978,355.12154499734396,69734800,352.2278137207031
2023-09-22,352.2770690917969,356.10583105545084,351.9620981742192,353.970000227177,51589700,352.2770690917969
2023-09-25,353.9503173828125,354.0389273640815,350.3282417213544,351.31250337092115,39168000,353.9503173828125
2023-09-26,348.6352844238281,351.91289229277817,347.6510228478301,351.37153040361153,53657700,348.6352844238281
2023-09-27,349.4522399902344,351.36170985960024,345.8301345452568,349.78688532316824,56066000,349.4522399902344
2023-09-28,352.3754577636719,354.5014661389832,347.6805113375475,348.5368140087264,56453300,352.3754577636719
2023-09-29,352.63134765625,357.23771418524734,351.40102081312307,355.849901901727,64829600,352.63134765625
2023-10-02,355.5743408203125,356.9719754148044,352.2869108139904,352.8971481752992,51625100,355.5743408203125
2023-10-03,349.3341369628906,355.3282864453552,347.7199335363626,353.13337228482897,60478500,349.3341369628906
2023-10-04,354.0881042480469,354.9345547909679,349.70812819170675,350.17073233689933,54786700,354.0881042480469
2023-10-05,353.04473876953125,354.4817520633378,349.5506226679585,354.078201267947,45897400,353.04473876953125
2023-10-06,358.9601745605469,360.15112254352925,349.26519295376465,350.0525901245861,75049100,358.9601745605469
2023-10-09,360.79095458984375,361.3322864922869,355.10192335075635,356.5979902725734,45304800,360.79095458984375
2023-10-10,362.7889709472656,365.436636991541,360.62361350091794,361.12556647967915,46968800,362.7889709472656
2023-10-11,365.37762451171875,365.5646366351608,362.39531280272575,364.1177707543256,38215100,365.37762451171875
2023-10-12,364.10784912109375,367.85788302935276,361.7161008874376,365.8795378416843,49587900,364.10784912109375
2023-10-13,359.5310363769531,365.31849875234707,358.13337184276384,364.73778807689456,52469900,359.5310363769531
2023-10-16,363.5960388183594,364.64920581637176,360.70230764915857,360.8499408644695,44201100,363.5960388183594
2023-10-17,362.4051513671875,364.09808260584856,357.93659506794,360.0527516069459,50999100,362.4051513671875
2023-10-18,357.6510925292969,362.11964810076057,356.3223335114042,359.9149119768525,54280500,357.6510925292969
2023-10-19,354.30462646484375,360.2593967452439,353.50737702332975,359.06844869661955,72274200,354.30462646484375
2023-10-20,349.0191955566406,354.37358146539754,348.79280455823215,353.80269287368304,72559700,349.0191955566406
2023-10-23,350.0723571777344,353.6058529260909,345.59394861069154,347.70028297707074,60665200,350.0723571777344
2023-10-24,353.4778747558594,354.245597605717,350.190444601993,351.88337576286887,47082100,353.4778747558594
2023-10-25,344.8262023925781,351.26328161200416,344.2454916580146,351.08612173446545,71190500,344.8262023925781
2023-10-26,338.2513427734375,344.56046319125295,336.9619624891379,343.62540266266313,78621400,338.2513427734375
2023-10-27,339.8753662109375,343.34980841162735,338.664713645482,340.9777343824353,63476700,339.8753662109375
2023-10-30,343.70416259765625,345.02306953665595,340.9974431987372,342.3556989748793,55298500,343.70416259765625
2023-10-31,345.3478698730469,345.72189409468723,341.1647579872037,343.7336964353076,47671900,345.3478698730469
2023-11-01,351.3420104980469,351.9030468160759,346.0860571858595,346.18448935280355,58992700,351.3420104980469
2023-11-02,357.72003173828125,357.95624490601404,354.62943595313834,355.8499407400772,58162400,357.72003173828125
2023-11-03,361.9228210449219,363.21220132553935,358.7830241681351,359.0094151473788,53280500,361.9228210449219
2023-11-06,363.39923095703125,363.9602672996411,361.1354412045345,362.6905613761771,38848700,363.39923095703125
2023-11-07,366.8343200683594,367.7004450680254,363.241741103211,364.4425414885638,50777400,366.8343200683594
2023-11-08,367.0704650878906,367.9070933221977,364.7869713303603,367.2082460705771,35663400,367.0704650878906
2023-11-09,364.2457275390625,368.90126606687403,363.7535966985052,367.7595489495898,53859400,364.2457275390625
2023-11-10,372.434814453125,372.5824477067619,365.43669785789075,365.96820760826813,58309800,372.434814453125
2023-11-13,371.2732849121094,372.3264519626699,369.33428848820785,370.85991188861345,40733500,371.2732849121094
2023-11-14,379.2654724121094,380.1808584398654,377.1493161843345,377.67097358036534,67792600,379.2654724121094
2023-11-15,379.55096435546875,381.64744643002416,378.19267850224793,381.15531561580104,54141400,379.55096435546875
2023-11-16,379.875732421875,380.1119455665151,377.52333305315267,378.7831865533611,45343500,379.875732421875
2023-11-17,379.9643859863281,380.978174311578,378.2419280525446,379.14743197399827,46571900,379.9643859863281
2023-11-20,384.5903625488281,385.2498310279321,379.9741733069402,379.9741733069402,44429600,384.5903625488281
2023-11-21,382.3560791015625,383.104127478915,380.6139470007728,382.8875887400645,43337000,382.3560791015625
2023-11-22,383.92108154296875,386.8837186036944,382.9171455132762,384.4230645764553,44121000,383.92108154296875
2023-11-24,383.3797302246094,384.1080741677964,382.3856164361023,383.51751122375975,15718800,383.3797302246094
2023-11-27,383.0451354980469,384.9939544223412,382.16912817517203,382.8876500230149,34139700,383.0451354980469
2023-11-28,384.0490417480469,384.629752496103,381.9427074752137,382.29705727580426,35491100,384.0490417480469
2023-11-29,383.67498779296875,387.93685707414187,383.3304902471519,386.50966582887696,38811700,383.67498779296875
2023-11-30,382.7104187011719,384.40334982807576,379.7478117570499,383.9407456818497,52834400,382.7104187011719
2023-12-01,383.802978515625,384.3935414950963,379.99389085209225,381.6474431647872,40490100,383.802978515625
2023-12-04,380.2399597167969,380.51555177142023,376.6375585502535,380.0135687287101,51186900,380.2399597167969
2023-12-05,381.1947021484375,382.3856503323413,378.16315945105106,378.3403493760643,42933000,381.1947021484375
2023-12-06,378.98992919921875,384.2262082878161,378.64546165801414,384.12777611720855,41994100,378.98992919921875
2023-12-07,384.2852783203125,385.1120545223201,380.86988910871304,381.9624351866648,49593500,384.2852783203125
2023-12-08,385.9978332519531,386.44073289033656,382.36590603082794,382.552918112793,46687500,385.9978332519531
2023-12-11,389.2951354980469,389.56090535273165,385.36794134333326,385.5746278679813,41198000,389.2951354980469
2023-12-12,392.39556884765625,392.51367542874294,388.20260499540507,389.3344997805244,39221200,392.39556884765625
2023-12-13,397.3857727050781,397.9960100971529,392.56289682480116,393.33061967890825,55408100,397.3857727050781
2023-12-14,397.041259765625,399.905434289617,394.0392441768575,398.6062319416691,55447800,397.041259765625
2023-12-15,398.9605712890625,400.14169715869406,397.2184391667707,397.818824291693,62896600,398.9605712890625
2023-12-18,401.47344970703125,402.37092028167035,399.0276249383445,399.3530667480488,46610000,401.47344970703125
2023-12-19,403.5249328613281,403.6432753707948,401.73986311654954,401.9272487889655,35711900,403.5249328613281
2023-12-20,397.5285339355469,404.8167689926573,397.3510202238617,402.725971684528,54042400,397.5285339355469
2023-12-21,402.1539611816406,402.51889062414244,398.89942259726985,401.4537481111412,45568900,402.1539611816406
2023-12-22,402.7555847167969,404.3236828046268,400.8817585167201,403.36704094129067,34314000,402.7555847167969
2023-12-26,405.22119140625,405.8918189348546,403.5150068640605,403.61363564115584,22722500,405.22119140625
2023-12-27,406.046142578125,406.3323074650757,404.64494944388275,405.5034441047349,31980500,406.046142578125
2023-12-28,405.84869384765625,407.4472479623729,405.493479675344,407.20056141612145,27029200,405.84869384765625
2023-12-29,404.09234619140625,406.1842737058646,402.1780559022972,405.82902936827423,42662100,404.09234619140625
