Date,Close,High,Low,Open,Volume,Adj Close
2020-01-02,296.1252136230469,296.1434618086508,293.99226220909725,294.91290542669935,59151200,296.1252136230469
2020-01-03,293.8829345703125,295.00411329960116,292.68884653822107,292.74353546966336,77709700,293.8829345703125
2020-01-06,295.0040283203125,295.0860616938453,292.0142192367915,292.13272115990094,55653900,295.0040283203125
2020-01-07,294.174560546875,294.912888770876,293.727897285147,294.4388810496426,40496400,294.174560546875
2020-01-08,295.7425231933594,296.9548319309042,294.1200195395933,294.3661197989049,68296000,295.7425231933594
2020-01-09,297.74774169921875,297.82067881308217,296.71772055042567,297.3011061918994,48473300,297.74774169921875
2020-01-10,296.8908996582031,298.4860581981078,296.4260437995196,298.33111551766575,53029300,296.8908996582031
2020-01-13,298.9327697753906,298.94186605271307,297.082386683004,297.510801872737,47086800,298.9327697753906
2020-01-14,298.4770202636719,299.54348231822837,297.9209789989077,298.49524063629786,62832800,298.4770202636719
2020-01-15,299.1515808105469,299.9081297404282,298.30387436905687,298.3859077842946,72056600,299.1515808105469
2020-01-16,301.63995361328125,301.63995361328125,300.30001924233943,300.5278990481638,54050300,301.63995361328125
2020-01-17,302.5788269042969,302.7884585291991,301.5761501633732,302.3509470912397,95846000,302.5788269042969
2020-01-21,301.986328125,302.78846954692693,301.5488166711206,301.6217259743135,77742400,301.986328125
2020-01-22,302.02288818359375,303.4904491427102,301.8679454358583,302.84325022550865,48914900,302.02288818359375
2020-01-23,302.36920166015625,302.77939649699647,300.2635941747511,301.3756489009387,51963000,302.36920166015625
2020-01-24,299.68023681640625,303.1075588185603,298.3949910655985,303.02552540689584,87578400,299.68023681640625
2020-01-27,294.8765563964844,296.3532135264237,294.1108833593813,294.4481411214826,84062500,294.8765563964844
2020-01-28,297.96661376953125,298.8416646744203,294.9677069156235,296.2985175568416,63834000,297.96661376953125
2020-01-29,297.7204284667969,299.55259115613137,297.5198931086739,299.32471133178075,53888900,297.7204284667969
2020-01-30,298.6866149902344,298.89627442765044,294.9129398382602,295.66036446661803,75491800,298.6866149902344
2020-01-31,293.2630920410156,298.22175888029057,292.3515728105219,298.06678837146853,113845600,293.2630920410156
2020-02-03,295.4416809082031,297.3011883827756,294.62131896327486,294.7398209430448,69083000,295.4416809082031
2020-02-04,299.944580078125,300.8105346597248,298.7231473854342,299.0421847479902,62573200,299.944580078125
2020-02-05,303.4082946777344,303.61795412672234,301.4120930432873,302.87050163975044,65951100,303.4082946777344
2020-02-06,304.42919921875,304.6206104661579,303.3535853975724,304.365386197161,50359700,304.42919921875
2020-02-07,302.8067321777344,304.4383317479117,302.25981501693957,303.3718697108561,64139400,302.8067321777344
2020-02-10,305.0673522949219,305.13116533874893,301.88615800893024,301.9226265793127,42070000,305.0673522949219
2020-02-11,305.59588623046875,307.2001408459539,305.0671896026677,306.41624781367824,54864500,305.59588623046875
2020-02-12,307.5648193359375,307.77445094789596,306.66239641614675,307.0269985310537,43992700,307.5648193359375
2020-02-13,307.2367248535156,308.20293318619815,305.8694457619048,306.1428904532812,54501900,307.2367248535156
2020-02-14,307.72894287109375,307.8474448392001,306.4528213248784,307.64690946641167,64582200,307.72894287109375
2020-02-18,306.93585205078125,307.79268227342084,305.5503251457351,306.7353167259644,57226200,306.93585205078125
2020-02-19,308.4034423828125,309.07795777585227,307.61954912250815,307.90211788539574,48814700,308.4034423828125
2020-02-20,307.1363830566406,308.6768526171269,304.1556976879884,307.85646314336725,74163400,307.1363830566406
2020-02-21,303.9734802246094,306.09730805211063,303.1530905628107,305.78739481387316,113788200,303.9734802246094
2020-02-24,293.89215087890625,304.046464384972,292.81653664920486,294.5484460794996,161088400,293.89215087890625
2020-02-25,284.98651123046875,295.8882745622072,284.1114604678439,295.27757219253857,218913200,284.98651123046875
2020-02-26,283.93829345703125,289.9634233462724,283.2090890630601,286.3811587759355,194773800,283.93829345703125
2020-02-27,271.1861877441406,283.9930261776727,271.1861877441406,278.4327514100049,284353500,271.1861877441406
2020-02-28,270.0467834472656,271.5325647241753,260.2752930240666,263.15569806188904,384975800,270.0467834472656
2020-03-02,281.74151611328125,281.80532914475464,268.40598340350584,271.8241810091955,238703600,281.74151611328125
2020-03-03,273.67449951171875,286.07116546161603,271.2407589694564,282.11517570579525,300139100,273.67449951171875
2020-03-04,285.177978515625,285.39676211227726,276.4911987598748,279.03434596352906,176613400,285.177978515625
2020-03-05,275.6981201171875,281.1763600202487,273.4649145191371,277.9951665598652,186366800,275.6981201171875
2020-03-06,271.1405334472656,272.3437456449538,264.5502664620457,267.2118873410211,228667200,271.1405334472656
2020-03-09,249.9659423828125,259.04466663052983,249.2549584564978,250.94124687205388,309417300,249.9659423828125
2020-03-10,262.9003601074219,262.99148976667317,249.3004824278456,259.4548189035631,276444100,262.9003601074219
2020-03-11,250.0844268798828,256.9937588920719,246.91235745450595,255.8634838386491,255316300,250.0844268798828
2020-03-12,226.15707397460938,243.06576125881952,225.76511340861424,233.3489613279396,392220700,226.15707397460938
2020-03-13,245.4903564453125,247.45924124597292,226.53075439431242,239.8115818422406,329566100,245.4903564453125
2020-03-16,218.62794494628906,234.16934039210489,216.35825651592697,219.84025357126822,297240000,218.62794494628906
2020-03-17,230.43206787109375,233.50389718402428,216.09387404457632,223.35866962977036,262070500,230.43206787109375
2020-03-18,218.76461791992188,226.3940295191016,207.84462130318278,215.3464207649231,327597100,218.76461791992188
2020-03-19,219.22946166992188,225.49160757151066,211.6729741771973,218.08095256947013,289322000,219.22946166992188
2020-03-20,209.78199768066406,224.14949538908877,209.50693107809147,222.37074721498362,347158800,209.78199768066406
2020-03-23,204.41824340820312,210.58883736917826,200.11807712080454,209.22269612416616,326025200,204.41824340820312
2020-03-24,222.93922424316406,223.81027088011052,214.36641010403872,214.9348708645978,235494500,222.93922424316406
2020-03-25,226.27664184570312,235.04201992086357,219.82181757105965,224.5162352253458,299430300,226.27664184570312
2020-03-26,239.4888916015625,240.95587614121874,228.34879937507776,228.77973377835932,257632800,239.4888916015625
2020-03-27,232.35557556152344,239.13131375893414,230.18257586335054,232.21804924789328,224341200,232.35557556152344
2020-03-30,239.90151977539062,240.61668467866326,232.45646258210547,234.44608945305336,171369500,239.90151977539062
2020-03-31,236.32566833496094,241.44184313996882,234.92284395447982,238.90209724302795,194881100,236.32566833496094
2020-04-01,225.68988037109375,236.2431722316918,223.62690152312956,227.36777151296113,189554600,225.68988037109375
2020-04-02,230.89772033691406,231.67705936295383,224.25950903784965,224.80964222485147,177660400,230.89772033691406
2020-04-03,227.56028747558594,232.26388300481995,224.83715469449982,229.91666012342145,135561200,227.56028747558594
2020-04-06,242.8446502685547,244.80678550079665,227.5419457283824,236.40816732964865,188061200,242.8446502685547
2020-04-07,243.0922088623047,252.16930817093797,242.8721667882083,251.4174604431951,201427200,243.0922088623047
2020-04-08,251.25245666503906,253.05871017209918,243.20225678677284,245.68699208459705,153774500,251.25245666503906
2020-04-09,255.07595825195312,257.8265975085265,252.57286645532952,254.50746930159707,189999200,255.07595825195312
2020-04-13,252.7469482421875,254.443180523553,248.8502112627236,254.10393966346695,114839100,252.7469482421875
2020-04-14,260.2011413574219,261.2188637812924,252.60938312795597,257.6247131889089,134143400,260.2011413574219
2020-04-15,254.6723175048828,260.3386229540814,252.56347903693742,254.49810825811133,121775000,254.6723175048828
2020-04-16,255.9009552001953,256.75364602376106,252.83858245014113,255.94678796153286,131798300,255.9009552001953
2020-04-17,262.8143615722656,263.4194774380583,258.9267733430212,261.6590844120488,146684800,262.8143615722656
2020-04-20,258.18402099609375,262.95180422099605,257.9639789331066,259.1192277447229,100109300,258.18402099609375
2020-04-21,250.3448028564453,254.92920065570146,249.40956779759313,253.72809067077185,126385700,250.3448028564453
2020-04-22,255.9009552001953,257.6430198449541,253.8929877892639,255.2132958945593,92951600,255.9009552001953
2020-04-23,255.88262939453125,260.33867676205836,255.58007157656192,257.17543239680975,104709700,255.88262939453125
2020-04-24,259.44940185546875,260.11873398584896,255.3509492350438,257.39560066112443,85063200,259.44940185546875
2020-04-27,263.1901550292969,264.30874873794517,260.96214535761493,261.4205849434391,77896600,263.1901550292969
2020-04-28,261.9798583984375,267.17854689040473,261.67727264565684,266.8301283779556,105270000,261.9798583984375
2020-04-29,268.8382263183594,270.36942737195216,266.27097494933463,267.2978754969445,118745600,268.8382263183594
2020-04-30,266.3351135253906,268.9390474225819,264.60219818898923,267.462857175173,122901700,266.3351135253906
2020-05-01,259.28436279296875,266.50020001311435,258.11990791498647,261.594889070107,125180000,259.28436279296875
2020-05-04,259.9994812011719,260.30203907180845,255.92853469244014,257.4046969992286,80873200,259.9994812011719
2020-05-05,262.4017639160156,265.2074131354292,260.1278925305998,262.81437091102384,79569900,262.4017639160156
2020-05-06,260.62298583984375,264.48304052192884,260.1920513755059,264.09796681903833,73632600,260.62298583984375
2020-05-07,263.767822265625,265.6932743331002,263.2635498583758,263.8320105300923,75250400,263.767822265625
2020-05-08,268.1321716308594,268.5997890049133,265.7666074831052,266.89437904014466,76452400,268.1321716308594
2020-05-11,268.1872253417969,269.56254444611375,265.7850057832069,266.20676247386785,79514200,268.1872253417969
2020-05-12,262.8417663574219,269.78252047171196,262.70421209592996,269.36994163003214,95870800,262.8417663574219
2020-05-13,258.1932373046875,263.31858964743844,255.7726623265701,262.2825114779081,144721100,258.1932373046875
2020-05-14,261.28314208984375,261.4114906647709,250.29891603317049,255.76353778728304,121977900,261.28314208984375
2020-05-15,262.4842224121094,262.5300551877956,257.95483612918537,258.8992207520091,111146300,262.4842224121094
2020-05-18,270.47943115234375,272.0839701507051,268.3706196611589,268.6915050760796,119703800,270.47943115234375
2020-05-19,267.70123291015625,271.58879193513707,267.6829053984864,269.88340997902395,95189300,267.70123291015625
2020-05-20,272.2489013671875,273.11076994991015,271.00195923614234,271.2311790085488,85861700,272.2489013671875
2020-05-21,270.369384765625,272.92748596370774,269.278296110494,272.1206276660374,78293900,270.369384765625
2020-05-22,270.8827819824219,271.0569912617553,268.84730912262285,270.0851015880697,63958200,270.8827819824219
2020-05-26,274.2202453613281,277.07175449936034,270.90114681308035,276.83335693039163,88951400,274.2202453613281
2020-05-27,278.30035400390625,278.3370370080894,272.1939349208289,277.0075509205538,104817400,278.30035400390625
2020-05-28,277.7869873046875,281.3353065447308,277.11765518674065,279.3273381718324,90405200,277.7869873046875
2020-05-29,279.02471923828125,279.61150744849493,274.5778489741923,277.3193091660714,119090800,279.02471923828125
2020-06-01,280.1524658203125,280.7576095309241,277.86944526100126,278.38289544316814,55758300,280.1524658203125
2020-06-02,282.47216796875,282.51802872321025,279.739885508997,281.06934373149255,74267200,282.47216796875
2020-06-03,286.2312927246094,287.1848547633105,284.17749262364794,284.45254514398107,92567600,286.2312927246094
2020-06-04,285.4794616699219,286.9831568169976,283.38897845196175,285.2502418961064,75794400,285.4794616699219
2020-06-05,292.7962646484375,294.565835177491,290.7974742690629,290.8616625425781,150524700,292.7962646484375
2020-06-08,296.3353576660156,296.5278944562294,293.06209232772414,293.60304767799335,73641200,296.3353576660156
2020-06-09,294.12579345703125,296.4088145420949,292.81463445829365,293.67650345846687,77479200,294.12579345703125
2020-06-10,292.4844970703125,295.59273133209695,291.76933233464445,294.7033572907335,95000800,292.4844970703125
2020-06-11,275.6231689453125,286.2039675874053,275.07306355845213,285.5713184115705,209243600,275.6231689453125
2020-06-12,278.9238586425781,283.38905659074294,273.7801789307393,282.6188812960742,194678900,278.9238586425781
2020-06-15,281.52777099609375,282.6555425806839,272.07474788246594,273.24835223856235,135782700,281.52777099609375
2020-06-16,286.946533203125,289.4037909524716,282.0962619316776,289.25708690915724,137627500,286.946533203125
2020-06-17,285.7546691894531,288.25776030514066,285.021148798676,287.9643521488298,83398900,285.7546691894531
2020-06-18,285.8645935058594,286.34136061280276,283.78328781211144,284.2417274083413,80828700,285.8645935058594
2020-06-19,284.2309875488281,289.5170263493881,282.2878438676283,289.32364222607004,135549600,284.2309875488281
2020-06-22,286.0543518066406,286.4503381503588,282.49041850503755,283.6323430698322,74649400,286.0543518066406
2020-06-23,287.37127685546875,289.627527981212,286.9660723422408,288.6973956071107,68471200,287.37127685546875
2020-06-24,280.040771484375,285.95305250280444,278.20816137818287,285.3360276763805,132813500,280.040771484375
2020-06-25,283.04302978515625,283.3101028145631,277.45307296151356,279.46987762701843,89468000,283.04302978515625
2020-06-26,276.32025146484375,282.1588713157659,275.7400992165521,281.9470509652658,127961000,276.32025146484375
2020-06-29,280.3814697265625,280.51960120631884,275.2888164097337,277.572693256611,79773300,280.3814697265625
2020-06-30,283.9730224609375,285.66752892214726,279.79209321079117,279.94863284970944,113394800,283.9730224609375
2020-07-01,285.9622802734375,287.22395639224413,284.62697148514405,285.08742860608777,72396500,285.9622802734375
2020-07-02,287.5370178222656,290.7325908541107,286.8739585501112,289.38803604130976,69344200,287.5370178222656
2020-07-06,291.975830078125,292.55601050927066,290.6036769406393,291.3496151795207,61713800,291.975830078125
2020-07-07,288.9644470214844,292.408657022588,288.5868688394488,290.43791531370204,82910000,288.9644470214844
2020-07-08,291.1746520996094,291.28515730964824,287.9698885921955,289.7288100254336,54638600,291.1746520996094
2020-07-09,289.5169677734375,292.0218551502653,286.1095744969354,291.78240850045916,83354200,289.5169677734375
2020-07-10,292.47308349609375,292.74015643400605,288.0250810957527,289.45248660102106,57550400,292.47308349609375
2020-07-13,289.9405517578125,297.18814022544717,289.2867107064114,294.81219454195264,102997500,289.9405517578125
2020-07-14,293.6979064941406,294.47147088494086,287.32516922126496,288.52234618472755,93657000,293.6979064941406
2020-07-15,296.3962097167969,297.4920997478603,294.02023559241456,296.9119193662305,87196500,296.3962097167969
2020-07-16,295.42010498046875,295.871343992354,293.85453943512255,294.49919068416483,54622500,295.42010498046875
2020-07-17,296.2764892578125,297.0592718738817,294.4530691984586,296.42383888823116,62774900,296.2764892578125
2020-07-20,298.6708984375,299.4168366870497,295.26350467471246,296.0094429242622,56308800,298.6708984375
2020-07-21,299.3063659667969,301.0745056864678,298.320980919731,300.6324848085871,57292200,299.3063659667969
2020-07-22,301.0100402832031,301.3231758826921,298.83669598418305,298.94720120561465,57792900,301.0100402832031
2020-07-23,297.4184875488281,301.35080976950474,296.0555523114501,300.6509058773969,75738000,297.4184875488281
2020-07-24,295.5028991699219,296.52510025578465,294.001804800679,295.56736989715625,73766600,295.5028991699219
2020-07-27,297.6578674316406,297.83284336537673,295.4016165623497,296.19361733148213,48293000,297.6578674316406
2020-07-28,295.7700500488281,298.04470943209714,295.4753507358692,296.93038292448483,57495000,295.7700500488281
2020-07-29,299.40765380859375,299.96942614775605,296.60806645726814,296.6449108985429,48454200,299.40765380859375
2020-07-30,298.33935546875,298.7537780991364,294.36102749576685,296.44227447076116,61861700,298.33935546875
2020-07-31,300.6968994140625,300.79821459184643,295.9173523890963,300.1259370973195,84986800,300.6968994140625
2020-08-03,302.7873840332031,303.551730444188,301.8112172413089,302.35455324026356,53077900,302.7873840332031
2020-08-04,303.9569091796875,303.9569091796875,301.9308868941844,301.9308868941844,41917900,303.9569091796875
2020-08-05,305.8447265625,306.1026094552458,304.98828331124287,305.25535623296946,42697700,305.8447265625
2020-08-06,307.8891906738281,308.00891400036295,304.9422824929676,305.2646080403921,43679400,307.8891906738281
2020-08-07,308.1102294921875,308.39571060773704,306.0197365507583,306.9222424636981,57308300,308.1102294921875
2020-08-10,309.0311584472656,309.21532440909493,306.62755797641967,308.56148325207386,44282100,309.0311584472656
2020-08-11,306.4801940917969,310.8453459347755,305.7526922046899,310.2099129722672,69601100,306.4801940917969
2020-08-12,310.7532958984375,311.52686046889016,308.88384116049235,308.91146746286313,53774400,310.7532958984375
2020-08-13,310.1914978027344,311.4992082489788,309.2705836615696,309.9888955675153,41816100,310.1914978027344
2020-08-14,310.20074462890625,310.73489061846544,309.07722814860483,309.80475825655594,47260400,310.20074462890625
2020-08-17,311.1861267089844,311.58211307766084,310.2099598864431,311.2137530113555,35481000,311.1861267089844
2020-08-18,311.8583984375,312.2820111007127,309.98891563003593,311.58210731482745,38733900,311.8583984375
2020-08-19,310.5599365234375,312.7516889289628,309.998164191715,312.23597917424223,68054200,310.5599365234375
2020-08-20,311.52679443359375,312.0056596078708,308.7087997728297,308.8377131218765,42207800,311.52679443359375
2020-08-21,312.63189697265625,312.8529073408649,310.8545115814278,311.19527337116966,55106600,312.63189697265625
2020-08-24,315.7999572753906,315.8736180566661,312.60438339712664,315.06320894225934,48588700,315.7999572753906
2020-08-25,316.90496826171875,316.9878471615432,315.2012714878101,316.36163229349035,38463400,316.90496826171875
2020-08-26,320.0821228027344,320.34916765874164,316.9510204608459,317.4943564112972,50790200,320.0821228027344
2020-08-27,320.781982421875,322.22782424225835,319.12434835411756,320.9477683119042,58034100,320.781982421875
2020-08-28,322.85406494140625,322.983006410203,320.61625033931085,321.804237442081,48588900,322.85406494140625
2020-08-31,321.6844787597656,323.517088692937,321.4542502514148,322.64223722364346,66099200,321.6844787597656
2020-09-01,324.7143249511719,324.8156120146118,321.6200388879637,322.51332671022755,54908700,324.7143249511719
2020-09-02,329.41094970703125,330.3778981673585,325.47862893248646,326.62058140555735,69540000,329.41094970703125
2020-09-03,318.0746154785156,328.19545502122673,315.4960384795062,327.72577971733415,148011100,318.0746154785156
2020-09-04,315.4775390625,320.3215279500711,308.386489496312,318.7559908966991,139156300,315.4775390625
2020-09-08,306.8577880859375,315.54202965407626,306.55389879011744,310.0809875272591,114465300,306.8577880859375
2020-09-09,312.91741943359375,315.37624441716423,309.98889114735533,310.8545526760322,91462300,312.91741943359375
2020-09-10,307.48406982421875,315.44075426286713,306.5263111431715,314.7869130200324,90569500,307.48406982421875
2020-09-11,307.6405334472656,310.32039660205055,304.8225388111135,309.2613511061483,84680200,307.6405334472656
2020-09-14,311.6925964355469,313.46076397555305,307.78792941912315,310.79930858274395,65605700,311.6925964355469
2020-09-15,313.2673034667969,314.9709717515064,311.7017385465061,314.14215483655477,52920900,313.2673034667969
2020-09-16,312.02410888671875,315.9287755119788,311.7478178059842,314.50136995908423,82096000,312.02410888671875
2020-09-17,309.2799072265625,310.99282272715993,306.65529540872643,307.18022339310943,91523300,309.2799072265625
2020-09-18,305.7191467285156,310.19420971929947,303.24122418442806,310.08326217502207,105877900,305.7191467285156
2020-09-21,302.31658935546875,302.4645288032245,297.47169236186676,301.14235702314835,99450800,302.31658935546875
2020-09-22,305.3955078125,305.9502737084909,301.29027968535905,303.7959671425477,63612100,305.3955078125
2020-09-23,298.3131408691406,306.22771947563723,297.8138486616711,305.9503223752341,93112200,298.3131408691406
2020-09-24,299.1082763671875,302.1594468796686,295.6872430633771,297.0001882528296,76681300,299.1082763671875
2020-09-25,303.9438781738281,304.72976588504673,297.3884651870098,298.2575635423611,71069400,303.9438781738281
2020-09-28,308.9922790527344,309.70421136202526,307.106085914168,308.0954153354496,64584600,308.9922790527344
2020-09-29,307.3094482421875,309.5284836874694,306.6159979020015,308.788814611231,51304000,307.3094482421875
2020-09-30,309.6394958496094,312.78313211808506,307.781039690102,307.97519790754353,104081100,309.6394958496094
2020-10-01,311.62738037109375,313.1991843917802,309.7504423645945,312.22836509125534,88698700,311.62738037109375
2020-10-02,308.6686096191406,311.59960544931795,306.21842407966096,306.68997933659404,89431100,308.6686096191406
2020-10-05,314.1422119140625,314.32711504704287,310.6749607343537,310.7211794634582,45713100,314.1422119140625
2020-10-06,309.67645263671875,316.37057974539914,309.16793362544905,314.28097349200937,90128900,309.67645263671875
2020-10-07,315.06695556640625,315.87135369140464,312.5982591880481,312.625996081442,56999600,315.06695556640625
2020-10-08,317.8592224121094,317.92395123204756,316.0839766813295,316.9993505468978,45242500,317.8592224121094
2020-10-09,320.6977233886719,321.1600236881462,318.8855141153723,319.50498071538817,59528600,320.6977233886719
2020-10-12,325.8569641113281,327.32707559553944,322.7410647815939,323.2311019429976,80388500,325.8569641113281
2020-10-13,323.7303771972656,325.8939389787219,322.7687847777624,325.718262626604,73255500,323.7303771972656
2020-10-14,321.6961975097656,325.39459896157194,320.96578353895984,324.3035773052644,57727900,321.6961975097656
2020-10-15,321.29876708984375,321.7795493315503,317.25826624569703,317.79452227619373,60357700,321.29876708984375
2020-10-16,321.1044921875,324.30360178414776,320.9288158479538,322.6485591089017,89501900,321.1044921875
2020-10-19,316.2226257324219,322.99067994136914,315.3257621196153,322.36195837394564,68425600,316.2226257324219
2020-10-20,317.48931884765625,320.72542054305353,316.8051235185024,317.56327447111846,60051900,317.48931884765625
2020-10-21,316.8883972167969,319.60672543903087,316.583263194965,317.44313504454004,63575000,316.8883972167969
2020-10-22,318.6265869140625,319.20908978421284,314.96517658013624,317.1010016263074,55399300,318.6265869140625
2020-10-23,319.7083740234375,319.9025322364598,317.258188232449,319.84705846131055,49143900,319.7083740234375
2020-10-26,313.80029296875,317.1196066019274,310.31452973959426,316.3336902437672,91473000,313.80029296875
2020-10-27,312.7184143066406,314.475149793473,312.5057460118679,314.14230712329396,65994100,312.7184143066406
2020-10-28,302.0299987792969,312.7461150486337,301.5399616493468,307.059827691063,127094300,302.0299987792969
2020-10-29,305.0997009277344,308.2618190207296,300.57839067530114,302.26117045534187,90597700,305.0997009277344
2020-10-30,301.91912841796875,304.8316150562413,298.2761993068476,303.52792464897027,120287300,301.91912841796875
2020-11-02,305.3030700683594,307.300182145621,302.56623250835605,305.3030700683594,86068300,305.3030700683594
2020-11-03,310.6935119628906,312.746126248305,305.38631400131226,308.52995012960014,93294200,310.6935119628906
2020-11-04,317.63726806640625,321.7055046793928,313.98508475423665,315.1593172475223,126959700,317.63726806640625
2020-11-05,323.83209228515625,325.63507467035436,322.55613899305547,322.907491721787,82039700,323.83209228515625
2020-11-06,323.7581787109375,325.0063952769409,321.4374219661164,323.54551039577217,74973000,323.7581787109375
2020-11-09,327.8263854980469,336.90597013486416,327.3640851994297,336.52688050400957,172304200,327.8263854980469
2020-11-10,327.3456115722656,328.39964160698554,324.08177251066513,326.83706430106344,85552000,327.3456115722656
2020-11-11,329.7772216796875,330.60010132463776,328.2886004326059,329.52756152474734,58649000,329.7772216796875
2020-11-12,326.5781555175781,329.8235125087104,324.7752013576145,328.76945432758134,67546200,326.5781555175781
2020-11-13,331.0995178222656,331.83918709900695,327.9651078910253,328.48288202805907,62892200,331.0995178222656
2020-11-16,335.232421875,335.42658008620566,332.4771021299016,333.762310414162,74541100,335.232421875
2020-11-17,333.4294738769531,334.63147162301595,331.3213855742676,332.82848911220765,66111000,333.4294738769531
2020-11-18,329.4167785644531,334.2431959668281,329.37978663106264,333.6976848697734,70591300,329.4167785644531
2020-11-19,330.8035583496094,331.1733928980095,327.44725409515723,328.7879360767462,59940900,330.8035583496094
2020-11-20,328.538330078125,330.7481391320541,328.4643744428736,330.5447258643978,70417300,328.538330078125
2020-11-23,330.5077209472656,331.7651924296882,328.1130087910506,330.34129961206247,63230600,330.5077209472656
2020-11-24,335.8332824707031,336.37879319735254,332.199610492404,333.0502268667677,62415900,335.8332824707031
2020-11-25,335.3157043457031,335.7780047110036,334.22468225557213,335.7502678177485,45330900,335.3157043457031
2020-11-27,336.2495422363281,336.721069396595,335.2417026629686,336.4067085508926,28514100,336.2495422363281
2020-11-30,334.7608337402344,335.7409079513326,332.0887531357319,335.4727659225405,83872700,334.7608337402344
2020-12-01,338.4222717285156,339.95711197569057,337.4144605490259,338.00621842500254,74231400,338.4222717285156
2020-12-02,339.13421630859375,339.2913825881508,336.7395044630417,337.3127522431998,45927000,339.13421630859375
2020-12-03,339.0417175292969,340.42861810719086,337.94144081350913,339.0324624961436,62882000,339.0417175292969
2020-12-04,341.9635925292969,341.9635925292969,339.53188804571107,339.6243537638906,50749900,341.9635925292969
2020-12-07,341.26080322265625,341.75084037057263,339.99410502237635,341.1960744141505,48944300,341.26080322265625
2020-12-08,342.2593688964844,342.82336164005824,339.9478677180988,339.9940864550397,42458900,342.2593688964844
2020-12-09,339.189697265625,343.0730024150456,338.35756246336115,342.915836132159,74098300,339.189697265625
2020-12-10,339.0787658691406,340.1235407764272,336.952167699225,337.82129446332254,57735400,339.0787658691406
2020-12-11,338.68109130859375,339.08791771318033,335.8703266070758,337.38665648334694,57698600,338.68109130859375
2020-12-14,337.1648254394531,341.91725738932104,336.9891490851876,340.8447456280566,69216200,337.1648254394531
2020-12-15,341.72308349609375,341.72308349609375,338.32981558066564,339.6982062143582,63865300,341.72308349609375
2020-12-16,342.2593688964844,343.1747143338236,341.0573713537836,341.935753088197,58420500,342.2593688964844
2020-12-17,344.1733093261719,344.3767225815223,343.07303238358134,343.8959404400441,64119500,344.1733093261719
2020-12-18,342.79913330078125,344.6283621984902,340.7934791537867,344.46123143712066,136542300,342.79913330078125
2020-12-21,341.5733642578125,351.4159127548199,336.15997816972384,338.8898932592316,96386700,341.5733642578125
2020-12-22,340.99761962890625,342.00972660665593,339.87409218928934,341.8983061447887,47949000,340.99761962890625
2020-12-23,341.3041687011719,343.20766834908954,340.97917335383556,341.96342554621316,46201400,341.3041687011719
2020-12-24,342.6319580078125,342.6598131310871,341.19272941054123,341.7776869993081,26457900,342.6319580078125
2020-12-28,345.575439453125,345.9654111690172,344.5540377310399,345.1761449139129,39000400,345.575439453125
2020-12-29,344.9161682128906,347.27467258670123,344.33118227864804,347.09824735774396,53680500,344.9161682128906
2020-12-30,345.4081726074219,346.4388684943825,345.0182010132077,345.73316782716046,49455300,345.4081726074219
2020-12-31,347.1632080078125,347.8874694685123,344.7025779385661,345.2132645868987,78520700,347.1632080078125
2021-01-04,342.4367980957031,348.6208873511489,338.75048752612594,348.49087795071364,110210800,342.4367980957031
2021-01-05,344.79547119140625,345.88187774542536,341.7498547168132,341.7962988166081,66426200,344.79547119140625
2021-01-06,346.8567199707031,350.0416393473608,342.743287286381,343.2911234562188,107997700,346.8567199707031
2021-01-07,352.0101623535156,352.75298437501374,349.0481120785787,349.2245372676321,68766800,352.0101623535156
2021-01-08,354.01580810546875,354.22935455515557,350.153071336751,353.39367271496,71677200,354.01580810546875
2021-01-11,351.6295166015625,353.3844459686813,350.72882987062206,350.84954484541544,51034700,351.6295166015625
2021-01-12,351.7037353515625,352.71584242095815,349.4659464169587,351.8151841603632,52547700,351.7037353515625
2021-01-13,352.6509094238281,353.64442764556827,350.8495360073249,351.62950774382404,45303600,352.6509094238281
2021-01-14,351.4159240722656,353.89514316325904,351.0816626236897,353.39372265354797,49989100,351.4159240722656
2021-01-15,348.8531799316406,350.59881478443,346.9960962553196,349.800282405299,107160000,348.8531799316406
2021-01-19,351.59246826171875,352.1310385602512,349.82824390013127,351.30462247131084,51233300,351.59246826171875
2021-01-20,356.4578552246094,357.2935370131807,353.4865107131989,353.8764823240062,61836100,356.4578552246094
2021-01-21,356.7828674316406,357.4421524664681,355.86362018115483,357.01500286554875,47840100,356.7828674316406
2021-01-22,355.5201110839844,356.6807884063507,354.554419617458,354.93512517961597,52860500,355.5201110839844
2021-01-25,356.9222106933594,357.27503278883,351.4159360582794,356.25365943655754,70402000,356.9222106933594
2021-01-26,356.3651123046875,358.2779063977357,356.1329768241054,357.8693456849632,42665300,356.3651123046875
2021-01-27,347.6552734375,353.14295784515673,345.4267792034528,353.0500980152295,123351100,347.6552734375
2021-01-28,350.6451721191406,354.6378897005829,349.02951878829003,349.465906140877,94198100,350.6451721191406
2021-01-29,343.6254577636719,349.75383907984985,341.9540655846165,348.78814770996314,126765100,343.6254577636719
2021-02-01,349.3453063964844,350.37597423640665,343.91333096928156,347.0146573120808,75817600,349.3453063964844
2021-02-02,354.2850646972656,355.83574176244537,349.42880987347587,352.52084118245415,64450700,354.2850646972656
2021-02-03,354.5637512207031,356.2815595050007,353.2916532761181,355.11158757378746,52427100,354.5637512207031
2021-02-04,358.5936279296875,358.64004369374027,354.67517965802557,355.594427146348,47142600,358.5936279296875
2021-02-05,360.00494384765625,360.7106447040377,358.54715471512554,360.45994861198795,48669800,360.00494384765625
2021-02-08,362.6048278808594,362.6512436310637,360.5991744109489,361.45341690524697,38365200,362.6048278808594
2021-02-09,362.3634033203125,362.95768361802595,361.3605907389764,361.76912302259905,35551100,362.3634033203125
2021-02-10,362.2055358886719,364.24833897480704,359.80991075751706,364.09976890155684,59154400,362.2055358886719
2021-02-11,362.7905578613281,363.7005390243798,360.3670773709089,363.2826838806573,42913300,362.7905578613281
2021-02-12,364.5827331542969,364.8241347977366,361.9177938941386,361.99209312046787,50593300,364.5827331542969
2021-02-16,364.2669982910156,366.0033955530589,363.552031185599,365.808381339612,50972400,364.2669982910156
2021-02-17,364.35052490234375,364.6012209832248,361.5091609681263,362.52129645099154,52290600,364.35052490234375
2021-02-18,362.7998352050781,363.54265727343494,360.0327705772848,361.7505784893111,59712800,362.7998352050781
2021-02-19,362.15911865234375,364.3411973179349,361.71340843442175,364.05335165745737,83241000,362.15911865234375
2021-02-22,359.3735656738281,361.77848576262124,359.1042805920692,359.401420796986,67414200,359.3735656738281
2021-02-23,359.8099670410156,361.15636405887625,353.0316228676275,357.1729115862207,107284100,359.8099670410156
2021-02-24,363.77484130859375,364.2019909749651,357.7393191021612,358.7235712258007,72433900,363.77484130859375
2021-02-25,355.0093994140625,363.8769912428288,353.57017085547034,362.5120335653563,146670500,355.0093994140625
2021-02-26,353.1801452636719,358.0271345906392,351.20237503364604,356.8850463128118,152701600,353.1801452636719
2021-03-01,361.7413024902344,362.9855734404292,353.37516012939244,358.03642977075657,105348800,361.7413024902344
2021-03-02,358.9185485839844,362.19629994312015,358.41712808705853,361.9641644974679,79595300,358.9185485839844
2021-03-03,354.1643981933594,359.1877840030245,354.06224386816876,358.22212100889243,119940200,354.1643981933594
2021-03-04,349.78167724609375,356.5600204671109,345.30609935501286,353.97867561907805,183433000,349.78167724609375
2021-03-05,356.21649169921875,357.2657484566025,346.01182648724296,353.27300175449477,152039600,356.21649169921875
2021-03-08,354.4430236816406,359.97712560372787,354.1644724397162,357.17293919990277,123149200,354.4430236816406
2021-03-09,359.5035400390625,362.04773549523804,357.7764375613555,358.2778580660894,113633600,359.5035400390625
2021-03-10,361.7413024902344,363.431255369481,360.4320834867978,361.84345682354007,109899400,361.7413024902344
2021-03-11,365.4090576171875,367.3775617218999,363.7469598417814,364.201964598063,86245000,365.4090576171875
2021-03-12,365.901123046875,366.0403986280399,363.2455075098559,364.0533342174548,64653600,365.901123046875
2021-03-15,368.08331298828125,368.3433035974085,364.01629476654966,366.15192988889174,73427200,368.08331298828125
2021-03-16,367.61895751953125,369.401741761804,366.84825201962127,368.6960693202915,73722500,367.61895751953125
2021-03-17,368.87249755859375,369.67102984650717,365.19545189698175,366.3375684287189,97959300,368.87249755859375
2021-03-18,363.5056457519531,368.37119694339555,362.8277998657158,366.291271854569,115349100,363.5056457519531
2021-03-19,362.8330078125,364.7800131432064,360.6624031983592,363.20563537867605,113624500,362.8330078125
2021-03-22,365.73016357421875,367.10891663764517,363.28942068287944,363.3453133880508,73778600,365.73016357421875
2021-03-23,362.8515625,366.5406230570263,362.0690362260645,365.09668084256,90686600,362.8515625
2021-03-24,361.0069885253906,365.8791772373448,360.9604207531097,364.2489071923662,97588600,361.0069885253906
2021-03-25,363.0379638671875,363.829786798647,357.634764555162,359.5724734221165,116128600,363.0379638671875
2021-03-26,368.8883361816406,369.2889101458267,363.58762534966814,364.18382383106956,114409100,368.8883361816406
2021-03-29,368.701904296875,369.60554090899944,365.93510175704296,367.4163152580118,108107600,368.701904296875
2021-03-30,367.7236328125,368.39437346341936,366.13060599803737,367.43484446290313,76262200,367.7236328125
2021-03-31,369.2142639160156,370.77001997622074,368.26405952663214,368.2920058783888,112734200,369.2142639160156
2021-04-01,373.201416015625,373.2573371455199,370.93767636691575,371.1426257443496,99682900,373.201416015625
2021-04-05,378.5580749511719,379.09840904135075,375.7819756542243,375.8564897892532,91684800,378.5580749511719
2021-04-06,378.3345031738281,379.3778716395841,377.66376224160524,377.9991469225459,62021000,378.3345031738281
2021-04-07,378.7723388671875,379.1170200378233,377.7103490017058,378.16681558663885,55836300,378.7723388671875
2021-04-08,380.5702819824219,380.626174688792,379.089068404298,380.0206514166771,57863100,380.5702819824219
2021-04-09,383.3370666503906,383.5047731912766,380.328071856803,380.4491821914655,61104600,383.3370666503906
2021-04-12,383.4768371582031,383.7469757570129,382.135355372954,382.74087863290447,56704900,383.4768371582031
2021-04-13,384.6133728027344,385.2375459689583,382.992427357714,383.3743798281407,56551000,384.6133728027344
2021-04-14,383.29986572265625,385.6381198974038,382.7595316211662,384.585426479011,61659900,383.29986572265625
2021-04-15,387.41741943359375,387.6875864651336,385.3865753074208,385.43314308577106,60229800,387.41741943359375
2021-04-16,388.7123107910156,389.31783402254797,387.28699001478793,388.70298586402646,82037300,388.7123107910156
2021-04-19,386.8025817871094,388.2279026853113,385.4797498055928,387.7807610260529,78498500,386.8025817871094
2021-04-20,383.9706115722656,386.6908182521964,382.4986943815011,385.59155703811007,81851800,383.9706115722656
2021-04-21,387.603759765625,387.808709170284,383.2159832062883,383.35574340510965,66793000,387.603759765625
2021-04-22,384.06365966796875,388.2651075101176,383.0016699793457,387.43601353904774,97582800,384.06365966796875
2021-04-23,388.2278747558594,389.6345741269456,384.54813911119874,384.6226532391619,73209200,388.2278747558594
2021-04-26,389.0383605957031,389.60664100563645,388.2931055721406,388.8800074072831,52182400,389.0383605957031
2021-04-27,388.95452880859375,389.53213415675737,387.8179963971385,389.33648125494796,51303100,388.95452880859375
2021-04-28,388.84271240234375,390.342575715046,388.3769209336228,389.2246648182536,51238900,388.84271240234375
2021-04-29,391.3207702636719,391.93561848281814,387.9484442011052,391.5629909520302,78544300,391.3207702636719
2021-04-30,388.7495422363281,389.9047243925387,387.85523059091884,389.05698052139843,85527000,388.7495422363281
2021-05-03,389.5879821777344,391.11576335825885,389.09424437535307,390.7338109557142,68128300,389.5879821777344
2021-05-04,387.1846008300781,388.0975625908413,383.50486428784126,387.60382463739023,101591200,387.1846008300781
2021-05-05,387.3056640625,389.0570447951,386.74670853065714,388.82414902597037,60162200,387.3056640625
2021-05-06,390.3985290527344,390.5289359008101,385.3772825937991,387.3801805344539,74321400,390.3985290527344
2021-05-07,393.23980712890625,393.8919265936675,390.4823294392389,391.16239525650957,67733800,393.23980712890625
2021-05-10,389.3458251953125,393.81741249794896,389.22471484913274,393.59384166171475,81852400,389.3458251953125
2021-05-11,385.8709716796875,386.8584473474661,382.0049080638009,384.8369282355566,116888000,385.8709716796875
2021-05-12,377.673095703125,384.3618553205323,376.3595601632733,383.0949159919616,134811000,377.673095703125
2021-05-13,382.20977783203125,384.1381609895196,379.1728089035994,379.21940509990077,106394000,382.20977783203125
2021-05-14,388.0787353515625,388.9264790784336,384.91135963961915,384.93930598535553,82201600,388.0787353515625
2021-05-17,387.0913391113281,387.9018401628468,385.07911651757036,386.97025720812496,65129200,387.0913391113281
2021-05-18,383.7563171386719,387.59443468838975,383.5979355139091,387.3522140021612,59810200,383.7563171386719
2021-05-19,382.7502136230469,382.92721668401646,377.5985602871788,379.0798024141684,106467100,382.7502136230469
2021-05-20,386.8677673339844,388.12541000565056,383.50476652206805,383.6258484249689,78022200,386.8677673339844
2021-05-21,386.551025390625,389.58799485674376,386.09455884988506,388.3489736323711,76578700,386.551025390625
2021-05-24,390.4915771484375,391.5628916889913,388.5445440665606,388.7867646935149,51376700,390.4915771484375
2021-05-25,389.62530517578125,391.92631656128196,389.047728204707,391.5723104358726,57451400,389.62530517578125
2021-05-26,390.3985290527344,390.9015634477315,389.17815748951244,390.2122010644439,43088600,390.3985290527344
2021-05-27,390.60345458984375,391.9356114927395,390.3239626244938,391.4232522007512,56707700,390.60345458984375
2021-05-28,391.3021240234375,392.42933147222897,391.0692282777566,392.1684893742527,58520200,391.3021240234375
2021-06-01,390.95745849609375,393.7987753351119,390.5196133395258,393.65904356804924,54216600,390.95745849609375
2021-06-02,391.5722961425781,392.410743642536,390.60347022695476,391.6095674253817,49097100,391.5722961425781
2021-06-03,390.1190185546875,391.2555509981351,387.7993858877597,389.26197808041053,58138800,390.1190185546875
2021-06-04,393.6869812011719,393.9850945840739,390.18422002621526,391.96354696648706,55938800,393.6869812011719
2021-06-07,393.3049621582031,393.8545926231731,392.37337931662984,393.677589608902,51555000,393.3049621582031
2021-06-08,393.3888244628906,394.2551897336642,391.5629299457471,394.1620257580678,47134300,393.3888244628906
2021-06-09,392.8019714355469,394.3018348687151,392.57840061009364,394.2272923071258,48436300,392.8019714355469
2021-06-10,394.6278381347656,395.5780709347275,392.7087795402519,394.0223149057569,51020100,394.6278381347656
2021-06-11,395.2798767089844,395.3916620908997,393.89182750078726,395.1774162521119,45570800,395.2798767089844
2021-06-14,396.16497802734375,396.26743850654356,394.1527554254345,395.39174825118516,42358500,396.16497802734375
2021-06-15,395.43829345703125,396.3512264436359,394.5626033146111,396.31398359945143,51508500,395.43829345703125
2021-06-16,393.2304992675781,395.8016775286566,391.19035858653814,395.5781066988787,80386100,393.2304992675781
2021-06-17,393.10009765625,394.07824847919915,390.63140827908353,392.82063411530976,90949700,393.10009765625
2021-06-18,387.7969665527344,390.51671667728624,387.5913466663332,389.82509911514796,118676300,387.7969665527344
2021-06-21,393.3486633300781,393.53560087943845,388.7409408172673,389.5540649639203,72822000,393.3486633300781
2021-06-22,395.45159912109375,396.28343417143736,392.61966911686017,393.339353041914,57700300,395.45159912109375
2021-06-23,394.9749755859375,396.33017311106846,394.8908622379778,395.52640432656335,49445400,394.9749755859375
2021-06-24,397.31158447265625,397.7321512462469,396.86295139148933,397.115319978314,45110300,397.31158447265625
2021-06-25,398.7227478027344,399.1713807602741,397.7320416454971,398.05916806103676,58129500,398.7227478027344
2021-06-28,399.5265197753906,399.6947464278682,398.0498160658753,399.24614202126133,53159600,399.5265197753906
2021-06-29,399.7415466308594,400.545315311481,399.20880030663477,399.9097733050363,35970500,399.7415466308594
2021-06-30,400.07806396484375,400.7509992918403,399.2555842848848,399.2836220683984,64827900,400.07806396484375
2021-07-01,402.2930908203125,402.4519905914438,400.76963819499144,400.83506919032,53441000,402.2930908203125
2021-07-02,405.3680419921875,405.72320623377107,402.3772122424309,403.45206040174946,57697700,405.3680419921875
2021-07-06,404.6296691894531,405.63908633581775,401.90056347036705,405.42411100289456,68710400,404.6296691894531
2021-07-07,406.05963134765625,406.34003766118167,403.30248799530796,405.31193822358387,63549500,406.05963134765625
2021-07-08,402.7510986328125,403.50814726468866,399.57333123869796,400.7509751205796,97595200,402.7510986328125
2021-07-09,407.0503845214844,407.349473214676,402.55481277928465,404.25584763381096,76238600,407.0503845214844
2021-07-12,408.50836181640625,408.76073035250516,406.536304788165,406.9662269112006,52889600,408.50836181640625
2021-07-13,407.1157531738281,409.21867209378087,406.8540577380294,407.72325737950405,52911300,407.1157531738281
2021-07-14,407.7232360839844,409.29343713942774,406.48018995953106,408.8074109821417,64130400,407.7232360839844
2021-07-15,406.3307189941406,407.05972983900836,404.43341971053184,406.38679455738685,55126400,406.3307189941406
2021-07-16,403.1435546875,407.55501220685557,402.75102581295585,407.50829208648764,75874700,403.1435546875
2021-07-19,397.1900329589844,403.20905730096297,394.38614069493224,398.3302836206056,147987000,397.1900329589844
2021-07-20,402.88189697265625,404.15300952398457,397.05913759218004,397.85357937142714,99608200,402.88189697265625
2021-07-21,406.143798828125,406.28401626491234,402.83522636423976,404.0782727663207,64724400,406.143798828125
2021-07-22,406.9942932128906,407.23730633204167,405.3400070746696,406.3213579405747,47878500,406.9942932128906
2021-07-23,411.1813659667969,411.5178192735253,408.2372854422803,408.9195474884776,63766600,411.1813659667969
2021-07-26,412.1908264160156,412.20018185039044,410.5458957579973,410.59261588453984,43719200,412.1908264160156
2021-07-27,410.3122863769531,411.18148619614936,407.4896830394306,411.15344841239045,67397100,410.3122863769531
2021-07-28,410.1439514160156,411.51785959844165,408.72332311063053,410.93839316496434,52472400,410.1439514160156
2021-07-29,411.8450012207031,412.91982079238494,411.05991487644866,411.06927031045103,47435300,411.8450012207031
2021-07-30,409.8449401855469,411.29360644207577,409.1532940336554,409.28415602981516,68951200,409.8449401855469
2021-08-02,408.98504638671875,412.1067095157106,408.62988215553224,411.55528082300833,58783300,408.98504638671875
2021-08-03,412.3123474121094,412.43385397257424,407.5924735593852,409.7795060797524,58053900,412.3123474121094
2021-08-04,410.2842102050781,412.2843051456388,410.0505525213927,411.0319033838049,46732200,410.2842102050781
2021-08-05,412.8824462890625,412.96655962509095,411.1253360982536,411.4431070974712,38969700,412.8824462890625
2021-08-06,413.564697265625,413.9852924570962,412.91979985078956,413.2002061526581,46930000,413.564697265625
2021-08-09,413.2283630371094,413.8545497653774,412.46195885616,413.53677868313116,41222600,413.2283630371094
2021-08-10,413.7422790527344,414.45260745639985,412.99458596031207,413.6768480634151,43339300,413.7422790527344
2021-08-11,414.7704162597656,414.8638850355054,413.6862412110491,414.80780947459465,44034300,414.7704162597656
2021-08-12,416.01348876953125,416.15370620330873,413.72366049428854,414.62089804805976,38909400,416.01348876953125
2021-08-13,416.7705383300781,416.7892206760995,415.9760965228515,416.4620942233985,39470300,416.7705383300781
2021-08-16,417.75189208984375,417.8827255582406,413.9199004513762,415.4713908619817,73740000,417.75189208984375
2021-08-17,415.0133972167969,415.8732414325838,412.0319231944984,415.2003062311289,92673900,415.0133972167969
2021-08-18,410.4710998535156,415.56484852636714,410.2281152693712,414.00400272308775,89351900,410.4710998535156
2021-08-19,411.1066589355469,412.3030136509168,407.61114913490746,407.7513380397817,92812200,411.1066589355469
2021-08-20,414.3778381347656,414.70496457219946,410.96644191047403,411.45246811100355,72008700,414.3778381347656
2021-08-23,418.02288818359375,418.9294809997778,414.4525924726287,416.06015823361497,54973000,418.02288818359375
2021-08-24,418.6865539550781,419.2193003480419,418.17251843232447,418.6865539550781,38744700,418.6865539550781
2021-08-25,419.5650329589844,420.0790683883611,418.4995403666085,418.8734154308783,40529700,419.5650329589844
2021-08-26,417.08831787109375,419.5183349461485,416.9948490937456,419.2846772641112,57829600,417.08831787109375
2021-08-27,420.8175048828125,421.19135148689224,417.83603043980827,417.8921060042868,77235100,420.8175048828125
2021-08-30,422.66815185546875,423.4532384067289,421.2474946004219,421.49050776724243,48357400,422.66815185546875
2021-08-31,422.0419006347656,422.91110047218524,421.4437517278113,422.57464706002395,59300200,422.0419006347656
2021-09-01,422.2661437988281,423.4905077483613,422.03248612109024,422.9764722664043,48721400,422.2661437988281
2021-09-02,423.5652770996094,424.3690457877398,422.3689509787344,423.6867836507604,42501000,423.5652770996094
2021-09-03,423.46240234375,423.9764662662801,422.0324187252599,422.43433154401214,47170500,423.46240234375
2021-09-07,421.94842529296875,423.21018261431715,421.2754899564276,423.1167138270563,51671500,421.94842529296875
2021-09-08,421.4344177246094,422.144746327745,419.518407287907,421.41573537498465,56181900,421.4344177246094
2021-09-09,419.6305236816406,422.9858446456514,419.38751055980504,421.23808970978325,57970400,419.6305236816406
2021-09-10,416.3218994140625,421.9764037145198,416.2003928599835,421.5558370150139,89948200,416.3218994140625
2021-09-13,417.3873291015625,419.5743898490149,415.0787903327298,419.3126944167152,83738600,417.3873291015625
2021-09-14,415.1349182128906,419.03231214319595,414.2470076652523,418.8266922544094,78197100,415.1349182128906
2021-09-15,418.6024169921875,419.0977701394543,414.4526542585058,415.5555116773011,78792200,418.6024169921875
2021-09-16,417.93878173828125,419.0509659215077,414.99467250347925,418.0789706250188,77786700,417.93878173828125
2021-09-17,413.8677062988281,417.59007902636665,413.5114041887088,417.1681649070518,118425000,413.8677062988281
2021-09-20,406.9668273925781,409.3296324653092,402.10990737755776,407.7544290834885,166445500,406.9668273925781
2021-09-21,406.582275390625,410.59530867420943,406.0572077545702,409.3013817803459,92526100,406.582275390625
2021-09-22,410.5484313964844,412.58309005146594,406.69480673198865,408.8513325900805,102350100,410.5484313964844
2021-09-23,415.53662109375,417.1399803704705,412.17993634176355,412.41434258074156,76396000,415.53662109375
2021-09-24,416.2210693359375,416.9336734105124,413.68947068134617,413.9051347076099,62094800,416.2210693359375
2021-09-27,415.0303649902344,416.35239112758217,414.33650299714867,415.1897452245322,61371100,415.0303649902344
2021-09-28,406.6666564941406,412.59245249230736,405.9353102459773,412.2642780676356,130436300,406.6666564941406
2021-09-29,407.3511962890625,409.77964162679973,406.7886155612909,408.045029638689,82329200,407.3511962890625
2021-09-30,402.3724670410156,409.52652283633495,402.03490711070083,408.82330398006496,140506000,402.3724670410156
2021-10-01,407.15423583984375,408.83259245748525,400.5815046124614,404.0975980601775,129240100,407.15423583984375
2021-10-04,401.903564453125,406.8917073430287,399.7657521393978,405.9915954205408,128570000,401.903564453125
2021-10-05,406.0853271484375,408.3262356545151,402.60674697637165,403.40370520546276,90682500,406.0853271484375
2021-10-06,407.7731018066406,407.97938044868795,400.8721956255004,402.49426854273986,113032200,407.7731018066406
2021-10-07,411.298583984375,414.13020116989895,410.86728449835147,411.0454355366307,72437500,411.298583984375
2021-10-08,410.5484313964844,412.4518374427157,409.9202387275282,412.0674077940218,74557400,410.5484313964844
2021-10-11,407.57623291015625,412.79881127574237,407.5105922896659,409.89216791478833,65233300,407.57623291015625
2021-10-12,406.57293701171875,408.89825725037673,405.7853354665387,408.4950853785661,71181200,406.57293701171875
2021-10-13,408.03564453125,408.8513737107969,404.62270437794365,407.59495963247764,72974000,408.03564453125
2021-10-14,414.8990173339844,415.0490407513381,411.2235151439211,411.69232759288604,70236800,414.8990173339844
2021-10-15,418.0588073730469,418.42449481685196,416.3898362044381,417.00867206884914,66260200,418.0588073730469
2021-10-18,419.29656982421875,419.6341011247243,415.6210668502245,416.2774158643815,62213200,419.29656982421875
2021-10-19,422.53131103515625,422.59692303340495,420.30911592133424,420.91859501540216,46996800,422.53131103515625
2021-10-20,424.19097900390625,424.491025906163,422.87830957409244,422.99082000892685,49571600,424.19097900390625
2021-10-21,425.2972717285156,425.52229254631413,423.15948811730703,423.5907875561012,41305400,425.2972717285156
2021-10-22,424.8566589355469,426.3099949344086,422.9157682107572,424.8660443425605,58845100,424.8566589355469
2021-10-25,427.1349792480469,427.4631536608838,424.1721099698522,425.94420601670936,45214500,427.1349792480469
2021-10-26,427.5194091796875,429.8915988533881,427.1443649707542,428.6820834256312,56075100,427.5194091796875
2021-10-27,425.62548828125,428.6446418796485,425.55046225853243,427.9789361517596,72438000,425.62548828125
2021-10-28,429.7322998046875,429.80729721502064,427.0413206145411,427.050677407055,51437900,429.7322998046875
2021-10-29,430.6042175292969,430.8948789471614,427.1443795021593,427.43504092002377,70162400,430.6042175292969
2021-11-01,431.344970703125,431.96380657611127,429.61974430603044,431.5887337216653,48433600,431.344970703125
2021-11-02,433.0889892578125,433.398421537022,431.38250486096626,431.51378609797507,48908400,433.0889892578125
2021-11-03,435.7331848144531,436.1363567837527,432.0858090456328,432.52649403492893,52509800,435.7331848144531
2021-11-04,437.7864685058594,437.87085131761023,435.9862160130472,436.33313266603705,52847100,437.7864685058594
2021-11-05,439.30535888671875,441.29311894097486,437.7957966505477,440.0085775067078,66390600,439.30535888671875
2021-11-08,439.68048095703125,440.89941061596096,438.9960330253521,440.4024705143944,50405200,439.68048095703125
2021-11-09,438.22723388671875,440.28063519202976,436.8207962043988,440.0462289116431,51149100,438.22723388671875
2021-11-10,434.70172119140625,438.2272005366199,433.2202862022842,436.53945827784827,69429700,434.70172119140625
2021-11-11,434.8423767089844,436.26758515556486,434.8236345082835,436.1925591246675,34848500,434.8423767089844
2021-11-12,438.1240234375,438.6772187538003,435.1611250038921,436.1081354103615,53466700,438.1240234375
2021-11-15,438.27398681640625,439.5679137173184,437.1488541390342,439.40853351302644,46980500,438.27398681640625
2021-11-16,440.0087890625,441.14330763629346,437.93664521124515,438.0116426432589,48857500,440.0087890625
2021-11-17,438.939697265625,439.9241918816736,438.3208614503229,439.74604087663033,47858300,438.939697265625
2021-11-18,440.4305725097656,440.6931063478928,437.25201023461375,439.9711168325113,50625600,440.4305725097656
2021-11-19,439.6429443359375,441.56506389702315,439.277256897484,440.3180067810075,57315600,439.6429443359375
2021-11-22,438.4053039550781,444.00292604113224,438.1990253218852,441.518225650883,72762000,438.4053039550781
2021-11-23,438.9867248535156,439.83996718067124,435.48001592036644,438.0772273060244,73206500,438.9867248535156
2021-11-24,440.1585998535156,440.2804956589333,436.1736943498332,436.9894233688114,61858800,440.1585998535156
2021-11-26,430.341796875,434.9642817891199,429.21663530001194,433.5015889100639,112669600,430.341796875
2021-11-29,435.6205749511719,437.4583119148909,432.92959581507233,435.1236348523177,86268800,435.6205749511719
2021-11-30,427.1444396972656,435.08612453579684,426.90064804249147,433.1827469437874,148559600,427.1444396972656
2021-12-01,422.3999938964844,435.6861505788109,422.2031006903949,432.84514843479013,131939200,422.3999938964844
2021-12-02,428.86968994140625,430.43553635703284,422.22193180478286,422.61574691393747,127637800,428.86968994140625
2021-12-03,425.137939453125,431.5887754076615,420.91862695944747,430.5292831950463,137331600,425.137939453125
2021-12-06,430.1729736328125,432.0482235973753,425.2691846744251,427.6788877462588,98977500,430.1729736328125
2021-12-07,439.0710144042969,439.633595102183,430.0416814760553,435.4424103932935,95484700,439.0710144042969
2021-12-08,440.2336730957031,440.68374339000826,437.7114595944113,439.46484235390875,72238800,440.2336730957031
2021-12-09,437.261474609375,440.3368838174408,437.0645813487315,438.9491883572712,61272600,437.261474609375
2021-12-10,441.3775939941406,441.52761743144606,437.41145846142433,439.9617996675269,77159800,441.3775939941406
2021-12-13,437.4676818847656,441.20879629669554,437.1863772299923,440.86187964178026,87724700,437.4676818847656
2021-12-14,434.4578857421875,436.6894377150197,431.5418858646757,434.2047373052017,97264100,434.4578857421875
2021-12-15,441.246337890625,441.49010093703475,432.00134036114184,434.5141971486355,116899300,441.246337890625
2021-12-16,437.3552551269531,443.3747924623618,435.8081507648726,443.09351636782804,116568600,437.3552551269531
2021-12-17,432.7004699707031,437.2827414785998,430.9974086651927,434.28120719660683,135511600,432.7004699707031
2021-12-20,428.0993347167969,428.4945046145701,424.4862092214544,427.62887521925904,107134800,428.0993347167969
2021-12-21,435.7019958496094,435.84312797159805,429.3507919289712,431.5148943716561,69806300,435.7019958496094
2021-12-22,440.05841064453125,440.17131633051764,435.25029960943573,435.44791327448115,58890200,440.05841064453125
2021-12-23,442.7965393066406,444.2925972471357,440.9523458894644,441.0558332086626,56439700,442.7965393066406
2021-12-27,449.06304931640625,449.11008378457836,444.12322414632985,444.17025861450196,56808600,449.06304931640625
2021-12-28,448.6960754394531,450.52146074512336,447.9339332846144,449.4958623974338,47274600,448.6960754394531
2021-12-29,449.2699890136719,450.28616884171197,447.8021577539653,448.79952954031546,54503000,449.2699890136719
2021-12-30,448.0279846191406,450.7001910745442,447.5669435079559,449.6934008752194,55329000,448.0279846191406
2021-12-31,446.89898681640625,448.68672759999293,446.6261409158033,447.53883371212675,65237400,446.89898681640625
2022-01-03,449.4865417480469,449.6182842304022,445.85460710588626,448.1598421159057,72668200,449.4865417480469
2022-01-04,449.3359069824219,451.6223622300133,447.4822951975026,450.9072545217483,71178700,449.3359069824219
2022-01-05,440.707763671875,449.74059423041956,440.6136660037969,448.96903355258615,104538900,440.707763671875
2022-01-06,440.293701171875,443.0035528678846,437.9319849605687,440.2466667010779,86858900,440.293701171875
2022-01-07,438.5529479980469,441.479221117935,437.1980222953608,440.3030723284207,85111600,438.5529479980469
2022-01-10,438.0072326660156,438.22362566846715,429.62364055153137,435.36325245373706,119362000,438.0072326660156
2022-01-11,441.9967346191406,442.0908322693714,434.75164626994354,437.7437907456816,74303100,441.9967346191406
2022-01-12,443.19171142578125,445.2429369205549,441.2346123000405,443.72804221308974,67605400,443.19171142578125
2022-01-13,437.08514404296875,444.9418241930247,436.05954567988096,444.29258772329274,91173100,437.08514404296875
2022-01-14,437.263916015625,437.6120514809011,432.7286791584299,433.94247281173614,95890900,437.263916015625
2022-01-18,429.5202331542969,432.7852242061201,428.4099552948378,432.57822081583305,109709100,429.5202331542969
2022-01-19,425.0601806640625,432.455790611051,424.7873060995941,431.0632487949444,109357600,425.0601806640625
2022-01-20,420.3556213378906,431.6372325182061,418.2385532953383,426.9420552480534,122379700,420.3556213378906
2022-01-21,412.103759765625,421.58821170548157,412.0755333410702,419.2359139440063,202271200,412.103759765625
2022-01-24,413.85382080078125,414.3619251147175,395.901098425589,406.50524550753806,251783900,413.85382080078125
2022-01-25,408.8011169433594,413.7409421509055,401.9135823339121,407.47441758472695,167997300,408.8011169433594
2022-01-26,407.7755432128906,417.80574473347866,403.5225703047687,414.6818862839636,186391100,407.7755432128906
2022-01-27,405.7619323730469,415.50045053402,404.0777079047049,412.3672026513168,149878300,405.7619323730469
2022-01-28,415.8392028808594,415.886237349482,402.54401155859085,407.11686454826264,164457400,415.8392028808594
2022-01-31,423.328857421875,423.67699284659494,413.8255700778436,415.17107731403024,152251400,423.328857421875
2022-02-01,426.18927001953125,426.82908804425705,420.53433767425685,424.05336552481776,123155400,426.18927001953125
2022-02-02,430.32928466796875,431.05378191741363,426.28331598109395,428.58857887911375,117361000,430.32928466796875
2022-02-03,420.2144775390625,426.20812763649417,419.37704575360794,424.3074813838875,118024400,420.2144775390625
2022-02-04,422.1904602050781,426.0293979401201,417.60815954090174,419.9792943228935,118454400,422.1904602050781
2022-02-07,420.83544921875,424.3450587788941,419.5087499574974,422.95251700944823,84472900,420.83544921875
2022-02-08,424.298095703125,425.2202068332441,418.9160368655322,420.3368340105605,81012000,424.298095703125
2022-02-09,430.5080871582031,430.82799617234946,428.1275632375704,428.32514818742595,92589900,430.5080871582031
2022-02-10,422.7738342285156,430.66813161634667,420.77909006037453,424.6744807309833,140103700,422.7738342285156
2022-02-11,414.437255859375,424.92849902096657,413.0070690365457,422.85849404433793,153214600,414.437255859375
2022-02-14,413.08233642578125,415.5099240394694,409.619760664808,413.92918667657835,123006300,413.08233642578125
2022-02-15,419.7440185546875,419.9133771021189,416.99652213320917,417.5140448697904,88482700,419.7440185546875
2022-02-16,420.2144775390625,421.588211390658,415.82979106919817,417.70221089727113,84863600,420.2144775390625
2022-02-17,411.2380676269531,420.18621676202645,410.63589438127366,417.03413227878895,102259100,411.2380676269531
2022-02-18,408.5752868652344,412.74355133918664,406.30766852315804,411.49211293034836,132642900,408.5752868652344
2022-02-22,404.19061279296875,409.7702560003978,400.6997823601273,406.37355193227506,124391800,404.19061279296875
2022-02-23,397.0208740234375,407.66266804171244,396.4563167518518,407.0981107701267,132578000,397.0208740234375
2022-02-24,402.99566650390625,403.42850999389174,386.3790593344902,386.73658449661104,213942900,402.99566650390625
2022-02-25,411.8872985839844,411.97197784953823,402.5815957478885,404.22820402320997,121804500,411.8872985839844
2022-02-28,410.83349609375,412.3107459178309,405.25385292778066,406.5052626502716,145615000,410.83349609375
2022-03-01,404.5763854980469,411.34159579885494,401.8759236906789,409.3374336179091,137785900,404.5763854980469
2022-03-02,412.0190124511719,413.74088149381066,406.07239780068846,406.82512147422693,117726500,412.0190124511719
2022-03-03,409.9678649902344,415.0488225356622,408.1707060110163,414.44664922565886,105501700,409.9678649902344
2022-03-04,406.6369934082031,407.76607902539786,402.600442693899,406.2417947777143,113978200,406.6369934082031
2022-03-07,394.64971923828125,406.75934432063025,394.58384800510765,406.05365494553234,137896600,394.64971923828125
2022-03-08,391.6575927734375,401.97005852746355,390.59434954887394,394.82848568696517,164772700,391.6575927734375
2022-03-09,402.1581726074219,404.13410814898197,397.83935806469975,400.0222969242245,116990800,402.1581726074219
2022-03-10,400.3421936035156,401.2360493514207,395.599954192604,397.557052917586,93972700,400.3421936035156
2022-03-11,395.2518310546875,403.4378087082755,394.743726780533,402.82621713239433,95636300,395.2518310546875
2022-03-14,392.3632507324219,399.4671781987032,391.2247467020312,396.0234396841189,95729200,392.3632507324219
2022-03-15,400.9914855957031,401.62188528128036,393.69936293232934,394.9695806826798,106219100,400.9914855957031
2022-03-16,409.8832092285156,409.9396620822366,399.7024567937387,404.49176069614015,144954800,409.8832092285156
2022-03-17,415.0111999511719,415.0111999511719,407.5967527483876,407.9731146505722,102676900,415.0111999511719
2022-03-18,419.5567321777344,419.87763507524926,412.66669551110175,413.4028912886427,106345500,419.5567321777344
2022-03-21,419.43402099609375,421.3877523283893,415.93234592986585,419.3868116069883,88349800,419.43402099609375
2022-03-22,424.342041015625,425.2764356419781,420.8214989932451,420.8214989932451,74650400,424.342041015625
2022-03-23,418.8770751953125,423.30369655482366,418.79213287032195,421.8124388431465,79426100,418.8770751953125
2022-03-24,425.19146728515625,425.2009149244502,419.78326986493045,420.89699675804104,64736900,425.19146728515625
2022-03-25,427.2679443359375,427.54166664957455,423.247167191328,425.8238668662759,77101300,427.2679443359375
2022-03-28,430.30706787109375,430.30706787109375,424.7855856636152,426.67326991890525,68529800,430.30706787109375
2022-03-29,435.63037109375,436.1211874892994,431.50578514438973,434.18629362949696,86581500,435.63037109375
2022-03-30,432.9404296875,435.30003519309184,430.83565120715195,434.4883159212036,79666900,432.9404296875
2022-03-31,426.27691650390625,432.997068540125,425.8238618663555,432.1759304126346,121699900,426.27691650390625
2022-04-01,427.4849548339844,427.99460880330986,423.91723302983837,427.853038256275,89048800,427.4849548339844
2022-04-04,431.1471252441406,431.2509628688752,426.8621021980193,427.6832403411355,59601000,431.1471252441406
2022-04-05,425.7011413574219,432.11925672118474,424.5591003737765,429.65584243367965,74214500,425.7011413574219
2022-04-06,421.4444580078125,423.7191214319922,418.5657504830329,421.79370385778503,106898000,421.4444580078125
2022-04-07,423.5680847167969,425.3802745470558,418.62236044413095,420.5666732140926,78097200,423.5680847167969
2022-04-08,422.4354553222656,425.32361011547357,420.89698794603316,422.8129864370016,79272700,422.4354553222656
2022-04-11,415.21502685546875,420.0097320215141,414.7147916975716,419.16969873165914,89770500,415.21502685546875
2022-04-12,413.676513671875,420.7175668489802,412.1285989831766,418.1974960631798,84363600,413.676513671875
2022-04-13,418.4146728515625,419.16973507105604,413.25185499529334,413.4311873130841,74070400,418.4146728515625
2022-04-14,413.20465087890625,419.7549175134308,413.1008132674667,418.64116191799894,97869500,413.20465087890625
2022-04-18,413.3745422363281,415.0545800894282,411.14705981320014,412.27968190004844,66002500,413.3745422363281
2022-04-19,420.0474548339844,420.76475517269427,413.1007626849386,413.2706473332826,77821000,420.0474548339844
2022-04-20,419.736083984375,422.4354878298303,418.57517643732126,421.8219961207023,65224400,419.736083984375
2022-04-21,413.45953369140625,424.73846009934624,412.55345319655066,423.3510108398269,85417300,413.45953369140625
2022-04-22,402.1144714355469,413.478308876768,401.54816044987837,412.374029818299,132471800,402.1144714355469
2022-04-25,404.44580078125,404.6156854519276,395.31883470061024,399.87760832355883,119647700,404.44580078125
2022-04-26,392.732666015625,402.1144578967915,392.70435190748356,401.91623033602906,103996300,392.732666015625
2022-04-27,393.8370056152344,399.169736833569,391.70394193167726,393.80869150273776,122030000,393.8370056152344
2022-04-28,403.7851257324219,405.51237307337215,394.1485050200903,398.5751272035263,105449100,403.7851257324219
2022-04-29,388.863037109375,401.95412552190345,388.11739360908206,399.80216617743,145491100,388.863037109375
2022-05-02,391.2037048339844,392.56283983474725,382.2749373532382,388.92904179526005,158312500,391.2037048339844
2022-05-03,392.99700927734375,395.4037953011167,390.1465874755705,391.7039501067172,100028200,392.99700927734375
2022-05-04,404.9648742675781,405.53118526756083,390.47689280324255,393.65763595496884,144247900,404.9648742675781
2022-05-05,390.57135009765625,401.1329469341785,386.44676416954945,400.7082064100307,172929100,390.57135009765625
2022-05-06,388.239990234375,391.50567570306237,382.9450500936246,388.0134773567565,151770800,388.239990234375
2022-05-09,375.8096923828125,383.5869435337957,374.23346310540126,382.3505124543199,155586100,375.8096923828125
2022-05-10,376.677978515625,383.2754262479383,372.6477827083813,381.7747206128694,132497200,376.677978515625
2022-05-11,370.69403076171875,381.35001745771194,369.94838734516037,375.7152782695393,142361000,370.69403076171875
2022-05-12,370.3070068359375,373.57269244374504,363.5207798183708,367.5037946408941,125090800,370.3070068359375
2022-05-13,379.1602783203125,380.53827982576547,373.3933876739787,374.43161982347493,104174400,379.1602783203125
2022-05-16,377.62188720703125,381.2840001806902,375.271728942545,377.5180783730131,78622400,377.62188720703125
2022-05-17,385.3896789550781,385.6256395203469,379.9720047899369,383.7001932426954,83029700,385.3896789550781
2022-05-18,369.85394287109375,381.123419587076,368.61751205317614,380.8402784851767,117674500,369.85394287109375
2022-05-19,367.5887451171875,372.0059481432004,365.3707103676318,366.7959211904098,98510700,367.5887451171875
2022-05-20,367.7491760253906,374.7336013107162,359.1696553995638,371.1658795771667,131432200,367.7491760253906
2022-05-23,374.62982177734375,375.39433157969796,368.457086332618,370.7694822124612,76414900,374.62982177734375
2022-05-24,371.7699890136719,372.9592105064328,365.2291411864955,370.5146628553773,91448800,371.7699890136719
2022-05-25,375.0545654296875,377.01777330975807,369.8823286767236,370.278726265349,91472900,375.0545654296875
2022-05-26,382.5487060546875,384.1815635422074,376.07396194375553,376.2816083941698,82168300,382.5487060546875
2022-05-27,391.9399108886719,392.0531673410909,384.80446634850006,385.0026651402334,84768700,391.9399108886719
2022-05-31,389.7407531738281,393.0725149914447,387.00361655148845,390.3259307298854,95937000,389.7407531738281
2022-06-01,386.5882873535156,392.86483164009155,384.0776638781302,391.8549424707136,86585800,386.5882873535156
2022-06-02,393.9503173828125,393.9974979722233,384.18154466114504,386.42789374965014,79609600,393.9503173828125
2022-06-03,387.4849853515625,390.78843305581245,386.5128290364629,389.2405180200075,71874300,387.4849853515625
2022-06-06,388.66473388671875,393.21403077110097,387.49435013390536,391.48681245747764,57508900,388.66473388671875
2022-06-07,392.3929443359375,392.84599895820924,384.7195026936411,385.18200495505744,59272400,392.3929443359375
2022-06-08,388.1268005371094,392.4684805286195,387.33397652533813,390.6846048993001,64350000,388.1268005371094
2022-06-09,378.89605712890625,388.61762134646665,378.89605712890625,386.35240557578845,86289800,378.89605712890625
2022-06-10,367.90966796875,373.55385453962793,367.86248738155257,372.70440234363315,132893900,367.90966796875
2022-06-13,353.9408264160156,360.3683895194282,352.3362831480851,358.5184668650851,170004900,353.9408264160156
2022-06-14,352.8742980957031,356.7157429736958,349.77849666174114,355.68695837561785,104011800,352.8742980957031
2022-06-15,357.90496826171875,362.34100925128496,351.2225494582893,356.1682732930812,125666800,357.90496826171875
2022-06-16,346.0596923828125,350.1087829653544,343.63401132773026,349.70293778443306,134473300,346.0596923828125
2022-06-17,346.8056945800781,350.1423885814665,343.30789944734585,346.4739460122469,111113900,346.8056945800781
2022-06-21,355.5360412597656,356.91999511391333,352.4458155848116,352.5216653163301,76811900,355.5360412597656
2022-06-22,354.8915710449219,358.9960494687862,350.9008093965039,351.3178962620308,90059400,354.8915710449219
2022-06-23,358.370361328125,359.1002487608876,353.46963484148904,357.0243321478926,79292100,358.370361328125
2022-06-24,369.7642822265625,369.77377067490386,361.5079146879787,361.5363511048066,98050300,369.7642822265625
2022-06-27,368.3519287109375,370.9776545538821,367.2618273862305,370.68380190795756,66009600,368.3519287109375
2022-06-28,360.8254699707031,372.68394948048416,360.71172428504013,369.9065529188097,86548900,360.8254699707031
2022-06-29,360.5315856933594,362.3610628098229,358.71159702593604,361.37524766838453,65676000,360.5315856933594
2022-06-30,357.6025695800781,360.834977987892,353.156825579061,356.64516179349505,112508300,357.6025695800781
2022-07-01,361.3847351074219,361.82079880218214,354.33221338787916,356.9484798436387,74839700,361.3847351074219
2022-07-05,362.0671691894531,362.08614608538556,353.4790245086268,356.30383382402914,81438000,362.0671691894531
2022-07-06,363.2900695800781,365.7736135029027,359.8301699411462,362.2094276989218,70426200,363.2900695800781
2022-07-07,368.7310485839844,369.527297172002,363.3089500699822,365.0626062245405,64525900,368.7310485839844
2022-07-08,368.4278259277344,370.2952282014979,365.5745794315864,367.10071569720793,72397800,368.4278259277344
2022-07-11,364.2190246582031,366.7215164411496,363.5270331899998,365.7546492181339,58366900,364.2190246582031
2022-07-12,360.99609375,366.0485198112267,359.251925711996,363.6692331147653,62219200,360.99609375
2022-07-13,359.10028076171875,362.02937706003513,355.14747320454023,355.5645600399159,84224600,359.10028076171875
2022-07-14,358.2281494140625,359.30876226262916,351.71594911911046,354.15207948496095,89704800,358.2281494140625
2022-07-15,365.0721740722656,365.185919762693,360.72122784420594,362.6265260152687,79060400,365.0721740722656
2022-07-18,362.05780029296875,368.82592927824663,360.83497625525047,368.1529146526756,63203600,362.05780029296875
2022-07-19,371.8403015136719,372.40905889172745,365.31864088700104,365.97267860433266,78506000,371.8403015136719
2022-07-20,374.2101135253906,375.62253303614597,370.6649043931411,372.02991057920354,71843800,374.2101135253906
2022-07-21,378.0207214355469,378.068105826219,371.2336162126565,373.6318507302927,64903900,378.0207214355469
2022-07-22,374.513427734375,379.33833343517273,372.29530007355766,378.1439748043947,72197300,374.513427734375
2022-07-25,374.968505859375,375.8216275834664,372.73140090229776,375.13912441855206,53631500,374.968505859375
2022-07-26,370.5321960449219,373.5370840827539,369.64114957187473,373.328540675696,52946400,370.5321960449219
2022-07-27,380.153564453125,381.8977324950311,373.5275888700464,373.82144153900765,82342100,380.153564453125
2022-07-28,384.9215393066406,385.61350177770953,377.4140068493156,380.9592441702565,73966600,384.9215393066406
2022-07-29,390.5332946777344,391.51913892921795,385.58515437514285,386.3529667558723,87003700,390.5332946777344
2022-08-01,389.3768310546875,391.8793520889404,387.1302667656035,387.84120629648845,69997500,389.3768310546875
2022-08-02,386.80792236328125,391.49064571833276,385.63251176391105,387.8127144423944,63435400,386.80792236328125
2022-08-03,392.86517333984375,394.0310955881913,388.6469207989162,388.931285023342,67820600,392.86517333984375
2022-08-04,392.59979248046875,393.4718621327927,390.9598814965707,392.7893590044414,45656600,392.59979248046875
2022-08-05,391.9361572265625,392.5807353471059,388.26771450946586,388.3245873478551,56814900,391.9361572265625
2022-08-08,391.4811706542969,395.87004150956847,390.3815808280443,393.62347746477167,53886100,391.4811706542969
2022-08-09,389.9266662597656,391.25374768614296,388.85551266726645,390.75135154157846,44931800,389.9266662597656
2022-08-10,398.11663818359375,398.2588492285253,395.01695232609546,396.96966387104465,68665700,398.11663818359375
2022-08-11,398.11663818359375,402.81833898357877,397.37726224840134,400.9603962309802,59489700,398.11663818359375
2022-08-12,404.8563537597656,404.9606110010774,399.10247645360926,400.050395788599,61694500,404.8563537597656
2022-08-15,406.5246276855469,407.04600061972724,402.5907686609456,402.64764150057266,54048300,406.5246276855469
2022-08-16,407.3209533691406,409.24522847882577,404.64781387838514,405.45355110579476,59289000,407.3209533691406
2022-08-17,404.42974853515625,407.1313242254354,402.42965277199465,403.7282975362389,63563400,404.42974853515625
2022-08-18,405.60516357421875,406.2876376325339,403.3396227828059,404.62877901944364,49023200,405.60516357421875
2022-08-19,400.1545715332031,403.1120744137192,399.2824732572639,402.84665823029326,68016900,400.1545715332031
2022-08-22,391.82244873046875,395.5003802457015,390.9219138235221,395.3297327861423,77695600,391.82244873046875
2022-08-23,390.8745422363281,393.7846615275958,390.32473282411485,391.3958862975145,49105200,390.8745422363281
2022-08-24,392.1257629394531,393.49074002484474,389.9645082393007,390.64698231789686,49177800,392.1257629394531
2022-08-25,397.66162109375,397.70900548583626,392.5238859364247,393.6139873082117,50942300,397.66162109375
2022-08-26,384.201171875,398.0881839321778,384.1442990308555,397.547891912805,103087000,384.201171875
2022-08-29,381.6607360839844,384.70354880710715,380.3052184856568,381.25313774516417,65370800,381.6607360839844
2022-08-30,377.4709167480469,383.0541750206006,375.3760233037477,382.81719520790887,85652400,377.4709167480469
2022-08-31,374.5987243652344,380.3431127380741,374.46603071215685,379.10134082789193,76029700,374.5987243652344
2022-09-01,375.7741394042969,376.1153764284115,369.7264103214383,372.42798580847113,78740100,375.7741394042969
2022-09-02,371.8117980957031,380.6464115154421,370.0012690480302,379.43307616071115,99632100,371.8117980957031
2022-09-06,370.408935546875,373.5939303427136,368.19080797230174,372.6554995418325,76637400,370.408935546875
2022-09-07,377.0633239746094,377.8311362647998,369.8781086762223,370.0961115930664,70964200,377.0633239746094
2022-09-08,379.5279235839844,379.98290632149366,373.59393967123003,374.79781566335777,80821700,379.5279235839844
2022-09-09,385.4239501953125,386.2865601335256,381.49955084530114,381.7649670625823,76706900,385.4239501953125
2022-09-12,389.56640625,390.2868341942052,387.1871194866291,387.49046061347366,69256300,389.56640625
2022-09-13,372.6271057128906,382.1062993004574,371.5085678123265,380.9024232007864,122947100,372.6271057128906
2022-09-14,374.0489196777344,375.56559617352946,370.7501504689949,373.92568555402255,85023700,374.0489196777344
2022-09-15,369.80224609375,375.3380909362644,368.53203779447915,372.4943332407687,87633800,369.80224609375
2022-09-16,366.9810791015625,367.63783250475103,363.6973120856197,365.6295206827052,103084800,366.9810791015625
2022-09-19,369.8270263671875,369.8270263671875,363.763980617156,363.84014194343365,73278500,369.8270263671875
2022-09-20,365.5818786621094,367.51405803281153,362.8311539935767,366.50513850212155,77274900,365.5818786621094
2022-09-21,359.20477294921875,370.55036925173334,359.1952455228189,367.504555601014,106746600,359.20477294921875
2022-09-22,356.1875305175781,360.07091552367,355.44511739669144,358.4337956869669,89472600,356.1875305175781
2022-09-23,350.2196960449219,352.7610211494688,345.78424282582023,352.722940486398,122346900,350.2196960449219
2022-09-26,346.7550354003906,352.37072699861113,345.53671576875286,348.753848761664,92581200,346.7550354003906
2022-09-27,345.8698425292969,352.5515599107997,343.48078239742836,350.2862401271678,108294100,345.8698425292969
2022-09-28,352.67529296875,354.3599916328385,345.1274223526463,346.82164844241146,110802200,352.67529296875
2022-09-29,345.30828857421875,349.4200991606359,342.367189530678,349.1345668445761,112952300,345.30828857421875
2022-09-30,339.9685974121094,348.2779362644351,339.83535868204586,344.36596930372804,153711200,339.9685974121094
2022-10-03,348.9441833496094,350.79070306991537,341.9007722856018,343.6806581182504,89756500,348.9441833496094
2022-10-04,359.7568359375,359.78538917158465,348.9061712798272,354.45522944852485,103602800,359.7568359375
2022-10-05,358.919189453125,361.1749817964111,353.0750722691506,355.3974984990643,88065700,358.919189453125
2022-10-06,355.21673583984375,360.4707348086878,354.7217743328191,357.52010776378955,82333500,355.21673583984375
2022-10-07,345.30828857421875,355.3023262947486,343.5474284997668,351.19048666130027,107789500,345.30828857421875
2022-10-10,342.6717834472656,346.65988314467035,340.43504562807703,346.42192984075376,76042800,342.6717834472656
2022-10-11,340.5015563964844,345.53665504932576,338.56937726442624,340.97746287282405,92482800,340.5015563964844
2022-10-12,339.37847900390625,342.48139902682294,339.1309983011124,340.91091321016154,76991800,339.37847900390625
2022-10-13,348.3350830078125,349.8008834901985,331.3356839052994,332.3826842498608,147254500,348.3350830078125
2022-10-14,340.39697265625,352.41837848921915,339.7592450066515,350.7907569397952,123737000,340.39697265625
2022-10-17,349.1440734863281,350.24818012108415,340.0637687647691,346.4694811126714,93168200,349.1440734863281
2022-10-18,353.2464599609375,357.3583002169347,349.8103989866183,357.05371300233446,97162900,353.2464599609375
2022-10-19,350.7431945800781,353.9317748856679,347.9353337780581,351.2095737934234,79746900,350.7431945800781
2022-10-20,347.8020324707031,354.71220495349155,347.0405645534775,350.29577817467606,88283100,347.8020324707031
2022-10-21,356.25421142578125,356.7396164612049,346.02221835785116,347.5260706048134,131038400,356.25421142578125
2022-10-24,360.61346435546875,361.74612439325887,355.13101099924324,357.77707959447656,85436900,360.61346435546875
2022-10-25,366.3719482421875,366.6860338162217,360.4231157662592,360.5373287022716,78846300,366.3719482421875
2022-10-26,363.6116638183594,368.9037428227225,362.97396524839513,363.23094435236135,104087300,363.6116638183594
2022-10-27,361.66998291015625,366.44807462100994,361.05128110498777,364.6110821532887,81971800,361.66998291015625
2022-10-28,370.2743835449219,370.75029017440346,361.3844511918501,361.5652980348159,100302000,370.2743835449219
2022-10-31,367.5997314453125,369.6842044707059,366.69552642305183,367.81865891657014,96631300,367.5997314453125
2022-11-01,365.9912109375,371.57837896955164,364.8204992604764,371.3404256632253,85407600,365.9912109375
2022-11-02,356.80621337890625,369.90317244332704,356.7015278683844,365.4010855031739,126990400,356.80621337890625
2022-11-03,353.1321716308594,356.1684576069525,351.0191454820897,353.56999750398336,87100100,353.1321716308594
2022-11-04,358.21484375,360.6134021561234,352.17082513091503,358.8335164171756,103505200,358.21484375
2022-11-07,361.64141845703125,362.231537963315,357.4343915475703,359.50933724612685,68286900,361.64141845703125
2022-11-08,363.5926208496094,366.5622732100706,359.5188617569453,362.745493209243,84641100,363.5926208496094
2022-11-09,356.1019287109375,362.7741495038233,355.60696718518795,361.6224344512429,78495500,356.1019287109375
2022-11-10,375.6711120605469,376.00425245255667,367.0572151863192,369.3510591794325,141455800,375.6711120605469
2022-11-11,379.30706787109375,380.10658743180727,374.64316019638335,376.5277606911573,93839900,379.30706787109375
2022-11-14,376.08038330078125,380.89655521020984,375.8043493716394,377.5461835918774,71903500,376.08038330078125
2022-11-15,379.28802490234375,382.9239582221826,375.4807721813481,381.8198514474499,93194500,379.28802490234375
2022-11-16,376.39453125,378.61224316456577,375.76633106956126,377.6604299906343,68508500,376.39453125
2022-11-17,375.2427978515625,375.91860608551974,371.34038726892305,371.6449453937852,74496300,375.2427978515625
2022-11-18,376.9465637207031,378.64078997970154,374.10065167393867,378.57415608736795,92922500,376.9465637207031
2022-11-21,375.5759582519531,376.7466989172969,373.73896579052973,375.6235663390515,51243200,375.5759582519531
2022-11-22,380.6300964355469,380.7919174617573,376.1089836932025,377.5176776993283,60429000,380.6300964355469
2022-11-23,383.0286560058594,383.51406095455076,380.06850204043604,380.29692789864373,68261600,383.0286560058594
2022-11-25,382.9429931640625,383.49506108811516,382.1910816475926,382.46708656258517,30545400,382.9429931640625
2022-11-28,376.8323974609375,381.49627670237254,376.07092941217024,379.8591567063179,67881600,376.8323974609375
2022-11-29,376.18511962890625,378.1553507626501,374.34809818392904,376.96558433179973,52310000,376.18511962890625
2022-11-30,388.03515625,388.03515625,374.51942770651925,376.4325522787015,144566700,388.03515625
2022-12-01,387.7496643066406,390.24341023181614,385.2463909544575,389.0726695441886,76398200,387.7496643066406
2022-12-02,387.3023376464844,388.2065428165103,382.76219884695456,382.86688436312187,85342700,387.3023376464844
2022-12-05,380.3351135253906,385.417793602495,378.98355476193825,384.4850350593619,77289800,380.3351135253906
2022-12-06,374.8526611328125,380.7158352029918,372.7682164956785,380.1733236369914,77972200,374.8526611328125
2022-12-07,374.21490478515625,376.57541212687585,373.0822446819997,374.005504706076,65927900,374.21490478515625
2022-12-08,377.1464538574219,378.2124799961138,374.3195674856605,376.09948257287107,60737900,377.1464538574219
2022-12-09,374.3290710449219,378.45993659247966,374.205330689029,375.9090843451082,81447700,374.3290710449219
2022-12-12,379.725830078125,379.725830078125,374.4527776179369,375.11902932851245,75405800,379.725830078125
2022-12-13,382.60028076171875,390.7097172341381,379.840028813482,390.45273817570154,123782500,382.60028076171875
2022-12-14,380.1541748046875,385.9602409589763,377.21307559103866,382.257673780074,108111300,380.1541748046875
2022-12-15,370.8548889160156,376.2040731132644,369.19874365770016,375.29983918083565,117705900,370.8548889160156
2022-12-16,366.47662353515625,369.641590174743,364.3443519350762,368.3029384387337,119858000,366.47662353515625
2022-12-19,363.3690185546875,367.0025351167428,361.70526779936387,366.6678648941245,79878100,363.3690185546875
2022-12-20,363.8662109375,365.4821639806004,361.29407404311723,362.6136124267533,74427200,363.8662109375
2022-12-21,369.30694580078125,370.4352358837999,365.92204637130624,366.4575070608886,78167400,369.30694580078125
2022-12-22,364.0382995605469,369.2877393144812,358.34899424622876,366.26619498775557,100120900,364.0382995605469
2022-12-23,366.13238525390625,366.2758070046261,361.4662030943732,363.01521636298173,59857300,366.13238525390625
2022-12-27,364.6885681152344,366.36189009849295,363.01524613197586,366.0176778685383,51638200,364.6885681152344
2022-12-28,360.1562194824219,366.59134742365524,359.92674469166934,364.6215818081712,70911500,360.1562194824219
2022-12-29,366.6391906738281,367.5093216045126,362.4702133125497,362.9961320141737,66970900,366.6391906738281
2022-12-30,365.6733703613281,365.8167920978852,361.8486350909296,363.9618223377231,84022200,365.6733703613281
2023-01-03,364.1339416503906,369.4981190554035,361.2749320892196,367.52838265402187,74850700,364.1339416503906
2023-01-04,366.9451904296875,368.9722958919306,363.3499291613042,366.3905873546689,85934100,366.9451904296875
2023-01-05,362.757080078125,365.10928447945327,362.1642506841692,364.9945470716449,76970500,362.757080078125
2023-01-06,371.0758361816406,372.19458418736764,362.7857380848977,365.8455090657922,104189600,371.0758361816406
2023-01-09,370.8654479980469,376.4495872696216,370.68379991549534,373.2654787600865,73978100,370.8654479980469
2023-01-10,373.46636962890625,373.53330951861454,369.3452185288623,370.28228944351014,65358100,373.46636962890625
2023-01-11,378.1898498535156,378.26636090740493,374.2312636370513,375.0440257972263,68881100,378.1898498535156
2023-01-12,379.5667724609375,381.02973273660194,375.22571833967487,379.289500125456,90157700,379.5667724609375
2023-01-13,381.039306640625,381.6130228505716,376.10539392375364,376.3731242643396,63903900,381.039306640625
2023-01-17,380.34124755859375,382.69348088927234,379.66236518124305,381.0201591163604,62677300,380.34124755859375
2023-01-18,374.3364562988281,382.58832869980466,374.1356658339176,381.52697849057256,99632300,374.3364562988281
2023-01-19,371.6113586425781,373.94442072442195,370.2918200719056,372.2997830998825,86958900,371.6113586425781
2023-01-20,378.5340576171875,378.68705053096147,371.36267892386525,373.0073162714171,91806400,378.5340576171875
2023-01-23,383.07598876953125,385.0074698849866,378.3811219727352,379.3373059432333,84178800,383.07598876953125
2023-01-24,382.664794921875,383.57315208650715,380.21696655885887,381.4026252152029,59524900,382.664794921875
2023-01-25,382.8082275390625,383.1428977378186,376.31573073269413,378.6010242444025,84800300,382.8082275390625
2023-01-26,387.0154113769531,387.1779754700334,382.5022224600164,385.4663982164665,72287400,387.0154113769531
2023-01-27,387.9046936035156,390.2760402786123,385.7628509166012,385.97321255052447,68346200,387.9046936035156
2023-01-30,383.03765869140625,387.37874124310093,382.7412440526751,385.15081668441593,74202000,383.03765869140625
2023-01-31,388.66961669921875,388.7174142189188,383.20978597821664,383.554027333468,86811800,388.66961669921875
2023-02-01,392.80035400390625,395.54462644508357,384.7206171548962,387.45528923844535,101459200,392.80035400390625
2023-02-02,398.518310546875,399.98127069479483,394.78919930515946,396.6824246845757,101654500,398.518310546875
2023-02-03,394.2825012207031,398.70006688935706,393.0776999727351,393.5557920006054,94736800,394.2825012207031
2023-02-06,391.8728332519531,393.26888274999055,390.21865378736663,391.8346069060138,60295300,391.8728332519531
2023-02-07,396.99798583984375,398.241013206568,389.7118693730586,390.9548967397829,90990700,396.99798583984375
2023-02-08,392.6568603515625,396.366858057828,391.96840686812754,395.0282066123747,76227500,392.6568603515625
2023-02-09,389.2529296875,396.4051963035193,388.0290153704697,396.2522033663381,78694900,389.2529296875
2023-02-10,390.1612548828125,390.54372257551336,387.26401906949224,388.0767519738261,70769700,390.1612548828125
2023-02-13,394.741455078125,394.87533485395085,390.35257371738345,390.811552573958,64913500,394.741455078125
2023-02-14,394.5597229003906,396.864100329501,390.6106788806823,393.22104214899304,88389300,394.5597229003906
2023-02-15,395.84100341796875,395.9174852871057,391.52860488743005,392.3700513500147,61555700,395.84100341796875
2023-02-16,390.3907775878906,394.8179138959173,390.25692701019995,390.8784407346895,76431500,390.3907775878906
2023-02-17,389.4154357910156,389.65448174842203,386.34606468801917,388.26800352329917,89257800,389.4154357910156
2023-02-21,381.6034240722656,386.4512833840668,381.3452649276504,385.39947527197734,82655900,381.6034240722656
2023-02-22,381.0775451660156,383.55405800104023,379.624126941612,382.01458672604707,83742300,381.0775451660156
2023-02-23,383.1047058105469,384.5772374212778,378.8879306391957,383.9652656213402,96242400,383.1047058105469
2023-02-24,379.01220703125,379.84408241701556,376.39227228887677,378.0942785897589,108194400,379.01220703125
2023-02-27,380.30303955078125,383.7070519585176,379.365968807818,382.3492579579314,80444700,380.30303955078125
2023-02-28,378.89752197265625,381.7851874586126,378.7923265475118,379.82502171973454,96438600,378.89752197265625
2023-03-01,377.44403076171875,379.30860107550785,376.1436346387775,378.0846868266854,99706800,377.44403076171875
2023-03-02,380.3794860839844,381.22093252105213,375.13958820432623,375.47425838003477,85127800,380.3794860839844
2023-03-03,386.4799499511719,386.7285670881584,381.54603781817946,382.1962358283126,90120000,386.4799499511719
2023-03-06,386.7477111816406,389.59714976739536,386.3078747490803,387.3022850157021,72795900,386.7477111816406
2023-03-07,380.81939697265625,386.9389980101572,380.2074543771584,386.69995200651795,108310600,380.81939697265625
2023-03-08,381.44091796875,382.1962822868647,379.21299300204765,380.93414163742426,74746600,381.44091796875
2023-03-09,374.4034118652344,383.88877016600645,373.4185434936177,382.2249901315046,111945300,374.4034118652344
2023-03-10,369.0009460449219,375.93327957719293,367.4806170891498,373.8583475978051,189253000,369.0009460449219
2023-03-13,368.47503662109375,373.28466995051247,363.97141834242984,365.08059523708437,157790000,368.47503662109375
2023-03-14,374.56597900390625,376.2106166958166,370.09101558517847,373.3898621469937,149752400,374.56597900390625
2023-03-15,372.2232971191406,372.42408758364206,366.8973453679593,368.9818486133687,172996900,372.2232971191406
2023-03-16,378.75396728515625,379.0982086417623,369.3642641428275,369.8710404113854,143254200,378.75396728515625
2023-03-17,374.3253479003906,378.55821591341066,372.94318572096427,377.4256197444262,140553400,374.3253479003906
2023-03-20,377.92474365234375,378.3374942216171,374.4021719427654,375.1028314855244,93055800,377.92474365234375
2023-03-21,382.8870544433594,383.36697102971766,379.69079357481445,381.28412015653794,91524200,382.8870544433594
2023-03-22,376.3602294921875,386.3233040523079,376.3218572494295,382.7143506832372,111746600,376.3602294921875
2023-03-23,377.3776550292969,383.25182988301947,374.6709182110407,379.2205184817109,119351300,377.3776550292969
2023-03-24,379.85400390625,379.94038538264834,373.7590569871103,376.10105243097433,107682400,379.85400390625
2023-03-27,380.56427001953125,382.8966870426311,379.6716321408978,382.1288028794633,74010400,380.56427001953125
2023-03-28,379.7100524902344,380.5642888800985,377.8767674052834,379.87320774489075,62871700,379.7100524902344
2023-03-29,385.22906494140625,385.4690232440617,382.6662973806607,383.8660888939379,77497900,385.22906494140625
2023-03-30,387.48468017578125,388.10856590647154,385.62260139743574,387.8589998974814,69840000,387.48468017578125
2023-03-31,392.9461364746094,393.24368242982905,388.30051790737826,388.4061147934353,112062600,392.9461364746094
2023-04-03,394.4435119628906,394.846625551224,392.0343209722465,392.42785614585927,67391100,394.4435119628906
2023-04-04,392.2550048828125,395.3744624499985,390.88242129149666,395.0864949456508,66601500,392.2550048828125
2023-04-05,391.2280578613281,392.28388034677903,389.5771434182015,391.52560384016596,65200200,391.2280578613281
2023-04-06,392.7541809082031,393.0325407601975,389.3851567329968,390.4313714897771,63743300,392.7541809082031
2023-04-10,393.1572265625,393.23402961478297,389.66344926995697,390.2777272293107,63681000,393.1572265625
2023-04-11,393.2629089355469,394.6642573806665,392.4950539964702,393.7812271299072,59297900,393.2629089355469
2023-04-12,391.6598815917969,395.61441853712375,391.0743974655557,395.32645103436823,86420400,391.6598815917969
2023-04-13,396.8621826171875,397.21731616818573,391.60228682213693,392.7444905245143,85814800,396.8621826171875
2023-04-14,395.89276123046875,398.41712702758065,393.5891675964206,396.22870868146754,78161500,395.89276123046875
2023-04-17,397.3133544921875,397.3325406110166,394.577824032139,395.8064093482449,66436400,397.3133544921875
2023-04-18,397.57244873046875,399.0218060432113,396.199894466918,398.887415353016,63560000,397.57244873046875
2023-04-19,397.50531005859375,398.4075262603893,395.60482989922565,395.66241754419593,55227300,397.50531005859375
2023-04-20,395.3360900878906,397.0829934844094,393.7907434550367,394.6929889766768,75840400,395.3360900878906
2023-04-21,395.6432800292969,396.10398124565415,393.6948196903557,395.63367232336066,73457400,395.6432800292969
2023-04-24,396.0559387207031,396.4782676301581,394.10747868962846,395.4416314735753,64332100,396.0559387207031
2023-04-25,389.7690734863281,394.6450428024144,389.7114858346393,394.0883231137075,97766700,389.7690734863281
2023-04-26,388.11810302734375,391.4583328014488,387.56141271088387,390.3833244029181,80447000,388.11810302734375
2023-04-27,395.8448791503906,396.1136313192731,390.40261111578326,390.65217716252755,92968400,395.8448791503906
2023-04-28,399.2234191894531,399.23302689490464,394.9041697532796,394.9617574024191,89433100,399.2234191894531
2023-05-01,398.8203125,400.8455465437123,398.58993260769745,398.7819109693187,62122300,398.8203125
2023-05-02,394.3377990722656,398.1579450819576,391.43911386272157,398.10993585532395,103998500,394.3377990722656
2023-05-03,391.6311340332031,397.24616414474065,391.39117573178515,394.83697342513307,91531800,391.6311340332031
2023-05-04,388.85723876953125,390.91126663739385,387.52305652796423,390.5849268562114,94901900,388.85723876953125
2023-05-05,396.0559387207031,397.10215328992234,392.2262140059175,392.4853583991723,87891800,396.0559387207031
2023-05-08,396.1615295410156,396.64144612156804,394.76018132750204,396.3823017131118,50046800,396.1615295410156
2023-05-09,394.42425537109375,395.53766541370464,394.1939047732381,394.61623373049684,49220100,394.42425537109375
2023-05-10,396.26708984375,397.8892100796329,392.4469436701226,397.2557167367632,96142900,396.26708984375
2023-05-11,395.57611083984375,395.86404911911495,393.5028673537258,395.40334787228096,70157100,395.57611083984375
2023-05-12,395.0577392578125,397.0254148728848,392.63897016343816,396.8142503993596,70481500,395.0577392578125
2023-05-15,396.42071533203125,396.8238288685914,393.75238023444746,395.6624389099318,54289400,396.42071533203125
2023-05-16,393.7716064453125,396.2383850257728,393.7619987390595,395.31692397910456,57705500,393.7716064453125
2023-05-17,398.55157470703125,399.1562450551422,394.14594356293253,395.7872502342352,87287000,398.55157470703125
2023-05-18,402.3908996582031,402.8132286270494,398.0140624281471,398.23480532655367,97177200,402.3908996582031
2023-05-19,401.805419921875,403.8210757531866,400.5864421499419,403.2931791436521,103793300,401.805419921875
2023-05-22,401.9684753417969,403.50421401952315,400.5863134610212,401.8245062483367,60745400,401.9684753417969
2023-05-23,397.4573669433594,401.9013998007867,397.0638317760762,400.32725913165393,86383500,397.4573669433594
2023-05-24,394.5777893066406,396.2383111304324,393.41639944632345,395.8543837451471,89213700,394.5777893066406
2023-05-25,397.9948425292969,399.4442000783956,395.84482546980115,398.0812240048889,90961600,397.9948425292969
2023-05-26,403.1491394042969,403.86901432087706,398.5707454798897,398.6475192492727,93830000,403.1491394042969
2023-05-30,403.3027038574219,405.6062976614237,401.9205417166639,405.07840112218025,72216000,403.3027038574219
2023-05-31,401.0663146972656,402.3812815149699,399.50178187032054,401.4790359496369,110811800,401.0663146972656
2023-06-01,404.8768310546875,405.93265339027886,400.04887142591303,401.29664281865877,88865000,404.8768310546875
2023-06-02,410.7317810058594,411.5188218630449,406.92124253883765,407.4491390116575,91426200,410.7317810058594
2023-06-05,409.9448547363281,412.36362438133835,409.24416580289443,411.0774511286256,65460200,409.9448547363281
2023-06-06,410.83740234375,411.3652988856477,408.8793344192004,409.53204325524,64022200,410.83740234375
2023-06-07,409.4168395996094,412.3635345526036,408.9945106484148,411.2309384070294,85373300,409.4168395996094
2023-06-08,411.8931884765625,412.34431121135276,408.71614321581194,409.48399798951436,61952800,411.8931884765625
2023-06-09,412.63232421875,414.63837227354514,411.6436971048215,412.6899118726264,85742800,412.63232421875
2023-06-12,416.3756408691406,416.4524439304632,412.89147087099775,413.61134578902306,76104300,416.3756408691406
2023-06-13,419.12078857421875,419.76386044542505,417.1723282571571,417.8346155400201,95899700,419.12078857421875
2023-06-14,419.61981201171875,421.4243028592492,416.1740148259687,419.4566567941883,100612100,419.61981201171875
2023-06-15,424.8221740722656,426.0699454976172,418.7080413628314,418.8040012480244,110303100,424.8221740722656
2023-06-16,423.3751220703125,427.37322020593024,422.9030661850773,426.804818584776,114165800,423.3751220703125
2023-06-20,421.1785583496094,422.3250049416328,419.107257409602,421.4386947666536,76160400,421.1785583496094
2023-06-21,419.02056884765625,420.9955241203809,418.43288044222425,420.19591625792975,76982300,419.02056884765625
2023-06-22,420.5331115722656,420.6390713007603,417.72961825633774,418.06681362984074,70637200,420.5331115722656
2023-06-23,417.3538818359375,419.13617505158805,416.6409763099136,417.0841314152319,92074500,417.3538818359375
2023-06-26,415.6487731933594,418.7027308704278,415.4079234976651,416.7855767008928,72823600,415.6487731933594
2023-06-27,420.20556640625,420.82212620155866,416.0725783167209,416.5253768197751,72813700,420.20556640625
2023-06-28,420.4175720214844,421.4291288943605,418.51003201482644,419.1265918933675,75636000,420.4175720214844
2023-06-29,422.0745849609375,422.2383756741101,419.5986726779713,420.00328366247703,67882300,422.0745849609375
2023-06-30,427.0553283691406,428.0379843526411,424.96474047999936,425.28267848094407,104964000,427.0553283691406
2023-07-03,427.546630859375,427.8259952574617,426.4290850652605,426.7084788639364,32793400,427.546630859375
2023-07-05,426.9108581542969,427.6430505530816,425.725867203726,425.7355105986345,58418400,426.9108581542969
2023-07-06,423.56787109375,423.9917688689175,421.063028622468,423.3366648166022,80658300,423.56787109375
2023-07-07,422.4984130859375,426.43873894163033,422.25756345371417,422.57550143257924,86134200,422.4984130859375
2023-07-10,423.56787109375,423.74127580161087,421.5736287515659,422.14203044995077,62443500,423.56787109375
2023-07-11,426.2653503417969,426.7566930521444,423.3558970583311,424.32893908451956,64463800,426.2653503417969
2023-07-12,429.6950378417969,431.1016209821125,428.62567949600117,430.0515200243212,91924500,429.6950378417969
2023-07-13,433.10546875,433.89546265173254,431.07271183277675,431.50622355890425,72425200,433.10546875
2023-07-14,432.83575439453125,434.83961069702235,432.07466121110787,433.9918445617416,69815800,432.83575439453125
2023-07-17,434.3386535644531,435.3887545883977,432.64306249429234,432.6912500682276,52680200,434.3386535644531
2023-07-18,437.5660400390625,438.2115006773749,433.5775554716282,434.01109662916457,80668200,437.5660400390625
2023-07-19,438.5390930175781,439.72405458332963,437.48896257877516,438.35604491544507,65891700,438.5390930175781
2023-07-20,435.62957763671875,438.44271452207744,434.91667207150675,437.5467608684042,70591600,435.62957763671875
2023-07-21,435.62957763671875,437.5467608684042,435.61996364299455,437.3444259913096,71275600,435.62957763671875
2023-07-24,437.57568359375,438.3849349409323,435.7452026173443,436.77604624077406,54023400,437.57568359375
2023-07-25,438.770263671875,440.02267010001805,437.2577208036124,437.3059083742901,55191200,438.770263671875
2023-07-26,438.83770751953125,440.263518637083,436.7856637889011,437.83576473919794,71052900,438.83770751953125
2023-07-27,435.92822265625,442.6238546795818,435.02262562113657,442.2192143317386,92194400,435.92822265625
2023-07-28,440.1961364746094,441.024645224626,435.9282579906258,439.1941936182639,80011800,440.1961364746094
2023-07-31,441.03424072265625,441.39069349037516,439.35790721415856,440.66814456102355,62040400,441.03424072265625
2023-08-01,439.77215576171875,440.5139620189602,438.81837125887813,439.569820909262,55291500,439.77215576171875
2023-08-02,433.65460205078125,436.9205079074881,432.90315234388123,436.6604008783812,93933400,433.65460205078125
2023-08-03,432.41180419921875,434.29044314301314,430.995607146359,431.6410971149184,64276100,432.41180419921875
2023-08-04,430.4561462402344,436.3232404604835,429.9359027397443,434.2230384704291,100128900,430.4561462402344
2023-08-07,434.21337890625,434.36752621178806,431.59293351328745,432.28658168791264,58357500,434.21337890625
2023-08-08,432.32513427734375,434.2037733620173,428.9724964679823,431.67964426037906,71361300,432.32513427734375
2023-08-09,429.4349060058594,432.7586427817327,428.67381291504086,432.5948520910791,78789600,429.4349060058594
2023-08-10,429.589111328125,435.167197948671,428.4234071509756,431.7856591547792,93005500,429.589111328125
2023-08-11,429.3385925292969,430.3501787286785,427.1227874459535,427.72008989099777,68690900,429.3385925292969
2023-08-14,431.7085266113281,431.7085266113281,428.1150686990038,428.4233633029166,47867400,431.7085266113281
2023-08-15,426.67962646484375,430.2923712690211,426.1111954097984,429.9358890851779,75707500,426.67962646484375
2023-08-16,423.548583984375,427.9223925566891,423.44259484772283,426.26534575201464,80107200,423.548583984375
2023-08-17,420.3211364746094,425.27298943715965,419.8008930565569,425.0128824284278,95711300,420.3211364746094
2023-08-18,420.5234375,421.5542809321435,417.1611862051528,417.5079955464786,98852000,420.5234375
2023-08-21,423.259521484375,424.0013277942752,419.38666984217986,421.53502982303786,68719000,423.259521484375
2023-08-22,422.1131286621094,425.032225506542,421.5543703601319,425.032225506542,64994200,422.1131286621094
2023-08-23,426.814453125,427.431042301619,423.0283039267051,423.17280782729074,68441000,426.814453125
2023-08-24,420.8992004394531,428.92429730681755,420.87027025881116,428.41369725884107,88517300,420.8992004394531
2023-08-25,423.8664245605469,425.14773158497053,419.0783330051314,422.623632306367,102325100,423.8664245605469
2023-08-28,426.55438232421875,427.1709421526019,423.8664919427265,426.05339622552776,61595400,426.55438232421875
2023-08-29,432.7201232910156,432.999517120143,426.26534084235647,426.4483889303442,83081900,432.7201232910156
2023-08-30,434.5024108886719,435.1382574911251,432.35402143192493,433.05731299234867,69053900,434.5024108886719
2023-08-31,433.8666076660156,436.255817610441,433.6835595621321,435.1190142078131,66084600,433.8666076660156
2023-09-01,434.67584228515625,437.06508153807744,433.2211009052936,436.58338220970904,58944100,434.67584228515625
2023-09-05,432.797119140625,434.55051141170435,432.7297035921897,434.2326028529468,55166200,432.797119140625
2023-09-06,429.8876953125,432.09388618903915,427.5659013158959,431.98789706191957,70758500,429.8876953125
2023-09-07,428.56793212890625,429.2422936014499,426.54478891008307,426.89159834157476,70355400,428.56793212890625
2023-09-08,429.21337890625,430.7451793135571,428.25962359995947,428.61607641541775,61659700,429.21337890625
2023-09-11,432.0361328125,432.3443980335229,430.1285929169173,431.8337979292306,60180100,432.0361328125
2023-09-12,429.66607666015625,432.1131170199776,429.0880610953536,430.59096036501694,67565400,429.66607666015625
2023-09-13,430.1671142578125,431.3231749266096,428.78943192828973,429.8877204342684,60199300,430.1671142578125
2023-09-14,433.8761901855469,434.5698383708397,431.332833106535,432.6334271290332,83430800,433.8761901855469
2023-09-15,428.6487121582031,432.6222625307114,428.2136712808251,432.2935551441486,111848900,428.6487121582031
2023-09-18,428.9001159667969,430.1956202798295,427.8656361967372,428.3393572391215,55752200,428.9001159667969
2023-09-19,428.0105895996094,428.5713482483716,425.332573169419,427.9815868766938,66514600,428.0105895996094
2023-09-20,424.0758056640625,429.6832158729015,423.8727570723084,429.2675002876334,82562600,424.0758056640625
2023-09-21,417.0665588378906,421.4944759763419,416.9118677822532,421.23345141612367,104095800,417.0665588378906
2023-09-22,416.1287536621094,419.68655933537104,415.7130085528767,418.0913502784636,100829700,416.1287536621094
2023-09-25,417.87860107421875,417.9172517040119,414.485134786977,414.920205158679,70874500,417.87860107421875
2023-09-26,411.7394714355469,415.54865360911657,410.90801075336816,414.84288124552415,96168400,411.7394714355469
2023-09-27,411.90380859375,413.4700443597365,408.26867230252077,412.9092856337623,104705800,411.90380859375
2023-09-28,414.2917785644531,415.964347748709,410.76297593705533,411.3527373620953,92258300,414.2917785644531
2023-09-29,413.2863464355469,417.5112441372113,411.76846823252566,417.3372277775056,115111300,413.2863464355469
2023-10-02,413.1219787597656,414.36915501527096,410.3666017087048,412.4548865420046,83798600,413.1219787597656
2023-10-03,407.5918884277344,413.1799731499237,406.2287013020404,410.94667474306095,103760600,407.5918884277344
2023-10-04,410.5600280761719,411.3044511636897,406.59615437378477,408.0560273225534,87453000,410.5600280761719
2023-10-05,410.4052734375,411.24638199806213,407.18585282564163,410.2699077129364,70142700,410.4052734375
2023-10-06,415.2779235839844,416.81512702154566,406.6347574601129,407.9592644123595,113273300,415.2779235839844
2023-10-09,417.9366149902344,418.5070215863633,412.8319288458573,413.3829806224,80374400,417.9366149902344
2023-10-10,420.11187744140625,422.70288570856627,418.1686064888882,418.5649967058061,78607300,420.11187744140625
2023-10-11,421.832763671875,422.0841107631383,418.79700772466646,421.17534896503963,62451700,421.832763671875
2023-10-12,419.2611083984375,422.8189135801861,416.91179922986146,422.44187816631086,81154200,419.2611083984375
2023-10-13,417.1728210449219,421.9584770278049,415.60661494268294,420.7596289275812,95143100,417.1728210449219
2023-10-16,421.5621337890625,422.62561629317145,419.1741442361407,419.4158434641518,75433200,421.5621337890625
2023-10-17,421.5427551269531,423.5923892481788,418.09131276942526,418.4393454760135,75324700,421.5427551269531
2023-10-18,415.9256896972656,420.73067151213604,414.84288188055683,419.77355201420596,93559800,415.9256896972656
2023-10-19,412.2711181640625,418.4489633659572,411.59437816274504,416.64105822052716,121323000,412.2711181640625
2023-10-20,407.2051086425781,412.37747694190307,407.0987456622459,411.8360731446502,123919900,407.2051086425781
2023-10-23,406.4993591308594,410.3568982821464,403.9276761980999,405.67757598059893,92035100,406.4993591308594
2023-10-24,409.56414794921875,410.7146385432617,406.7700909338865,408.61667642933105,78564200,409.56414794921875
2023-10-25,403.6859436035156,407.91086989621283,403.17354254116606,407.8818671758645,94223200,403.6859436035156
2023-10-26,398.85198974609375,403.47327705797994,397.9335505307934,402.6225206966068,115156800,398.85198974609375
2023-10-27,397.0440979003906,400.83395429205797,395.6229054415524,400.43756406837696,107367700,397.0440979003906
2023-10-30,401.7911376953125,402.84494282186495,398.5330367205683,399.82854108268697,86562700,401.7911376953125
2023-10-31,404.314453125,404.63348310254605,400.45691364342605,402.361504611754,79665200,404.314453125
2023-11-01,408.6263427734375,409.43844855236455,404.74947812853236,405.28123407598383,98068100,408.6263427734375
2023-11-02,416.4573974609375,416.612088488878,412.3968391143164,412.41616442869764,94938900,416.4573974609375
2023-11-03,420.25689697265625,421.8037777300333,418.6326854543438,418.75837375712325,100167800,420.25689697265625
2023-11-06,421.2237243652344,421.66844265759465,419.28045324415575,421.01102787683624,67831700,421.2237243652344
2023-11-07,422.4225158691406,423.0606052933152,420.0828841514639,421.22369728667144,64256100,422.4225158691406
2023-11-08,422.7319641113281,423.5440700044392,420.43098266202935,423.0219913930459,61746000,422.7319641113281
2023-11-09,419.4351806640625,423.91145521433583,419.00978765036695,423.8727750755541,83174400,419.4351806640625
2023-11-10,425.98028564453125,426.2896676737884,419.42540510915256,421.5040416459852,89462200,425.98028564453125
2023-11-13,425.5743103027344,426.6764433760795,423.86309048956497,424.64619358239656,52236100,425.5743103027344
2023-11-14,433.8307800292969,435.1166069139446,431.2784220719966,431.50079597873554,97176900,433.8307800292969
2023-11-15,434.74920654296875,436.3927730128096,433.8984205823122,435.16492211328534,77327600,434.74920654296875
2023-11-16,435.2809143066406,435.59994425440004,433.24095780816333,434.30444014118734,66665800,435.2809143066406
2023-11-17,435.8223571777344,436.43144390959674,434.37216191303287,435.2906012114316,83133200,435.8223571777344
2023-11-20,439.1771545410156,440.0182630951851,435.5613141930735,435.57099160312566,69936200,439.1771545410156
2023-11-21,438.219970703125,439.05143128536895,436.95346926763995,438.13296253247677,49244600,438.219970703125
2023-11-22,439.91192626953125,441.2267854299995,438.8194705277012,439.8732756356209,59394900,439.91192626953125
2023-11-24,440.18255615234375,440.3759273074353,439.631504418495,439.9602117787139,29737400,440.18255615234375
2023-11-27,439.3898620605469,440.3663068584605,439.0031197003399,439.55420100976517,50506000,439.3898620605469
2023-11-28,439.8248596191406,441.1203637861366,438.44234728096177,439.0030764411284,62115000,439.8248596191406
2023-11-29,439.5154724121094,443.10230972873876,439.1191116939092,441.97114450802434,63146000,439.5154724121094
2023-11-30,441.24609375,441.59415597189025,438.2876976332808,440.35665713551293,79752700,441.24609375
2023-12-01,443.8564758300781,444.38820233909854,440.0472935709732,440.6370255353667,89183400,443.8564758300781
2023-12-04,441.5264892578125,443.87579870037587,439.25451058722007,440.4726841519421,72430900,441.5264892578125
2023-12-05,441.4394226074219,442.3965419933345,439.7668535301099,440.14391844231596,69793500,441.4394226074219
2023-12-06,439.66058349609375,443.60510200805135,439.2255130737281,443.57609928018036,69124700,439.66058349609375
2023-12-07,443.01531982421875,443.66305717468333,441.13973162302386,441.7391409339485,66995400,443.01531982421875
2023-12-08,444.9199523925781,445.4516788944759,442.02920955180366,442.2709087807209,83194400,444.9199523925781
2023-12-11,446.6504211425781,446.82446698086267,444.2141039538438,444.42680041904015,65002200,446.6504211425781
2023-12-12,448.6904602050781,448.7871457987425,445.30667095693167,446.30247061264276,68327600,448.6904602050781
2023-12-13,454.8779296875,455.12930631637573,448.70976090431213,449.06747102737427,93278000,454.8779296875
2023-12-14,456.3377990722656,458.00069086527446,453.66943027540754,456.8115200961749,119026000,456.3377990722656
2023-12-15,455.58642578125,456.91633245678577,453.74207009746453,455.7417439978948,141553700,455.58642578125
2023-12-18,458.14910888671875,459.12954211953263,456.13003141968665,457.18810894495897,70375300,458.14910888671875
2023-12-19,460.93511962890625,461.01279355520546,458.6151220933891,458.6927663957653,55761800,460.93511962890625
2023-12-20,454.5477600097656,461.96401935450547,454.12064234016117,460.0808267995912,102921000,454.5477600097656
2023-12-21,458.8578186035156,459.12961810798345,455.11083655200457,457.5279117747337,86667500,458.8578186035156
2023-12-22,459.7799072265625,461.45925759296136,457.8870276491879,459.98374941589714,67160400,459.7799072265625
2023-12-26,461.7213439941406,462.62410332069675,460.1099508863103,460.1876248035588,55387000,461.7213439941406
2023-12-27,462.55621337890625,462.70181495571654,460.9836571015111,461.5175394244562,68000300,462.55621337890625
2023-12-28,462.7309265136719,463.5657286208665,462.3135254600746,462.91536504878167,77158100,462.7309265136719
2023-12-29,461.3913269042969,463.06096072132885,459.4401769650659,462.5367654374911,122283100,461.3913269042969
