Date,Close,High,Low,Open,Volume,Adj Close
2020-01-02,47.77305603027344,47.77305603027344,47.53859622403647,47.627529466685296,2914400,47.77305603027344
2020-01-03,47.174781799316406,47.43349501566508,47.11818847599668,47.134358437531574,3169600,47.174781799316406
2020-01-06,47.3526496887207,47.36073621177906,47.04542657870606,47.04542657870606,2514700,47.3526496887207
2020-01-07,47.118194580078125,47.23138124138071,47.069687773294284,47.23138124138071,3094600,47.118194580078125
2020-01-08,47.23946762084961,47.36882424538647,47.02926117841146,47.02926117841146,5357100,47.23946762084961
2020-01-09,47.2879753112793,47.2960587506407,47.15053216929494,47.27988878781283,2302000,47.2879753112793
2020-01-10,47.06159210205078,47.29605190295137,46.996915344208496,47.23137206100447,3987600,47.06159210205078
2020-01-13,47.296058654785156,47.296058654785156,47.01309201613359,47.09393874600402,3165000,47.296058654785156
2020-01-14,47.328392028808594,47.376898826374145,47.1424421085632,47.15861206911993,3045400,47.328392028808594
2020-01-15,47.34456253051758,47.42540925012066,47.25562928849139,47.32839256977603,1671200,47.34456253051758
2020-01-16,47.570945739746094,47.570945739746094,47.344572410334386,47.41733570680319,1910800,47.570945739746094
2020-01-17,47.756900787353516,47.756900787353516,47.627544144754424,47.74881734648729,1521700,47.756900787353516
2020-01-21,47.40924072265625,47.60327717331628,47.40924072265625,47.58710721208588,2248600,47.40924072265625
2020-01-22,47.45775604248047,47.56285926046492,47.40924615323262,47.55477273687106,2705800,47.45775604248047
2020-01-23,47.26372146606445,47.312231357258774,46.94033144375134,47.19095817132559,8708400,47.26372146606445
2020-01-24,47.09393310546875,47.490089436237554,47.0292532620352,47.490089436237554,3078100,47.09393310546875
2020-01-27,46.12376403808594,46.36630731953786,46.12376403808594,46.22078073384568,2488200,46.12376403808594
2020-01-28,46.600772857666016,46.61694282295338,46.269296279538906,46.30971965070455,2788900,46.600772857666016
2020-01-29,46.6573600769043,46.79480322177404,46.552259942474336,46.673530040071626,1539400,46.6573600769043
2020-01-30,46.63310241699219,46.657355817476486,46.22886262702804,46.28545595089464,3462400,46.63310241699219
2020-01-31,45.9135627746582,46.2935461354029,45.768036182337156,46.26929273138449,4368300,45.9135627746582
2020-02-03,45.92972183227539,46.15609510697361,45.90546534991161,45.91355187206772,1934700,45.92972183227539
2020-02-04,46.697784423828125,46.74629431434924,46.60076772689108,46.63310765390516,2042100,46.697784423828125
2020-02-05,47.15860366821289,47.231363851599596,47.037330527693555,47.14243371053671,4459300,47.15860366821289
2020-02-06,47.23946762084961,47.27180754801012,47.150534363210795,47.21521421753182,1573300,47.23946762084961
2020-02-07,46.786720275878906,47.005010169172614,46.77863683572967,46.948416835811884,2571200,46.786720275878906
2020-02-10,46.93223571777344,46.96457563889539,46.75437231981194,46.770539196268295,3260200,46.93223571777344
2020-02-11,47.27989196777344,47.36074178735059,47.1909587082912,47.20712867220663,5291900,47.27989196777344
2020-02-12,47.570945739746094,47.570945739746094,47.4092491826926,47.53052237150905,3940100,47.570945739746094
2020-02-13,47.255645751953125,47.36074899133793,47.053525798423905,47.174795920078,1975900,47.255645751953125
2020-02-14,47.26372146606445,47.34457128472166,47.1424513642365,47.32031479707188,1466100,47.26372146606445
2020-02-18,47.06159210205078,47.14244190448441,46.98074538372177,47.00499878239955,1647900,47.06159210205078
2020-02-19,47.36882781982422,47.36882781982422,47.22330122072571,47.25564115032658,4387000,47.36882781982422
2020-02-20,47.08585739135742,47.344570639323244,46.88373747362755,47.21521401534033,2763600,47.08585739135742
2020-02-21,46.93223571777344,47.05350887992845,46.8271325161794,47.00499899824552,2696600,46.93223571777344
2020-02-24,44.911048889160156,45.27486538856795,44.870625519027165,44.89487892428587,3954500,44.911048889160156
2020-02-25,43.892364501953125,44.96764092001151,43.86810801329246,44.95147095560619,6389300,43.892364501953125
2020-02-26,43.93278121948242,44.587650800276485,43.88427133361086,44.25617429041638,7013100,43.93278121948242
2020-02-27,42.56645584106445,43.722582015401876,42.5502858775787,43.245578886940244,11984100,42.56645584106445
2020-02-28,42.25923156738281,42.31582489600949,41.20012211831695,41.59627850280879,15148900,42.25923156738281
2020-03-02,42.962608337402344,42.98686174011847,41.93583880631629,42.39667196255344,12663100,42.962608337402344
2020-03-03,42.598793029785156,43.90044580195715,42.31582637675004,43.4719525604739,8903200,42.598793029785156
2020-03-04,44.07021713256836,44.12681353615759,43.10004417905789,43.47194401684388,10401300,44.07021713256836
2020-03-05,42.582618713378906,43.180894969632725,42.429008700876864,42.92218174641618,8064900,42.582618713378906
2020-03-06,42.000518798828125,42.267315481908895,41.54776908062104,41.88733214030263,7244700,42.000518798828125
2020-03-09,38.37851333618164,39.93079211093286,38.2734101636921,39.316349200286446,11599500,38.37851333618164
2020-03-10,39.73676681518555,39.938886680808864,38.33001119344134,39.809530090174114,15156400,39.73676681518555
2020-03-11,37.45686340332031,38.73425963766598,37.10921690951942,38.60490301793344,14095000,37.45686340332031
2020-03-12,33.21235656738281,34.65144983691678,32.68684338616106,34.57059999451782,10230400,33.21235656738281
2020-03-13,35.28205108642578,35.403324266378135,32.969798816652194,35.36290090109571,8254500,35.28205108642578
2020-03-16,31.126461029052734,32.314926891620935,30.043098365976068,30.46350807983764,8679500,31.126461029052734
2020-03-17,32.428123474121094,32.476630285604955,30.738400662410122,31.239657247078277,8526200,32.428123474121094
2020-03-18,30.03501319885254,31.013272606121188,29.33972036918907,30.285639857844448,11841400,30.03501319885254
2020-03-19,30.770736694335938,31.401349836575356,29.849067299540863,30.018850370540424,10570800,30.770736694335938
2020-03-20,30.35032844543457,32.01579464083504,30.317988517497305,31.619641317972032,8036600,30.35032844543457
2020-03-23,30.192445755004883,31.014398206885673,30.054099105262786,30.66445854589859,10421600,30.192445755004883
2020-03-24,32.926856994628906,33.13031014428101,32.01538775343311,32.42229405273732,12409100,32.926856994628906
2020-03-25,34.17198181152344,34.74978783274205,32.84546681686075,33.43141270003892,9364500,34.17198181152344
2020-03-26,35.848445892333984,35.91355239316313,34.26151063578505,34.26965050061311,7000600,35.848445892333984
2020-03-27,34.6602668762207,35.27876287423539,33.95225102618271,34.261497472966234,9933300,34.6602668762207
2020-03-30,35.23808288574219,35.26249937333066,34.367303703333725,34.538203594210486,7180000,35.23808288574219
2020-03-31,35.22180938720703,35.547335678715115,34.782352929454554,35.03463285614696,7176300,35.22180938720703
2020-04-01,33.67556381225586,34.50565297652168,33.64301056555168,34.19640334172889,6718800,33.67556381225586
2020-04-02,34.318477630615234,34.5544840419153,33.65929137729632,33.683704763138095,7903800,34.318477630615234
2020-04-03,33.60231018066406,33.91969647687769,33.333750634977136,33.84645324664012,5113100,33.60231018066406
2020-04-06,35.26249313354492,35.38456313209265,34.61958058607045,34.74165058461818,8061200,35.26249313354492
2020-04-07,35.47409439086914,36.426253724134156,35.4008511264296,36.36928708561996,7931100,35.47409439086914
2020-04-08,36.011207580566406,36.10072746335418,35.44153813919313,35.72637441210412,4784700,36.011207580566406
2020-04-09,36.91453170776367,37.03660170756528,36.38555239527936,36.56459212032599,5999000,36.91453170776367
2020-04-13,36.40998077392578,36.8982671415512,36.11700771157092,36.71922735801234,6479100,36.40998077392578
2020-04-14,37.02846908569336,37.264475457900545,36.85756920421161,36.93081245405355,5336800,37.02846908569336
2020-04-15,35.514774322509766,35.83216067684061,35.425254457555305,35.72636729502905,5627900,35.514774322509766
2020-04-16,35.620574951171875,35.85658133087064,35.23808206713928,35.79147483807852,6203800,35.620574951171875
2020-04-17,36.82501220703125,36.89011869112348,36.361139373442164,36.66224910124868,4587000,36.82501220703125
2020-04-20,36.29602813720703,36.9063873756429,36.29602813720703,36.377411231667054,5881800,36.29602813720703
2020-04-21,35.55547332763672,36.068176163018826,35.44967991903398,35.71009971696959,5439200,35.55547332763672
2020-04-22,36.12513732910156,36.16582733428286,35.93796082170888,36.13327719280686,3842700,36.12513732910156
2020-04-23,35.90541458129883,36.69481387451916,35.79148130278229,36.14955776446985,4963300,35.90541458129883
2020-04-24,36.40998077392578,36.426254295657486,35.92169130185135,36.22280112507205,3494200,36.40998077392578
2020-04-27,36.89011764526367,36.95522102306215,36.52390144374739,36.55645158042266,3679600,36.89011764526367
2020-04-28,37.06916046142578,37.62255323526957,37.06916046142578,37.60627661198611,4794500,37.06916046142578
2020-04-29,38.192230224609375,38.31430337127795,37.850427276606815,37.907397021648144,4234900,38.192230224609375
2020-04-30,37.492340087890625,37.84227969688433,37.29702683439769,37.68765644583175,5592200,37.492340087890625
2020-05-01,36.71108627319336,37.10985270208132,36.589013143440674,36.97150605251368,4479700,36.71108627319336
2020-05-04,36.69480895996094,36.69480895996094,36.27162605039878,36.45066580948816,4769100,36.69480895996094
2020-05-05,36.56459426879883,36.95522387912311,36.532041025159764,36.79246076537595,6153400,36.56459426879883
2020-05-06,36.32859420776367,36.89012689232788,36.32859420776367,36.8575736430447,5120100,36.32859420776367
2020-05-07,36.96337127685547,37.142411063954604,36.73550471469226,36.88199124878263,4129700,36.96337127685547
2020-05-08,37.58999252319336,37.60626914324422,37.353989293575445,37.38653942922932,3816600,37.58999252319336
2020-05-11,37.38655471801758,37.48421447825956,37.09358475063897,37.16682491414678,2658300,37.38655471801758
2020-05-12,36.91453170776367,37.59813426177589,36.91453170776367,37.54930439918645,5095800,36.91453170776367
2020-05-13,36.450660705566406,37.03660356376602,36.24720759125239,37.01219018347175,7634400,36.450660705566406
2020-05-14,36.12513732910156,36.16582733428286,35.31132480768202,35.555467943218204,7469900,36.12513732910156
2020-05-15,36.19023895263672,36.3041721935974,35.889126125014364,36.03561260752038,3811400,36.19023895263672
2020-05-18,37.826011657714844,37.93994493217847,37.16682229259815,37.17496215760206,4858000,37.826011657714844
2020-05-19,37.26448059082031,37.752766920725705,37.26448059082031,37.58186701570369,5113900,37.26448059082031
2020-05-20,38.135250091552734,38.29801319470798,37.90738360980418,38.02945360883463,4976100,38.135250091552734
2020-05-21,37.79344177246094,38.2573145311537,37.68764840956436,38.151521168257126,5407200,37.79344177246094
2020-05-22,37.744625091552734,37.777175232579324,37.451652091174964,37.60627535050841,3351200,37.744625091552734
2020-05-26,38.76188659667969,38.99788984009062,38.72119659639836,38.84326659724235,4610300,38.76188659667969
2020-05-27,39.23390197753906,39.2827318477511,38.78630569949838,39.20948859465729,4173900,39.23390197753906
2020-05-28,39.64080810546875,40.08840438188546,39.60825485877883,39.69777473495187,3821100,39.64080810546875
2020-05-29,39.68150329589844,39.795439674198654,39.266460211947276,39.73847303727299,6915800,39.68150329589844
2020-06-01,40.57669448852539,40.57669448852539,39.90936844178927,39.9663350722827,4142700,40.57669448852539
2020-06-02,41.02428436279297,41.03242112111415,40.739451254831266,40.828968014156345,5342700,41.02428436279297
2020-06-03,42.16361999511719,42.3263799855119,41.60208747313285,41.642777470731524,7445900,42.16361999511719
2020-06-04,42.15549087524414,42.36708388379318,41.878794474836745,41.93576110688104,6703100,42.15549087524414
2020-06-05,42.91233825683594,43.2622779250786,42.78212836431184,43.0506880138952,8209100,42.91233825683594
2020-06-08,43.43317413330078,43.43317413330078,42.86350473778523,43.12392760513534,5874700,43.43317413330078
2020-06-09,42.660057067871094,42.84723670685097,42.41591389693709,42.48915715866218,7305700,42.660057067871094
2020-06-10,42.472877502441406,42.93675042544832,42.34266761360523,42.78212715259556,4709500,42.472877502441406
2020-06-11,39.98261642456055,41.43933871089511,39.90123329676742,41.30912881087501,7460400,39.98261642456055
2020-06-12,40.73945236206055,41.28470521339144,40.08026316000033,41.187048588643,6207700,40.73945236206055
2020-06-15,41.130088806152344,41.22774544714278,39.95819669647256,40.08026982604709,5123800,41.130088806152344
2020-06-16,41.57768249511719,41.99272552158851,41.08125635255942,41.8869321273488,6627000,41.57768249511719
2020-06-17,41.7078857421875,41.96830546334386,41.569539123519164,41.9113388433689,3236100,41.7078857421875
2020-06-18,41.406795501708984,41.585832203952684,41.24403232330156,41.333552226648116,3425100,41.406795501708984
2020-06-19,41.18705368041992,41.99272636698054,41.09753380314685,41.91134635370421,3475100,41.18705368041992
2020-06-22,41.77457809448242,41.823745063427666,41.3484737412641,41.512360511868096,3313100,41.77457809448242
2020-06-23,42.028602600097656,42.372762003885605,41.979435631322175,42.299013113662454,7336600,42.028602600097656
2020-06-24,40.848636627197266,41.577932888063394,40.73391678023985,41.50418396846486,4546700,40.848636627197266
2020-06-25,41.487789154052734,41.53695300963604,40.66835821826751,40.9059908139757,3866300,41.487789154052734
2020-06-26,40.79127502441406,41.414044347803696,40.725722168514835,41.414044347803696,4888600,40.79127502441406
2020-06-29,41.258338928222656,41.3402838825564,40.897790506795346,41.13542618554263,3753000,41.258338928222656
2020-06-30,41.24195861816406,41.43042734969617,40.83224316895146,40.94696299459006,5765000,41.24195861816406
2020-07-01,41.55333709716797,41.64347498960253,41.22556663708299,41.27473048686142,5077800,41.55333709716797
2020-07-02,41.9466667175293,42.2908293215768,41.86472487774127,42.08597159622592,2989800,41.9466667175293
2020-07-06,42.69234848022461,42.766097385984445,42.46290882936325,42.61040664088292,3712700,42.69234848022461
2020-07-07,42.036800384521484,42.47110084413855,42.020411393037776,42.34818497095097,2276200,42.036800384521484
2020-07-08,42.577632904052734,42.577632904052734,42.10236456185362,42.17611347497362,3924900,42.577632904052734
2020-07-09,41.96305847167969,42.52846783141373,41.65986989345831,42.52027177136716,5108200,41.96305847167969
2020-07-10,42.36458206176758,42.38916399075251,41.95486657398623,42.102364399658,4658100,42.36458206176758
2020-07-13,42.11874771118164,42.938178576178316,42.028609815891095,42.67596094944984,4157600,42.11874771118164
2020-07-14,42.82345199584961,42.90539695092481,42.18429697566512,42.23346394871024,4580000,42.82345199584961
2020-07-15,43.33150863647461,43.61011527888537,43.15123283083208,43.47081039473952,5095800,43.33150863647461
2020-07-16,43.19219970703125,43.36427943672923,43.0774798872326,43.175810714791346,5308200,43.19219970703125
2020-07-17,43.454429626464844,43.487207620219124,43.19221192819369,43.30693178045213,2621400,43.454429626464844
2020-07-20,43.80677795410156,43.83136300826648,43.438033400437874,43.61011627606827,2509700,43.80677795410156
2020-07-21,43.913291931152344,44.15912051929663,43.83954304212105,44.03620778816453,4037800,43.913291931152344
2020-07-22,44.1837043762207,44.21648235631077,43.954264767350665,43.99523567952314,2109300,44.1837043762207
2020-07-23,43.76579666137695,44.19190103065847,43.6592697875865,44.04440324414255,5786700,43.76579666137695
2020-07-24,43.446224212646484,43.58552595727059,43.33150439333707,43.43802815362116,3806400,43.446224212646484
2020-07-27,43.93788146972656,44.028019363712055,43.70844183113122,43.7739946739239,3893100,43.93788146972656
2020-07-28,43.71662902832031,43.995235606865336,43.66746518414663,43.75760306630534,4612300,43.71662902832031
2020-07-29,44.29023361206055,44.35578957573899,43.92148913107029,44.02801600910756,3020300,44.29023361206055
2020-07-30,43.6756706237793,43.69205961849064,42.79068679053444,43.20040228067474,6376700,43.6756706237793
2020-07-31,42.74970626831055,43.60191510898543,42.45471378581291,43.58552611675546,6261100,42.74970626831055
2020-08-03,43.593727111816406,43.60192004591873,43.11026272687294,43.233175493693885,4431300,43.593727111816406
2020-08-04,43.7412223815918,43.74941531521629,43.20859104545595,43.265950958469865,2401400,43.7412223815918
2020-08-05,44.01982879638672,44.30662836004476,43.962468883655106,44.175519541532395,6064900,44.01982879638672
2020-08-06,44.06897735595703,44.12633724878247,43.675651036919895,43.82314879729379,4297200,44.06897735595703
2020-08-07,43.847747802734375,43.864136796482626,43.52817023934575,43.593726214338766,2183100,43.847747802734375
2020-08-10,43.92148971557617,43.92148971557617,43.69205009140904,43.84774081839667,3947500,43.92148971557617
2020-08-11,44.09358215332031,44.67537739883235,44.02802617450599,44.60982142001804,6883400,44.09358215332031
2020-08-12,45.05230712890625,45.23258291367117,44.847449419266326,44.92939437865065,5596700,45.05230712890625
2020-08-13,44.839256286621094,45.16702674505722,44.6999514192283,45.05230692831055,2924600,44.839256286621094
2020-08-14,44.3803825378418,44.53607330148223,44.26566269875083,44.41316052783384,2595800,44.3803825378418
2020-08-17,44.773704528808594,44.806482515498004,44.683566628353155,44.69995562169786,1879400,44.773704528808594
2020-08-18,44.72454071044922,45.06870019332086,44.60981775694448,45.027729272866736,2089800,44.72454071044922
2020-08-19,44.519676208496094,45.00313737252785,44.46231317753125,44.96216645830758,2725400,44.519676208496094
2020-08-20,44.429542541503906,44.4705134596155,44.01982710862654,44.07718701915891,2710000,44.429542541503906
2020-08-21,44.085384368896484,44.10996942293092,43.700253949008314,43.716639817189936,2747700,44.085384368896484
2020-08-24,44.74092483520508,44.83925879152175,44.53606711503311,44.83925879152175,2903400,44.74092483520508
2020-08-25,44.781898498535156,45.06050512063136,44.47870682462881,45.06050512063136,2951500,44.781898498535156
2020-08-26,45.183414459228516,45.183414459228516,44.77369905335828,44.83105896010967,3328900,45.183414459228516
2020-08-27,44.650779724121094,45.24896375339383,44.462307914432955,45.224378707067544,4148600,44.650779724121094
2020-08-28,45.00313949584961,45.0113355546086,44.691758032379745,44.9293937223019,2518600,45.00313949584961
2020-08-31,44.59342575073242,45.05230815610544,44.560650892112,44.896617418546334,4769900,44.59342575073242
2020-09-01,44.544254302978516,44.69994501398506,44.35578561306109,44.618003192587956,4064500,44.544254302978516
2020-09-02,45.21619415283203,45.24897213675324,44.716340838615665,44.88022763234112,6443900,45.21619415283203
2020-09-03,44.0526008605957,45.17522336910356,43.888717192267514,45.15063831814985,11263000,44.0526008605957
2020-09-04,44.2410774230957,44.413157168717184,43.339701521775716,44.306630272240625,9875400,44.2410774230957
2020-09-08,43.585533142089844,44.02802662598058,43.413453384759386,43.585533142089844,10943100,43.585533142089844
2020-09-09,44.6262092590332,44.8146780044219,44.4049625250862,44.46232244212271,6244800,44.6262092590332
2020-09-10,44.011634826660156,44.970370647332174,43.97066390503233,44.872036684368254,7060300,44.011634826660156
2020-09-11,44.40495681762695,44.658981507481954,44.15912818679859,44.52787269598145,6225800,44.40495681762695
2020-09-14,44.552452087402344,44.79008777156929,44.511481172241254,44.75730978908824,2557900,44.552452087402344
2020-09-15,44.872032165527344,45.085085937945955,44.757312346169925,45.06869694576909,2692200,44.872032165527344
2020-09-16,44.8310661315918,45.208003615078574,44.75731722170256,45.027730933256755,3053300,44.8310661315918
2020-09-17,44.92119598388672,44.98675194798528,44.56064755898584,44.5852294825826,4420000,44.92119598388672
2020-09-18,44.56065368652344,44.83106426091316,44.388570820041785,44.74912242040254,4906800,44.56065368652344
2020-09-21,43.1705207824707,43.285883382790665,42.6678667581665,43.285883382790665,7220100,43.1705207824707
2020-09-22,43.07164764404297,43.17877142728711,42.65139449468289,43.14580977961265,2865400,43.07164764404297
2020-09-23,42.44538116455078,43.24468368608886,42.41242266628774,43.22820286525976,3761200,42.44538116455078
2020-09-24,42.47011184692383,42.799718894472015,42.17346330375344,42.50307349469737,4777100,42.47011184692383
2020-09-25,42.59370803833008,42.62666968202332,41.893290398523206,42.016894990675176,3120100,42.59370803833008
2020-09-28,43.384769439697266,43.40124711726347,43.219964373478476,43.29412649610717,3013300,43.384769439697266
2020-09-29,43.34355926513672,43.55780676186074,43.16227654874876,43.38476288301076,1733800,43.34355926513672
2020-09-30,43.20348358154297,43.62373351445779,43.06339817497457,43.37652748666112,7166400,43.20348358154297
2020-10-01,43.54133605957031,43.599017365921696,43.26940720671769,43.54133605957031,3023000,43.54133605957031
2020-10-02,43.52484893798828,43.65669235390931,43.022194932478435,43.022194932478435,3428500,43.52484893798828
2020-10-05,44.30767059326172,44.30767059326172,43.936860003689574,43.936860003689574,2314900,44.30767059326172
2020-10-06,43.69790267944336,44.36536189111705,43.62374054481295,44.35712305100065,3300400,43.69790267944336
2020-10-07,44.06870651245117,44.15111061780329,43.912143427374964,44.04398685254314,3665700,44.06870651245117
2020-10-08,44.4807243347168,44.4807243347168,44.27471875528032,44.30768040240512,3257500,44.4807243347168
2020-10-09,44.90920639038086,44.95040686848203,44.70320085648003,44.785601812682366,3301900,44.90920639038086
2020-10-12,45.214107513427734,45.247069163336526,45.00810191659167,45.0493024072797,1725500,45.214107513427734
2020-10-13,44.49720001220703,44.69496672868856,44.39007624313807,44.69496672868856,2718300,44.49720001220703
2020-10-14,44.373592376708984,44.73616414148072,44.31591107656713,44.67024085937855,2791200,44.373592376708984
2020-10-15,43.68966293334961,43.75558308310096,43.31061342794138,43.343571931119236,4109500,43.68966293334961
2020-10-16,44.011024475097656,44.23351084073842,43.92862351451744,43.96982399480755,2856000,44.011024475097656
2020-10-19,43.805015563964844,44.340631196761215,43.739095429245474,44.24998826105153,3826400,43.805015563964844
2020-10-20,44.1511116027832,44.464237779921255,44.11814995990701,44.32415551279033,3654100,44.1511116027832
2020-10-21,43.67318344116211,44.13463707706855,43.67318344116211,43.928631494798914,3641200,43.67318344116211
2020-10-22,43.68966293334961,43.796786713015635,43.38477556103391,43.60725881691589,5054100,43.68966293334961
2020-10-23,44.09342956542969,44.101671548296736,43.76382254884297,44.07695188648648,2332300,44.09342956542969
2020-10-26,43.04692077636719,43.467170712005476,42.76675310480992,43.4259702310049,4145100,43.04692077636719
2020-10-27,42.49481964111328,42.93979233157606,42.43713834531938,42.90683069300958,4552200,42.49481964111328
2020-10-28,40.85502624511719,41.29999588835915,40.7726221308905,41.14343278642175,8905000,40.85502624511719
2020-10-29,40.99510955810547,41.16815348725237,40.51717511372379,40.772623159175616,7646100,40.99510955810547
2020-10-30,40.86326217651367,41.00334444563577,40.55837483406327,40.9291823198078,5614200,40.86326217651367
2020-11-02,41.44832229614258,41.49776476723798,41.118715252360346,41.34119851380039,5142200,41.44832229614258
2020-11-03,42.67612075805664,42.84916470726711,42.33827170052364,42.36299136658343,4312100,42.67612075805664
2020-11-04,43.26940155029297,43.68965460550996,42.79147033966005,42.997475876383476,6750900,43.26940155029297
2020-11-05,44.324153900146484,44.44775534134233,44.043986232682684,44.28295341974788,6477700,44.324153900146484
2020-11-06,44.47248840332031,44.653771187572005,44.38184543949652,44.596089873028845,3976700,44.47248840332031
2020-11-09,45.774436950683594,46.62318203520864,45.72499762573735,46.57373956686686,9092800,45.774436950683594
2020-11-10,46.441898345947266,46.689104412670915,46.28533209375226,46.48309883316859,9802200,46.441898345947266
2020-11-11,46.84566116333008,46.87862280599168,46.62317793385237,46.730298557409704,4201000,46.84566116333008
2020-11-12,46.21116638183594,46.70557844337591,46.09580063364106,46.54077337506418,4682100,46.21116638183594
2020-11-13,46.93631362915039,46.96103643785881,46.59846458183036,46.61494540650401,5130800,46.93631362915039
2020-11-16,47.43071746826172,47.48015678693009,47.15054980335883,47.463675966242256,4408400,47.43071746826172
2020-11-17,47.422481536865234,47.52136333021345,47.142313836215685,47.31535776042394,2502700,47.422481536865234
2020-11-18,47.15879440307617,47.644967670876774,47.15055556342334,47.53784389501684,2174600,47.15879440307617
2020-11-19,47.488399505615234,47.50488032655871,47.01870711060906,47.150550534761756,4142100,47.488399505615234
2020-11-20,47.46367645263672,47.54608055692034,47.32359419044732,47.389514330479045,2612600,47.46367645263672
2020-11-23,47.41423797607422,47.68616366655471,47.191751605647326,47.6449631853783,2804100,47.41423797607422
2020-11-24,48.14761734008789,48.164098161275675,47.702644598203364,47.743845079475214,10023500,48.14761734008789
2020-11-25,48.15585708618164,48.23826119367296,47.86745056845024,47.933370711048006,3542300,48.15585708618164
2020-11-27,48.378353118896484,48.42779559326129,48.13938587456049,48.13938587456049,3776700,48.378353118896484
2020-11-30,47.56257247924805,48.55963879833905,47.554330495198364,48.534919132981784,4849000,47.56257247924805
2020-12-01,48.765625,48.782105818149745,48.32065234014079,48.337133158290534,5247200,48.765625
2020-12-02,48.72442626953125,48.82330803857276,48.468978294163016,48.51842075038115,5590900,48.72442626953125
2020-12-03,48.872764587402344,49.111728669542465,48.76564080640429,48.94692672141705,4135100,48.872764587402344
2020-12-04,49.30948257446289,49.41660632758027,49.185878002143234,49.2847629173569,3782300,49.30948257446289
2020-12-07,49.02108383178711,49.20236658482648,48.93867972277344,49.06228431459627,3558900,49.02108383178711
2020-12-08,49.19413375854492,49.210614582362076,48.88100439281038,48.88924637641683,2520300,49.19413375854492
2020-12-09,49.16940689086914,49.449574585834014,48.864519533917665,49.441335746303636,5513300,49.16940689086914
2020-12-10,49.11996841430664,49.27653151524857,48.78211940661419,48.78211940661419,3381400,49.11996841430664
2020-12-11,48.79035568237305,48.856278969871,48.49370717542297,48.674993072646984,2546000,48.79035568237305
2020-12-14,48.84803771972656,49.22709034173308,48.8068372361202,49.18588671473132,1835800,48.84803771972656
2020-12-15,49.515499114990234,49.515499114990234,49.00460617964194,49.1364496191962,2883600,49.515499114990234
2020-12-16,49.75447463989258,49.83687562460063,49.46606490662225,49.65558968616763,2419700,49.75447463989258
2020-12-17,50.166481018066406,50.33952495532294,50.100557721933,50.2076815064519,2922400,50.166481018066406
2020-12-18,50.21457290649414,50.44673966339473,50.13994742562826,50.43844934909178,3759200,50.21457290649414
2020-12-21,49.528717041015625,49.645529542439405,48.585868277820616,48.7694325988591,5711500,49.528717041015625
2020-12-22,49.43692398071289,49.50367578561025,49.28673560259509,49.43692398071289,2683900,49.43692398071289
2020-12-23,50.09608840942383,50.15449465271288,49.88749377399109,49.962587970062934,2826000,50.09608840942383
2020-12-24,50.22123718261719,50.254613084129986,50.020988139342705,50.19620684793317,1453300,50.22123718261719
2020-12-28,50.56333541870117,50.7886179938309,50.48824122699126,50.71352380212099,1942100,50.56333541870117
2020-12-29,50.93046569824219,51.23084247514018,50.78861969452859,51.18077861802335,2058400,50.93046569824219
2020-12-30,50.86371612548828,51.22249916001601,50.821997834173764,51.105686671174716,2492100,50.86371612548828
2020-12-31,50.26296615600586,50.71352816209999,50.12946571292212,50.71352816209999,5125000,50.26296615600586
2021-01-04,50.913780212402344,51.681406961306024,50.621745806092065,51.59797037830401,4267900,50.913780212402344
2021-01-05,51.37268829345703,51.489500783977284,50.93046866994419,50.97218696185833,2866100,51.37268829345703
2021-01-06,51.98177719116211,52.29049632878227,51.58962148107203,51.656370102467726,4947200,51.98177719116211
2021-01-07,52.140316009521484,52.19872225229108,51.948406145676806,52.03184590884873,2262400,52.140316009521484
2021-01-08,52.38227844238281,52.4239999114984,51.864964690942,52.36559049131682,5066200,52.38227844238281
2021-01-11,51.556251525878906,51.69809435201942,51.28090507574508,51.28090507574508,2565900,51.556251525878906
2021-01-12,51.7982177734375,51.82324810940923,51.33930706128035,51.54790168211494,3308700,51.7982177734375
2021-01-13,51.63968276977539,51.80655909961477,51.50618234248413,51.67305867232351,1932200,51.63968276977539
2021-01-14,52.00680923461914,52.11527613917431,51.70643248960239,51.70643248960239,3024700,52.00680923461914
2021-01-15,51.105682373046875,51.4394350412967,50.872057415012804,51.355995282783574,2614300,51.105682373046875
2021-01-19,51.56459045410156,51.59796635786241,51.31427754169794,51.58962397337288,3024400,51.56459045410156
2021-01-20,51.89000701904297,51.898352587955415,51.57294542421272,51.70644588069439,2569000,51.89000701904297
2021-01-21,52.081905364990234,52.090250932562874,51.723125531902674,52.04018707583135,2049800,52.081905364990234
2021-01-22,51.70643615722656,51.839936588603294,51.55624777406508,51.5896236776346,3250100,51.70643615722656
2021-01-25,51.37268829345703,51.39771863202519,50.838686517992095,51.172439219108504,2403500,51.37268829345703
2021-01-26,51.58127212524414,51.65636630811161,51.38936547633863,51.59796007509258,2445100,51.58127212524414
2021-01-27,50.354740142822266,50.91377538117384,50.029333043930166,50.463210236753405,6400700,50.354740142822266
2021-01-28,50.78861618041992,51.09733850359401,50.65511575358021,50.713521991391254,6171200,50.78861618041992
2021-01-29,49.812400817871094,50.42983917169669,49.570430270849506,50.321372250260765,11894400,49.812400817871094
2021-02-01,50.46321105957031,50.529962867047516,50.237928483686794,50.496586963308914,3100000,50.46321105957031
2021-02-02,50.99720764160156,51.02224115833004,50.61339433604273,50.780270654994716,3366200,50.99720764160156
2021-02-03,51.047271728515625,51.105677962984096,50.78027089011661,50.980519927465345,4393600,51.047271728515625
2021-02-04,51.0890007019043,51.09734627023223,50.85537571514984,50.88040605433018,2177900,51.0890007019043
2021-02-05,51.422752380371094,51.447782719049684,51.10568763120178,51.31428227459445,1999700,51.422752380371094
2021-02-08,51.56459045410156,51.74815474188485,51.40605968558959,51.64803021350368,2137500,51.56459045410156
2021-02-09,51.864959716796875,51.91502356519344,51.572928558402545,51.64802273954693,3426700,51.864959716796875
2021-02-10,51.631343841552734,52.07356343976119,51.43943716340753,52.015157197843145,2546900,51.631343841552734
2021-02-11,52.04018783569336,52.04018783569336,51.74815662441565,51.93172091887677,2231900,52.04018783569336
2021-02-12,52.35724639892578,52.35724639892578,51.87330538250573,51.88999333302722,1430300,52.35724639892578
2021-02-16,52.857872009277344,52.99137243010952,52.716029204662384,52.84952962549456,2589300,52.857872009277344
2021-02-17,52.307186126708984,52.390625885026196,52.04853083317895,52.31553169399137,4748600,52.307186126708984
2021-02-18,52.15699768066406,52.173685632307034,51.74815400556586,52.08190348972134,3069800,52.15699768066406
2021-02-19,52.26546859741211,52.549157414004505,52.17368645338202,52.398969029755506,2337500,52.26546859741211
2021-02-22,52.10694122314453,52.45737868728703,52.10694122314453,52.173689852213855,2888000,52.10694122314453
2021-02-23,52.131961822509766,52.240431905248606,51.47280212549058,51.990119022921355,3315700,52.131961822509766
2021-02-24,52.5575065612793,52.59087928446225,51.915034692209055,52.073565471758236,2043500,52.5575065612793
2021-02-25,51.6814079284668,52.857881595060626,51.614659297396386,52.7494146717085,3939000,51.6814079284668
2021-02-26,51.097347259521484,51.68140973771559,50.98887714947038,51.68140973771559,6423900,51.097347259521484
2021-03-01,51.99011993408203,52.023492651516484,51.60630344602589,51.68139763033024,2793600,51.99011993408203
2021-03-02,52.165348052978516,52.30719088065719,51.99847170407884,52.11528419343813,2928700,52.165348052978516
2021-03-03,51.814910888671875,52.215415426142066,51.69809839145216,51.96509929449774,5039700,51.814910888671875
2021-03-04,51.205810546875,52.05687704690774,50.93046728142704,51.83994002512758,7215300,51.205810546875
2021-03-05,51.56459045410156,51.59796635786241,50.8136517168907,51.57293602149246,4992800,51.56459045410156
2021-03-08,51.49784851074219,51.881661905083256,51.29759624509801,51.4144087405147,9379600,51.49784851074219
2021-03-09,52.2988395690918,52.4156520385134,52.15699358272194,52.207057433717374,3657300,52.2988395690918
2021-03-10,52.64927291870117,52.69099438276499,52.35724176765942,52.60755463753818,3924700,52.64927291870117
2021-03-11,53.13322067260742,53.166596574957225,52.79946801491191,52.93296844140987,2608700,53.13322067260742
2021-03-12,53.09984588623047,53.11653383775609,52.590874504853566,52.64093835943043,3425900,53.09984588623047
2021-03-15,53.024749755859375,53.024749755859375,52.549154294933786,52.91627966636196,2433400,53.024749755859375
2021-03-16,53.09150695800781,53.174943538166076,53.00806719494803,53.133225248086944,5920600,53.09150695800781
2021-03-17,53.36684799194336,53.433599799605744,52.791127973911536,52.86622216608102,3384600,53.36684799194336
2021-03-18,52.70769119262695,53.325132716787515,52.67431846981138,52.99972559329945,2902800,52.70769119262695
2021-03-19,52.741058349609375,52.84118605015147,52.34890266263976,52.582527598102594,3666900,52.741058349609375
2021-03-22,52.92626190185547,53.04357736069863,52.74190721132678,52.77542682716955,2516600,52.92626190185547
2021-03-23,52.15531921386719,52.66647886584054,52.11341810435937,52.61620264900052,2292900,52.15531921386719
2021-03-24,52.06314468383789,52.415091007044516,52.038003377461685,52.17207862391269,2388000,52.06314468383789
2021-03-25,52.33129119873047,52.35642930658975,51.76984894922878,51.895545881736766,4515700,52.33129119873047
2021-03-26,53.02681350708008,53.02681350708008,52.51565059260006,52.52403209422454,2625100,53.02681350708008
2021-03-29,52.82569885253906,52.90111637931958,52.591064771107426,52.72514001909434,1983500,52.82569885253906
2021-03-30,52.87596893310547,52.91787004047856,52.632959772012214,52.683235986290825,2365400,52.87596893310547
2021-03-31,52.792179107666016,53.04356979742893,52.74189969107101,52.90111624531883,3351500,52.792179107666016
2021-04-01,53.63853073120117,53.7139450598145,53.16926577465802,53.202785385112385,3586600,53.63853073120117
2021-04-05,54.560302734375,54.61057895814265,53.9988635915942,54.149698656109756,6392500,54.560302734375
2021-04-06,54.06589126586914,54.107792377151824,53.89829960716236,53.98209543651575,3613100,54.06589126586914
2021-04-07,54.183223724365234,54.308914296437756,54.05752675907948,54.1580792167375,2879400,54.183223724365234
2021-04-08,54.560302734375,54.62734196154027,54.317290330810344,54.45136878514088,2178600,54.560302734375
2021-04-09,54.627342224121094,54.65248033612576,54.44298754513675,54.468125657141414,2241600,54.627342224121094
2021-04-12,54.37594985961914,54.47650870370201,54.25863440479553,54.426226085054175,3338800,54.37594985961914
2021-04-13,54.71113586425781,54.71951736566024,54.409465745894,54.43460385688893,4977700,54.71113586425781
2021-04-14,54.73626708984375,54.90385873753639,54.64408976564933,54.753023697328395,2944100,54.73626708984375
2021-04-15,55.21391296386719,55.21391296386719,55.0044201976078,55.07984091793135,2597400,55.21391296386719
2021-04-16,55.86752700805664,55.86752700805664,55.44854149326417,55.49882410242315,5662700,55.86752700805664
2021-04-19,55.90105056762695,55.993227898853505,55.70832079739837,55.976471290090515,4206500,55.90105056762695
2021-04-20,54.92062759399414,55.33123164986871,54.769792537703765,55.31447504059744,5276900,54.92062759399414
2021-04-21,55.42341995239258,55.44018295819354,54.694382637174556,54.74466526136395,4832300,55.42341995239258
2021-04-22,55.23067855834961,55.54072377531399,55.09660011290716,55.490447554879154,4450100,55.23067855834961
2021-04-23,55.77535629272461,55.8842966311355,55.364752229670664,55.364752229670664,1888200,55.77535629272461
2021-04-26,55.94294738769531,55.98484210299486,55.83400706285107,55.8842896717067,2884700,55.94294738769531
2021-04-27,55.959712982177734,55.9848510940369,55.716700578851516,55.79212130764159,2537000,55.959712982177734
2021-04-28,56.13568878173828,56.211109514052914,55.79212391491993,55.859163145152294,2734700,56.13568878173828
2021-04-29,56.152442932128906,56.328416088832846,55.76697700889001,56.328416088832846,4739300,56.152442932128906
2021-04-30,55.31447219848633,55.875911281803994,55.13849904072461,55.800490560927884,4254600,55.31447219848633
2021-05-03,56.02674865722656,56.06864976981039,55.7585981590417,55.87591360242182,3442500,56.02674865722656
2021-05-04,55.08821487426758,55.41502307134583,54.761406677189335,55.297707636149106,5657600,55.08821487426758
2021-05-05,55.88429641723633,55.90943452809267,55.66642213446082,55.66642213446082,5978900,55.88429641723633
2021-05-06,56.30328369140625,56.30328369140625,55.70832494127726,55.90943622745308,4953700,56.30328369140625
2021-05-07,57.15802001953125,57.15802001953125,56.44574571294144,56.50440344658499,4495400,57.15802001953125
2021-05-10,56.7222785949707,57.183158967966015,56.663620860472626,57.17478385819027,4630700,56.7222785949707
2021-05-11,56.068660736083984,56.16083169401389,55.69156982871215,55.750227561874866,7869200,56.068660736083984
2021-05-12,55.440185546875,56.10217726301319,55.3228636804306,55.783750463274956,9702300,55.440185546875
2021-05-13,55.89267349243164,56.00161383425953,55.490450918149946,55.50720752823979,10573200,55.89267349243164
2021-05-14,56.923377990722656,56.965279103678824,56.395458490821,56.42897170933126,6572300,56.923377990722656
2021-05-17,56.898231506347656,56.923369613136806,56.63845615203336,56.688738758822964,6614400,56.898231506347656
2021-05-18,56.94852066040039,57.23343418624505,56.93176404980376,57.20828968053099,4380000,56.94852066040039
2021-05-19,56.32842254638672,56.59657306256406,55.850779239657925,56.102166752392094,7917100,56.32842254638672
2021-05-20,57.19991683959961,57.258574568832486,56.67199088329072,56.730648612523595,5567100,57.19991683959961
2021-05-21,57.233428955078125,57.33398139589285,57.03231128702437,57.292086676624095,4322300,57.233428955078125
2021-05-24,57.60212326049805,57.66916247313536,57.30883469672381,57.37587390936112,3251400,57.60212326049805
2021-05-25,57.62726974487305,57.82838741202377,57.526717304509816,57.778104798630025,6489800,57.62726974487305
2021-05-26,57.45966720581055,57.593745625198515,57.36748989078405,57.468048705325025,4656400,57.45966720581055
2021-05-27,57.63565444946289,57.719450285493814,57.43454316434618,57.610516337974865,5302600,57.63565444946289
2021-05-28,57.778114318847656,57.95409390490409,57.67756186191619,57.73621959286394,3571100,57.778114318847656
2021-06-01,58.22224426269531,58.473631797448256,58.15520502947593,58.448493683294274,5048800,58.22224426269531
2021-06-02,58.30603790283203,58.364695631377614,58.07140698864967,58.11330171291771,3680200,58.30603790283203
2021-06-03,57.89542770385742,57.94571032373254,57.72783601950821,57.903809206038765,5494800,57.89542770385742
2021-06-04,58.373077392578125,58.373077392578125,58.155203088493465,58.24738043279032,2514000,58.373077392578125
2021-06-07,58.64122009277344,58.65797670167488,58.47362203769854,58.532279758671734,3067900,58.64122009277344
2021-06-08,58.632843017578125,58.70825735314536,58.50714606508682,58.70825735314536,3317700,58.632843017578125
2021-06-09,58.53228759765625,58.70826078414318,58.5071494843314,58.67474116863906,8210900,58.53228759765625
2021-06-10,58.607696533203125,58.71663046675357,58.44847998991183,58.490381099160594,4575500,58.607696533203125
2021-06-11,58.80043029785156,58.80043029785156,58.55741791271906,58.72501596792015,3073000,58.80043029785156
2021-06-14,58.95127868652344,58.95127868652344,58.73340436208188,58.79206848958197,2251600,58.95127868652344
2021-06-15,58.959659576416016,58.976416188946416,58.800442987916554,58.92613995814174,3541000,58.959659576416016
2021-06-16,58.381446838378906,59.0015500749902,58.24737478263344,58.9345108505113,3833900,58.381446838378906
2021-06-17,57.845149993896484,58.06302429253396,57.576999469886054,57.95409033982162,4311200,57.845149993896484
2021-06-18,56.71390151977539,57.01557171880723,56.588204537976445,56.889874737008284,5536700,56.71390151977539
2021-06-21,57.56112289428711,57.586538898993254,56.96805477429903,57.04430925230471,6216400,57.56112289428711
2021-06-22,57.57806396484375,57.70515045054462,57.230701132074365,57.35778115388806,3562800,57.57806396484375
2021-06-23,57.22223663330078,57.64585401453882,57.15445630096951,57.637379857025344,2801700,57.22223663330078
2021-06-24,57.77294158935547,57.81529944992911,57.62890676451763,57.67974524664973,4762900,57.77294158935547
2021-06-25,57.89155197143555,57.90849382231088,57.772939623643715,57.87460365667205,2154600,57.89155197143555
2021-06-28,57.4425163269043,57.705157020404386,57.35778768419906,57.688208706308174,3517300,57.4425163269043
2021-06-29,57.476402282714844,57.60348878787171,57.383212407080514,57.569598622237336,1489200,57.476402282714844
2021-06-30,56.98500442504883,57.17139708245451,56.77319576234009,56.976530268652006,4218000,56.98500442504883
2021-07-01,57.32390213012695,57.33236982301333,57.044313131571585,57.18834147729246,3642000,57.32390213012695
2021-07-02,57.48487091064453,57.48487091064453,57.12055974497817,57.306952406094105,3549000,57.48487091064453
2021-07-06,57.12055969238281,57.544177025842586,56.90028333298275,57.53570933317241,5282800,57.12055969238281
2021-07-07,57.476402282714844,57.535714920491124,57.129039396766785,57.340848084065506,3919500,57.476402282714844
2021-07-08,56.73930358886719,56.84944176257116,56.39193429167537,56.62069125906685,5420400,56.73930358886719
2021-07-09,57.63737487792969,57.63737487792969,57.14597720681055,57.15445136359197,4268500,57.63737487792969
2021-07-12,57.91694641113281,57.93388825569892,57.603467343630896,57.6458316508748,4805300,57.91694641113281
2021-07-13,57.55264663696289,57.73903928318613,57.46792446973969,57.62889464829766,2837100,57.55264663696289
2021-07-14,57.64584732055664,57.730569494188444,57.518760828165185,57.70515348848765,4385100,57.64584732055664
2021-07-15,57.02735900878906,57.23069996732697,56.81555035822736,57.08666517239086,5423200,57.02735900878906
2021-07-16,56.64610290527344,57.05277187219025,56.56138074248965,57.05277187219025,4423200,56.64610290527344
2021-07-19,55.493865966796875,55.663310300224666,55.231225310817706,55.553172129885304,11705900,55.493865966796875
2021-07-20,55.82428741455078,55.917483737891565,55.163445459143084,55.23969347066534,9533800,55.82428741455078
2021-07-21,56.89179229736328,56.91720829560826,56.3834529408068,56.42581078325323,4141400,56.89179229736328
2021-07-22,56.98500442504883,57.196813087757576,56.79013761124632,57.18833893136075,3968600,56.98500442504883
2021-07-23,57.476402282714844,57.595021094379234,57.33237392668487,57.467934589222374,2349800,57.476402282714844
2021-07-26,57.69667053222656,57.71361884270053,57.501810208981716,57.501810208981716,3570200,57.69667053222656
2021-07-27,57.569583892822266,57.61194820499819,57.25611125271185,57.49333588756941,5927500,57.569583892822266
2021-07-28,57.866119384765625,57.92542554167056,57.48485997847417,57.52722428935755,2726600,57.866119384765625
2021-07-29,58.31515884399414,58.459187174104706,58.28126868445866,58.391406855033736,2362800,58.31515884399414
2021-07-30,58.0440559387207,58.31517080673394,57.91696943036393,58.21350030727085,3135400,58.0440559387207
2021-08-02,58.31515884399414,58.55238349685555,58.23043667709893,58.43377117042484,5596900,58.31515884399414
2021-08-03,58.738773345947266,58.772663503869325,58.39140407516119,58.61168686971122,2937500,58.738773345947266
2021-08-04,58.68794631958008,59.026841500988766,58.67100446925922,58.90822915707892,2910200,58.68794631958008
2021-08-05,58.99293518066406,59.06071549116109,58.92516133405322,58.94210317973439,2083400,58.99293518066406
2021-08-06,58.67099380493164,58.8743282912626,58.603213488192395,58.82349628565156,3748800,58.67099380493164
2021-08-09,58.62863540649414,58.72183173544221,58.59475170859251,58.72183173544221,2649000,58.62863540649414
2021-08-10,58.789608001708984,58.789608001708984,58.66252151974261,58.72182768280865,9450200,58.789608001708984
2021-08-11,59.1963005065918,59.1963005065918,58.976017638642325,59.018381966132594,3350200,59.1963005065918
2021-08-12,59.17933654785156,59.213226708108216,59.043782370712094,59.162394699666805,1631700,59.17933654785156
2021-08-13,59.62836456298828,59.63683871827152,59.36572392418708,59.391139926150224,2056700,59.62836456298828
2021-08-16,59.30643081665039,59.32337266705872,58.97600979064009,59.18781847212813,3200300,59.30643081665039
2021-08-17,58.83197021484375,59.009888697684595,58.55238125728524,58.916692378498425,4610300,58.83197021484375
2021-08-18,58.67099380493164,59.11155293596318,58.654051957690214,58.8743282912626,2306500,58.67099380493164
2021-08-19,57.98473358154297,58.17959390460715,57.798340949821394,57.88306311045306,5942600,57.98473358154297
2021-08-20,58.31515884399414,58.33210069181838,57.84917723023996,57.874593233919825,2446600,58.31515884399414
2021-08-23,58.82350540161133,58.891285728854584,58.569332406393,58.586280720147705,2786900,58.82350540161133
2021-08-24,58.86586380004883,58.908221652398716,58.611690830400974,58.670996994800525,3253900,58.86586380004883
2021-08-25,58.942108154296875,58.97599831240563,58.73877366953108,58.84043767997061,3000100,58.942108154296875
2021-08-26,58.594749450683594,58.840441802383715,58.55238513410789,58.76419378921206,2872600,58.594749450683594
2021-08-27,59.255584716796875,59.289474873446004,58.670990826400626,58.696406827915865,2228900,59.255584716796875
2021-08-30,59.255584716796875,59.340306876476475,59.128498245334235,59.22169456014774,2437600,59.255584716796875
2021-08-31,59.094608306884766,59.26405262686963,58.925163986899896,59.23863662526055,4782900,59.094608306884766
2021-09-01,59.5097541809082,59.70462097544383,59.416557861419875,59.47586402255911,3887800,59.5097541809082
2021-09-02,59.814762115478516,59.8994842836193,59.7046239432842,59.77240426335167,2764000,59.814762115478516
2021-09-03,59.60295867919922,59.71310332491969,59.4165660146455,59.52671066036597,5158700,59.60295867919922
2021-09-07,59.37419509887695,59.68766772586806,59.348779098189695,59.61989387866413,4221700,59.37419509887695
2021-09-08,58.755714416503906,59.06071936988507,58.64557625262771,58.96752305280268,2703400,58.755714416503906
2021-09-09,58.57780838012695,58.92517772010686,58.543918215454184,58.68794656739747,3456000,58.57780838012695
2021-09-10,58.408363342285156,58.959060736129814,58.39141502820162,58.93364472889242,3981000,58.408363342285156
2021-09-13,58.74723434448242,58.88279496072633,58.54389988400251,58.88279496072633,4531400,58.74723434448242
2021-09-14,58.594749450683594,58.992944292614204,58.53543682192274,58.967528288223654,5829300,58.594749450683594
2021-09-15,58.603206634521484,58.603206634521484,58.264311554345966,58.50154263518905,4234800,58.603206634521484
2021-09-16,58.57780838012695,58.60322438765954,58.23891319728723,58.408364020651085,5521500,58.57780838012695
2021-09-17,57.64584732055664,58.39141149795901,57.46792881676361,58.32363117349856,6183300,57.64584732055664
2021-09-20,56.522727966308594,56.70167747327611,56.045522779717395,56.36081848323796,6666800,56.522727966308594
2021-09-21,57.110687255859375,57.41745961186536,57.03399741752923,57.272596694124395,8083900,57.110687255859375
2021-09-22,57.65607833862305,58.15031702199445,57.61346852908599,57.64755507644681,6919500,57.65607833862305
2021-09-23,58.431514739990234,58.53377436208378,58.25256527733369,58.278128557521356,5910100,58.431514739990234
2021-09-24,57.74128723144531,57.9202367159878,57.664590880159295,57.74980399165424,5350200,57.74128723144531
2021-09-27,57.65607833862305,57.74980821718509,57.46860557881065,57.570858719548944,3050000,57.65607833862305
2021-09-28,56.301143646240234,56.72721556924836,56.113670959902,56.69312903524672,8517200,56.301143646240234
2021-09-29,56.105167388916016,56.45454960902827,56.04551755881683,56.43750958671874,6363400,56.105167388916016
2021-09-30,55.9091682434082,56.309676962787066,55.78134534340646,56.22446386323349,8538000,55.9091682434082
2021-10-01,56.258548736572266,56.39489490864914,55.772826875899206,56.147772347767294,9819900,56.258548736572266
2021-10-04,55.96882247924805,56.33524468744815,55.738746442165784,56.23298505910977,8994100,55.96882247924805
2021-10-05,56.24151611328125,56.46307542137661,55.90918040181031,55.977353496815674,6579800,56.24151611328125
2021-10-06,55.87508773803711,55.90065102052984,55.244502931623785,55.372325845430886,8279000,55.87508773803711
2021-10-07,56.292640686035156,56.50567672435814,56.130737717823564,56.13925447838885,4047100,56.292640686035156
2021-10-08,56.326725006103516,56.49715773083218,56.21594861103764,56.48011120768747,3056600,56.326725006103516
2021-10-11,55.994388580322266,56.44602391753928,55.994388580322266,56.198901345953,2920400,55.994388580322266
2021-10-12,56.21595001220703,56.369336217614105,56.07108706858475,56.24151329621757,13667700,56.21595001220703
2021-10-13,57.051063537597656,57.08515009289768,56.60795132138869,56.67612443198873,5868300,57.051063537597656
2021-10-14,57.68164825439453,57.70721154251763,57.46861218490877,57.5708653374012,6926200,57.68164825439453
2021-10-15,58.1162223815918,58.1162223815918,57.86058306400128,57.91170962725074,3172600,58.1162223815918
2021-10-18,57.85205078125,57.886137318548414,57.60492826184319,57.69866461407827,3251700,57.85205078125
2021-10-19,58.175872802734375,58.21848260677494,58.022486610068974,58.022486610068974,2154200,58.175872802734375
2021-10-20,58.41447067260742,58.44855070960089,58.141784867262686,58.25256124084753,3713700,58.41447067260742
2021-10-21,58.40597152709961,58.414494790538235,58.23553876505257,58.26110855536846,6218600,58.40597152709961
2021-10-22,58.687171936035156,58.77238505364864,58.414486058865506,58.58491229409248,5900100,58.687171936035156
2021-10-25,58.47413635253906,58.54230294636103,58.32075013908731,58.48265311342669,3510400,58.47413635253906
2021-10-26,58.69569396972656,58.8490801957478,58.559354269565866,58.814993645371445,3840200,58.69569396972656
2021-10-27,58.50822067260742,58.80646982592423,58.49117414879279,58.74681999526087,3347700,58.50822067260742
2021-10-28,59.15584182739258,59.18992837153405,58.75533306040974,58.789419604551206,3357900,59.15584182739258
2021-10-29,58.72125244140625,58.74681572392563,58.465606613525544,58.661596113736415,5302800,58.72125244140625
2021-11-01,59.241058349609375,59.25810487333382,58.84055606089944,58.968372482113296,3176400,59.241058349609375
2021-11-02,59.09619140625,59.18992777636061,59.03654157993812,59.087668144964454,3681800,59.09619140625
2021-11-03,59.66712951660156,59.71826258565348,59.05359120007285,59.138804313367636,5794300,59.66712951660156
2021-11-04,59.47966384887695,59.48818060934896,59.2666278128872,59.47114058706108,4778900,59.47966384887695
2021-11-05,59.5904426574707,59.5904426574707,59.30923351826712,59.49670627773618,4593100,59.5904426574707
2021-11-08,59.66712951660156,59.80347569894826,59.56487638118535,59.69269930179943,2207400,59.66712951660156
2021-11-09,59.598960876464844,59.83756018601952,59.454091437369286,59.820513663140716,9212400,59.598960876464844
2021-11-10,58.90871810913086,59.50522286795412,58.840551523521306,59.428526519796186,3935700,58.90871810913086
2021-11-11,59.12175750732422,59.25810368901924,59.062107678168594,59.13880403070798,2433300,59.12175750732422
2021-11-12,59.27513885498047,59.33478867924932,59.11323590416116,59.19844901006763,4040800,59.27513885498047
2021-11-15,59.079158782958984,59.41149449993248,59.02802571018625,59.40297123757964,3059100,59.079158782958984
2021-11-16,58.951332092285156,59.16436812810559,58.92576880820172,59.08767177451142,4766300,58.951332092285156
2021-11-17,59.02802276611328,59.08767259691948,58.917246366428614,59.002459481674045,5383600,59.02802276611328
2021-11-18,59.08766174316406,59.10470826388826,58.80645916464235,59.00244864357134,3331400,59.08766174316406
2021-11-19,58.3036994934082,58.60194863699806,58.269612948234546,58.57638535345375,3242400,58.3036994934082
2021-11-22,57.835025787353516,58.34631097696423,57.835025787353516,58.1503149619191,5332200,57.835025787353516
2021-11-23,57.6305046081543,57.8350238783229,57.31521544399584,57.61346458631209,5221500,57.6305046081543
2021-11-24,57.26409149169922,57.28113801759877,56.75280623757319,56.75280623757319,6095100,57.26409149169922
2021-11-26,55.86656188964844,56.377853521199576,55.69613568002683,56.29263391504561,7161400,55.86656188964844
2021-11-29,56.258548736572266,56.411934929487096,55.96029961183325,56.40341816973978,5549800,56.258548736572266
2021-11-30,55.84952926635742,56.49716065111442,55.32119754440514,56.267078086173896,10630300,55.84952926635742
2021-12-01,55.52571487426758,56.90618421004458,55.52571487426758,56.57384851799873,12901500,55.52571487426758
2021-12-02,56.164825439453125,56.326728411052784,55.849529755653236,55.92621961040927,10762700,56.164825439453125
2021-12-03,55.738746643066406,56.29263508653502,55.3638011724842,56.258548543632706,17205500,55.738746643066406
2021-12-06,56.386383056640625,56.45455615647304,55.98587422180598,56.22448007121943,8496800,56.386383056640625
2021-12-07,57.52825164794922,57.562338193080144,57.07661630231599,57.11069634610319,7472900,57.52825164794922
2021-12-08,57.724239349365234,57.79241243749369,57.50268656496303,57.732762610717174,7459000,57.724239349365234
2021-12-09,57.18739700317383,57.417473073448534,57.127747170040074,57.40043305027213,9676800,57.18739700317383
2021-12-10,57.32373046875,57.37486353541593,57.093654423455575,57.25556388210127,3702000,57.32373046875
2021-12-13,56.718711853027344,57.1959169921313,56.684625307281074,57.16183044638503,5786900,56.718711853027344
2021-12-14,56.36082077026367,56.718719798721644,56.113698154991816,56.505683733971225,12789200,56.36082077026367
2021-12-15,57.110687255859375,57.110687255859375,56.215939968627495,56.46306250548469,7282900,57.110687255859375
2021-12-16,57.17886734008789,57.494162994981856,56.940268034262616,57.42598990721935,8827500,57.17886734008789
2021-12-17,56.343772888183594,56.88914461778159,56.343772888183594,56.735758412498164,7593900,56.343772888183594
2021-12-20,56.40232467651367,56.41092967424165,56.006278013908286,56.100985538520504,9405800,56.40232467651367
2021-12-21,57.12553405761719,57.12553405761719,56.65200304097365,56.69504773228668,5400300,57.12553405761719
2021-12-22,57.8315315246582,57.848754656189975,57.12553421195675,57.17719703785201,4215900,57.8315315246582
2021-12-23,58.22758102416992,58.33090011234828,57.86597406859622,57.934853460715125,5598900,58.22758102416992
2021-12-27,58.86470031738281,58.86470031738281,58.218970853224725,58.38255118409558,4488500,58.86470031738281
2021-12-28,58.89052200317383,59.06271388063407,58.847470749459234,58.91635012792296,5833800,58.89052200317383
2021-12-29,58.9852409362793,59.04550876193871,58.78721432699817,58.88192184856301,4771600,58.9852409362793
2021-12-30,58.752769470214844,59.06272013743712,58.72694134272962,58.942184496706204,3887700,58.752769470214844
2021-12-31,58.752769470214844,59.04550357534689,58.69250164984939,58.847476983460524,4824100,58.752769470214844
2022-01-03,59.312408447265625,59.312408447265625,58.95941305795524,59.20908935910874,6593200,59.312408447265625
2022-01-04,59.389888763427734,59.622348459250595,59.226301878667705,59.501812829016636,4551000,59.389888763427734
2022-01-05,58.85608673095703,59.73427588182885,58.85608673095703,59.622351809949954,7177800,58.85608673095703
2022-01-06,58.640838623046875,58.95078925447611,58.49447487173279,58.735546125355754,8120000,58.640838623046875
2022-01-07,58.933570861816406,59.01967337534331,58.52030769916525,58.65805989714912,4590800,58.933570861816406
2022-01-10,58.132869720458984,58.18453254553752,57.65072714439224,58.01233407644229,8797000,58.132869720458984
2022-01-11,58.85608673095703,58.85608673095703,58.098433217093124,58.262013542346956,5608200,58.85608673095703
2022-01-12,59.39850997924805,59.42433811153687,59.10578238837346,59.1574386529511,8703500,59.39850997924805
2022-01-13,58.95940399169922,59.630961539701886,58.90774117121484,59.60513341380938,9380400,58.95940399169922
2022-01-14,58.795814514160156,59.00244608090215,58.460035754942254,58.718323571194986,6828300,58.795814514160156
2022-01-18,57.952064514160156,58.32228300072247,57.822923877091704,58.175919232911724,8385400,57.952064514160156
2022-01-19,58.11565399169922,58.58058001187681,58.063997734579495,58.434216237570915,6688500,58.11565399169922
2022-01-20,57.68516540527344,58.528921461130714,57.65933727772573,58.270627048254056,9376500,57.68516540527344
2022-01-21,56.84141159057617,57.44409638815129,56.82419502776547,57.38382856526378,14300400,56.84141159057617
2022-01-24,55.963218688964844,56.01487494269386,54.3704207015573,55.37775706147076,14684700,55.963218688964844
2022-01-25,55.567169189453125,55.96321577438176,54.826732270634594,55.27443510660197,19469600,55.567169189453125
2022-01-26,55.696311950683594,56.65199193099565,55.34331008016349,56.47979349341313,14062400,55.696311950683594
2022-01-27,55.61021423339844,56.25594365033265,55.420805788805154,55.97182769909307,11440900,55.61021423339844
2022-01-28,55.773799896240234,55.81685115057019,54.973095174076924,55.30026894210658,9946600,55.773799896240234
2022-01-31,56.65199661254883,56.695041298977486,55.78241249481881,55.79102405958425,9529200,56.65199661254883
2022-02-01,57.34077835083008,57.34077835083008,56.74671167687722,57.15136331295809,6205600,57.34077835083008
2022-02-02,57.676551818847656,57.754042767475255,57.38382429196453,57.72821464083257,6718300,57.676551818847656
2022-02-03,56.8758430480957,57.3321574365459,56.79835867361884,57.16857712308394,6748000,56.8758430480957
2022-02-04,56.72948455810547,57.00499552963814,56.3248263817638,56.48841327910185,8311600,56.72948455810547
2022-02-07,56.76393127441406,57.022225715992555,56.62617248725206,56.66061218404256,5320700,56.76393127441406
2022-02-08,56.96195983886719,57.01361610147113,56.43676594005805,56.61756942787257,4975700,56.96195983886719
2022-02-09,57.92621994018555,57.93483150311168,57.69376029076313,57.8142958969374,8537200,57.92621994018555
2022-02-10,57.18579864501953,58.0123315546474,57.07387457149793,57.10831426381988,9549400,57.18579864501953
2022-02-11,56.118194580078125,57.357997231570394,55.937391121518786,57.142754080614075,13575700,56.118194580078125
2022-02-14,55.567169189453125,55.81685201730582,55.1538994750454,55.687704821009696,12166200,55.567169189453125
2022-02-15,56.85002899169922,56.85002899169922,56.36788635910966,56.43676575482266,6859100,56.85002899169922
2022-02-16,57.039432525634766,57.16857972433834,56.55728999042075,56.57450655152151,6423700,57.039432525634766
2022-02-17,56.04069900512695,56.583115904740495,55.989042755144375,56.531459654757924,7022500,56.04069900512695
2022-02-18,55.713539123535156,56.169853574834036,55.532735656154465,56.04070636421926,6939700,55.713539123535156
2022-02-22,54.843955993652344,55.343318400316846,54.42207796902469,54.92144366003906,8219500,54.843955993652344
2022-02-23,54.42207336425781,55.58438497736305,54.31875757926724,55.53272872704256,11363500,54.42207336425781
2022-02-24,53.35447311401367,53.535276571908724,51.83055121672002,51.87359918988315,16181100,53.35447311401367
2022-02-25,54.9644889831543,54.97309726373776,53.95714936870437,54.051856876871,9560100,54.9644889831543
2022-02-28,53.65581512451172,54.51678777193245,53.38030414008509,53.67303497158213,10641800,53.65581512451172
2022-03-01,52.235206604003906,53.56110520991653,51.88220796573884,53.41474144289558,8362200,52.235206604003906
2022-03-02,53.044532775878906,53.24255611844875,52.51073057919713,52.691534072280405,8307200,53.044532775878906
2022-03-03,51.52059555053711,52.725958388120965,51.36562023472348,52.68290713478979,12666000,51.52059555053711
2022-03-04,49.34233856201172,49.841700938606266,48.825753055757396,49.80726124798604,18051700,49.34233856201172
2022-03-07,47.71510314941406,49.38539220860217,47.44820372730878,49.22180530153115,19321000,47.71510314941406
2022-03-08,48.84297180175781,49.94501560200384,47.973390981441725,48.67938820151804,21425100,48.84297180175781
2022-03-09,51.45172119140625,51.89081905715864,50.38411700538638,50.51326092492839,17404900,51.45172119140625
2022-03-10,50.3066291809082,50.83182299136186,50.08277446611657,50.461604511348625,9153100,50.3066291809082
2022-03-11,49.996673583984375,51.133157038778805,49.910577646395204,51.09871735000334,9182300,49.996673583984375
2022-03-14,50.883480072021484,51.511992969213935,50.73711630442178,51.08150666307382,10943200,50.883480072021484
2022-03-15,51.2623176574707,51.33980533533834,50.71129563012321,51.03846290614182,6873900,51.2623176574707
2022-03-16,53.27698516845703,53.27698516845703,51.95108658216504,52.36435303418791,10057800,53.27698516845703
2022-03-17,53.62137222290039,53.79356739895434,52.794839319061225,52.8809352649133,6652900,53.62137222290039
2022-03-18,54.060482025146484,54.094921724833135,52.8292906783282,52.92399821029123,7495900,54.060482025146484
2022-03-21,53.524620056152344,53.87840187926497,53.265755869520106,53.80937296559351,6253500,53.524620056152344
2022-03-22,54.232177734375,54.28395188265863,53.930170098478065,53.98194424676169,5651600,54.232177734375
2022-03-23,53.22260284423828,53.559126555685346,53.17945936947463,53.30888979376559,5415400,53.22260284423828
2022-03-24,53.53325653076172,53.559141964739965,53.11907312892436,53.308905130826645,8510800,53.53325653076172
2022-03-25,53.56775665283203,53.71444512378717,53.19671684888703,53.62815817518251,9512500,53.56775665283203
2022-03-28,53.68856430053711,53.73170777853835,53.19672140972286,53.464212948312415,8527200,53.68856430053711
2022-03-29,55.05192184448242,55.27626992360321,54.50830476017886,55.10369599734259,9605900,55.05192184448242
2022-03-30,54.818946838378906,55.04329822446028,54.637742228446406,54.801688786246736,15299400,54.818946838378906
2022-03-31,53.74034118652344,54.57733857852176,53.72308313505951,54.37024525259139,10511400,53.74034118652344
2022-04-01,54.3702392578125,54.39612797797231,53.93879789369464,54.11137509766906,7395600,54.3702392578125
2022-04-04,54.40476608276367,54.51694178120779,54.137274490922266,54.19767603047594,4142600,54.40476608276367
2022-04-05,53.85251998901367,54.44790798657955,53.73171691341801,54.17178573046463,7218800,53.85251998901367
2022-04-06,53.24850082397461,53.53325374948956,52.86020287628917,53.188099286738755,12291900,53.24850082397461
2022-04-07,53.515987396240234,53.64541783096795,52.955112304177604,53.46421324736731,7335900,53.515987396240234
2022-04-08,53.56775665283203,53.76621926793162,53.213971605299086,53.29163117569772,6169800,53.56775665283203
2022-04-11,53.101810455322266,53.65405494305445,53.06729435192981,53.44696161433649,6110300,53.101810455322266
2022-04-12,52.722137451171875,53.36067216771117,52.584076335654814,53.283012584505535,3852500,52.722137451171875
2022-04-13,53.343406677246094,53.352037347307835,52.64447052587293,52.704875341396594,5565300,53.343406677246094
2022-04-14,53.101810455322266,53.455592286003,53.01552019684112,53.31753116406995,4765900,53.101810455322266
2022-04-18,52.903358459472656,53.33479996391306,52.808440801833775,52.92061651464677,2894700,52.903358459472656
2022-04-19,53.136329650878906,53.17084246464298,52.62722861694277,52.63585599747454,6514800,53.136329650878906
2022-04-20,53.576393127441406,53.75759772525845,53.412446580602655,53.5936511784197,4831900,53.576393127441406
2022-04-21,53.0759162902832,54.31846955192303,52.95511323243188,54.20629387321689,10830400,53.0759162902832
2022-04-22,52.25618362426758,53.06729227238475,52.2216675222277,53.06729227238475,7489200,52.25618362426758
2022-04-25,51.833377838134766,51.91103743424393,51.117186711027706,51.60039904980726,9337100,51.833377838134766
2022-04-26,50.13349151611328,51.41918839164215,50.124864136062946,51.36741423642974,10762300,50.13349151611328
2022-04-27,50.36647033691406,50.69436673704174,49.96091764133075,50.228409214487165,8699200,50.36647033691406
2022-04-28,51.01362991333008,51.108547547431876,50.14211973879265,50.67710614997764,8686900,51.01362991333008
2022-04-29,50.383724212646484,51.41918419084312,50.36646616231895,51.108545868220475,9122100,50.383724212646484
2022-05-02,50.19388961791992,50.539044045785865,49.61575973662652,50.245663769590784,8764100,50.19388961791992
2022-05-03,50.59944534301758,50.763395176732494,50.36646659903052,50.56492924206322,7473600,50.59944534301758
2022-05-04,51.39329528808594,51.5054676701797,49.98679555198775,50.564925386526745,9087200,51.39329528808594
2022-05-05,49.71067428588867,50.63395853778729,49.29649097311852,50.599442438814016,9173000,49.71067428588867
2022-05-06,48.95134353637695,49.35689952796525,48.701106720646436,49.14980619627593,9357300,48.95134353637695
2022-05-09,47.475807189941406,48.1315966024749,47.33774608774297,48.06256769719384,9338200,47.475807189941406
2022-05-10,47.95902633666992,48.46812401524584,47.57935580805525,48.41635315526135,10120300,47.95902633666992
2022-05-11,47.6915283203125,48.847791296557716,47.648384842647985,48.09708425195888,13433300,47.6915283203125
2022-05-12,47.45854949951172,48.00216653361885,47.07025161800663,47.34637382449106,8841900,47.45854949951172
2022-05-13,48.83916091918945,48.91682049610625,48.174744117567975,48.183371496498125,6851100,48.83916091918945
2022-05-16,49.0203742980957,49.27060781480772,48.51990068139819,48.718363335442696,4006100,49.0203742980957
2022-05-17,50.19388961791992,50.22840571903383,49.745193469985395,50.04720112564067,6994000,50.19388961791992
2022-05-18,48.71836471557617,49.607136285641545,48.65796317966181,49.52947669780354,6588000,48.71836471557617
2022-05-19,49.22746276855469,49.51221567072908,48.49401370987456,48.50264108949955,7549300,49.22746276855469
2022-05-20,49.43455123901367,49.73655887081712,48.77875853618859,49.71067344284434,6733600,49.43455123901367
2022-05-23,50.487266540527344,50.59081483699094,50.01268170246313,50.107599328403246,5069000,50.487266540527344
2022-05-24,50.47865295410156,50.63397214959901,50.1248710736101,50.37510792098235,4779300,50.47865295410156
2022-05-25,50.43549346923828,50.70298499426574,50.038568225133126,50.038568225133126,4050300,50.43549346923828
2022-05-26,51.1171760559082,51.22934844452186,50.60807509678702,50.65984595564363,4966700,51.1171760559082
2022-05-27,51.7470817565918,51.7470817565918,51.410557996539055,51.410557996539055,4498300,51.7470817565918
2022-05-31,51.600399017333984,51.92829545532603,51.419194390405686,51.66080055964341,6354600,51.600399017333984
2022-06-01,50.74613952636719,51.686681926220075,50.53904620248283,51.643535152168155,5864300,50.74613952636719
2022-06-02,52.005950927734375,52.005950927734375,51.065408468531416,51.289756566229286,4160200,52.005950927734375
2022-06-03,51.29838180541992,51.51410249989887,51.13443197096852,51.40192681711157,3740800,51.29838180541992
2022-06-06,51.548614501953125,52.02319933374134,51.419180778903474,51.91965103864709,5347000,51.548614501953125
2022-06-07,51.67805099487305,51.72119447707128,50.99637278457614,51.03951955841107,3012100,51.67805099487305
2022-06-08,50.935970306396484,51.36741170364974,50.875568774111954,51.19483777805775,3131300,50.935970306396484
2022-06-09,49.667537689208984,50.659850984898405,49.667537689208984,50.53904791339159,10687300,49.667537689208984
2022-06-10,48.3300666809082,48.632077651520184,48.148862073523105,48.59756154774107,5849700,48.3300666809082
2022-06-13,46.59566879272461,47.19105670897585,46.50075116296648,46.906307111337945,8454400,46.59566879272461
2022-06-14,46.008907318115234,46.66470004218743,45.60335137800839,46.50075021535117,8225900,46.008907318115234
2022-06-15,47.13066101074219,47.38089783076793,46.146975074516206,46.71647763189109,6864100,47.13066101074219
2022-06-16,45.91399383544922,46.31954981217003,45.646502269217805,45.84496492184124,7611500,45.91399383544922
2022-06-17,45.92262649536133,46.354067921911856,45.637873573852296,46.112458484730496,4620800,45.92262649536133
2022-06-21,46.6778564453125,46.95952531503497,46.60744090676078,46.862704369246075,6238700,46.6778564453125
2022-06-22,46.369773864746094,46.836287217104086,46.00008144083892,46.12331448731277,4541900,46.369773864746094
2022-06-23,46.088096618652344,46.12330605406427,45.577569878449076,46.052887183240415,7500200,46.088096618652344
2022-06-24,47.62847900390625,47.66368844289795,46.7746685760205,46.7746685760205,7042400,47.62847900390625
2022-06-27,47.50525665283203,47.866145063771384,47.39962831956386,47.566871501693086,5802000,47.50525665283203
2022-06-28,47.03873825073242,47.936558905323395,47.03873825073242,47.760515047171914,6457500,47.03873825073242
2022-06-29,46.765869140625,47.18837234650684,46.7482644206603,47.126757505508884,6006800,46.765869140625
2022-06-30,46.49300765991211,46.545821827351375,45.62159572258785,45.841649716948574,7365900,46.49300765991211
2022-07-01,46.52820587158203,46.52820587158203,45.60397998995406,45.85924000988946,5366100,46.52820587158203
2022-07-05,45.190277099609375,45.20788181768053,44.45969640956133,44.71495978495812,9500000,45.190277099609375
2022-07-06,45.287113189697266,45.39273816793483,44.85580587877781,45.0846639156763,8369400,45.287113189697266
2022-07-07,45.991275787353516,45.991275787353516,45.61278272277963,45.630387441801304,4221700,45.991275787353516
2022-07-08,46.0264892578125,46.20253310569573,45.63039143951451,45.85924609133273,2837700,46.0264892578125
2022-07-11,45.27830505371094,45.64799748073713,45.234294929906135,45.48075430941879,4006000,45.27830505371094
2022-07-12,45.25189208984375,45.69199996986859,45.155067818997225,45.1902772552608,5558400,45.25189208984375
2022-07-13,45.269500732421875,45.47194997185298,44.635744255763164,44.67095369507908,5849600,45.269500732421875
2022-07-14,44.52131652832031,44.5565226082295,43.79073580665685,44.116414710675166,5077100,44.52131652832031
2022-07-15,45.37512969970703,45.42794386334494,44.70616708241302,44.908616339722485,9178500,45.37512969970703
2022-07-18,45.64799499511719,46.29935285057788,45.559971394543425,46.09690360589378,7852300,45.64799499511719
2022-07-19,47.135555267333984,47.18836942395711,46.64263656987862,46.660237930996196,8370800,47.135555267333984
2022-07-20,46.581016540527344,47.021124421784435,46.334557201505504,46.889094072061305,6673900,46.581016540527344
2022-07-21,47.1707649230957,47.21477504160665,46.42258283513913,46.545812510072516,5097100,47.1707649230957
2022-07-22,46.959510803222656,47.602071281325394,46.76586561372889,47.27638902317558,4687700,46.959510803222656
2022-07-25,47.40842819213867,47.531657879028344,47.144364097695494,47.487647756247334,4667100,47.40842819213867
2022-07-26,46.64263153076172,46.99471579694084,46.61622277642487,46.91549624944316,4599000,46.64263153076172
2022-07-27,47.76931381225586,47.848533371788896,46.906702696094406,47.082746534807484,4680500,47.76931381225586
2022-07-28,48.03337478637695,48.11259434078892,47.30279743591699,47.63727701431711,3912600,48.03337478637695
2022-07-29,48.8167724609375,48.86958662313808,48.130205141115724,48.2974449514485,4903400,48.8167724609375
2022-08-01,48.737552642822266,48.98401537405157,48.50869798999198,48.70234655929562,2844300,48.737552642822266
2022-08-02,47.94535827636719,48.48229048045519,47.94535827636719,48.36786148013554,4301300,47.94535827636719
2022-08-03,48.43827819824219,48.50869707948799,48.05098442466151,48.36786267475346,6969000,48.43827819824219
2022-08-04,48.80796813964844,48.86958297874235,48.51749530584267,48.6319243031986,4352300,48.80796813964844
2022-08-05,48.31504440307617,48.42947339648621,47.98936549941646,48.015770898758475,3459800,48.31504440307617
2022-08-08,48.491085052490234,48.90478752307951,48.35905134892787,48.719939666540895,3861700,48.491085052490234
2022-08-09,48.26224136352539,48.63193044477573,48.20062315889301,48.499896711325,5213800,48.26224136352539
2022-08-10,49.38011169433594,49.58256431045664,49.10724690851259,49.30969616687604,3472300,49.38011169433594
2022-08-11,49.30088806152344,49.670580462910635,49.204067138970515,49.53854674289585,2680300,49.30088806152344
2022-08-12,49.591365814208984,49.591365814208984,49.09844368279045,49.24808213747855,3095500,49.591365814208984
2022-08-15,49.08963394165039,49.16004945728264,48.91359011593474,49.028019106313415,3508400,49.08963394165039
2022-08-16,49.16005325317383,49.265681571413324,48.85197905270102,48.85197905270102,3490600,49.16005325317383
2022-08-17,48.658329010009766,48.93999780121262,48.3942649379767,48.62312292942705,4117000,48.658329010009766
2022-08-18,48.42066955566406,48.61431810564663,48.28863920065878,48.59671338676124,3532300,48.42066955566406
2022-08-19,47.76050567626953,48.0773838872173,47.67248544334255,48.02457309056378,3397500,47.76050567626953
2022-08-22,46.66023635864258,47.05633412557639,46.58982084327473,47.03872940729526,3558200,46.66023635864258
2022-08-23,46.695457458496094,47.073950601686356,46.54582235236658,46.58983248018364,4392300,46.695457458496094
2022-08-24,46.79227066040039,46.95951044955746,46.44898704395567,46.528206598347275,2025500,46.79227066040039
2022-08-25,47.241172790527344,47.25877750663203,46.73064945451654,46.84507843031886,2431200,47.241172790527344
2022-08-26,45.83283615112305,47.32039963503978,45.806430751770144,47.285193555154834,5303400,45.83283615112305
2022-08-29,45.885650634765625,46.0969005466087,45.727211522004914,45.78002232108728,3834300,45.885650634765625
2022-08-30,45.56876754760742,46.22892932776016,45.43673384847429,46.1937198936238,3464400,45.56876754760742
2022-08-31,45.17267608642578,45.674398840454806,45.163875405546726,45.48955432218241,3643000,45.17267608642578
2022-09-01,44.45090103149414,44.48611047183622,43.89636409825601,44.371681469602976,4627100,44.45090103149414
2022-09-02,44.15162658691406,45.383930111231244,44.01079218622841,44.979028271222646,8363500,44.15162658691406
2022-09-06,44.3804817199707,44.855799086703364,44.195637196604785,44.66215388221588,6530600,44.3804817199707
2022-09-07,44.99663543701172,44.99663543701172,44.160429668466456,44.160429668466456,5406700,44.99663543701172
2022-09-08,44.81178665161133,44.90861092773381,44.151624795601876,44.230844352633284,6971200,44.81178665161133
2022-09-09,46.132110595703125,46.132110595703125,45.79762764680377,45.80643168527201,5973300,46.132110595703125
2022-09-12,46.96832275390625,47.20598145890796,46.862697782046816,46.880299145892295,4046800,46.96832275390625
2022-09-13,45.27830505371094,46.36977425595896,45.251899650979496,46.08810543429957,5067100,45.27830505371094
2022-09-14,45.331111907958984,45.51595641279003,45.04944313171453,45.24309167454135,4069700,45.331111907958984
2022-09-15,44.89100646972656,45.366323814679426,44.81178691223442,44.97022602721871,3047800,44.89100646972656
2022-09-16,44.53011703491211,44.69735682653703,44.22204285093021,44.36287724328719,5267800,44.53011703491211
2022-09-19,44.62559509277344,44.6521147716625,43.909533412169985,43.909533412169985,4282400,44.62559509277344
2022-09-20,43.62664031982422,43.92720900927242,43.33491377046211,43.812288166460135,4514400,43.62664031982422
2022-09-21,43.069705963134766,44.06865194475311,43.069705963134766,43.67968209660609,5044800,43.069705963134766
2022-09-22,42.822181701660156,43.21999373681273,42.58349448056861,43.14043132978222,5013500,42.822181701660156
2022-09-23,41.11601638793945,41.66411451756746,40.815447642504054,41.66411451756746,7507100,41.11601638793945
2022-09-26,40.426475524902344,41.133695072260934,40.23198888477043,40.71820548510022,8207900,40.426475524902344
2022-09-27,40.23199462890625,41.00109915798861,39.94910676957341,40.78893157734434,9594100,40.23199462890625
2022-09-28,41.34585952758789,41.44310284037451,39.984459893152334,40.1524234692365,9362600,41.34585952758789
2022-09-29,40.744720458984375,40.78892104328574,40.05518190147548,40.52371416518912,10473600,40.744720458984375
2022-09-30,40.79777145385742,41.35470499907283,40.6386466202847,40.68284721354621,6696500,40.79777145385742
2022-10-03,41.725990295410156,41.8762729613634,41.07181016076624,41.248615875990694,7858800,41.725990295410156
2022-10-04,43.66200256347656,43.71504528764783,43.016664594690525,43.060865178689056,10405900,43.66200256347656
2022-10-05,42.9813117980957,43.25536087205652,42.424378252724026,42.769147601465285,5668700,42.9813117980957
2022-10-06,42.04424285888672,42.583495438345956,42.008881038902544,42.362489121878006,6362500,42.04424285888672
2022-10-07,41.257450103759766,41.82322900467066,41.09832868708676,41.77902505151288,6571800,41.257450103759766
2022-10-10,41.080657958984375,41.39890761576057,40.806608894029544,41.310503059828854,7336100,41.080657958984375
2022-10-11,40.54139709472656,41.31934023191419,40.426472871982256,40.797765217660576,7129300,40.54139709472656
2022-10-12,40.48835754394531,40.74472568699195,40.37343331218495,40.523719364839096,4772200,40.48835754394531
2022-10-13,41.628753662109375,41.83207908693692,39.772301785135056,39.86954174043505,10556200,41.628753662109375
2022-10-14,41.00992965698242,42.1061224200246,40.97456783862557,41.92047455979542,7978400,41.00992965698242
2022-10-17,42.38016891479492,42.583494315911445,42.20336656411181,42.20336656411181,7962200,42.38016891479492
2022-10-18,42.892913818359375,43.21116350938747,42.53046353075279,43.13160108663045,6659200,42.892913818359375
2022-10-19,42.114959716796875,42.4862520519921,41.83207192440455,42.30060419825025,6350300,42.114959716796875
2022-10-20,42.0796012878418,42.68958087928649,41.92931861140913,42.13264401779443,4667900,42.0796012878418
2022-10-21,42.831024169921875,42.839862938642284,41.56686778871435,41.69063078453236,6290000,42.831024169921875
2022-10-24,43.131591796875,43.36143687295234,42.73377976877131,42.94594730785615,5778800,43.131591796875
2022-10-25,44.19242477416992,44.210102311973024,43.414481591571004,43.44984341175477,5460000,44.19242477416992
2022-10-26,44.6697998046875,44.98804946988556,44.15706685587102,44.15706685587102,5122200,44.6697998046875
2022-10-27,44.289669036865234,44.9173296032761,44.24546844347297,44.50183660635283,4686000,44.289669036865234
2022-10-28,44.77587890625,44.77587890625,44.112859988816616,44.227780839790604,3631200,44.77587890625
2022-10-31,44.23662185668945,44.38690452212461,44.139378545036806,44.18357913061841,7929700,44.23662185668945
2022-11-01,44.57255172729492,45.156011632846706,44.36038755462947,45.12948858204699,5162500,44.57255172729492
2022-11-02,43.76809310913086,45.12065417278217,43.76809310913086,44.51067452978425,5927100,43.76809310913086
2022-11-03,43.30839920043945,43.529405516609245,43.03435015436496,43.05203106433319,4129900,43.30839920043945
2022-11-04,45.297454833984375,45.33281328068603,44.484149858650255,44.837761303976166,6688000,45.297454833984375
2022-11-07,45.53614044189453,45.72178831262663,45.29745658520389,45.518462904004615,3818200,45.53614044189453
2022-11-08,46.04887390136719,46.29639988413948,45.63338096832346,45.70410460470903,4333000,46.04887390136719
2022-11-09,45.438907623291016,46.07540362814109,45.438907623291016,45.73947639890803,5430300,45.438907623291016
2022-11-10,48.09097671508789,48.10865425312305,47.11854688100155,47.42795775323809,8524300,48.09097671508789
2022-11-11,49.045719146728516,49.14296246118032,48.25893723494738,48.44458172310703,6691800,49.045719146728516
2022-11-14,48.479942321777344,49.019198235778234,48.479942321777344,48.700948622775186,4074200,48.479942321777344
2022-11-15,48.683265686035156,49.35512670156263,48.09097044273253,49.26672216147302,6439500,48.683265686035156
2022-11-16,48.594871520996094,48.86007843490578,48.43574669819251,48.762835112938156,4384400,48.594871520996094
2022-11-17,48.53298568725586,48.56834413294193,47.89648645286659,47.931848270841236,3530000,48.53298568725586
2022-11-18,48.73631286621094,48.86007586136406,48.550665001192556,48.84239495172951,3698300,48.73631286621094
2022-11-21,48.382694244384766,48.47993754681213,48.15284919779224,48.33849366299638,3867900,48.382694244384766
2022-11-22,49.03689193725586,49.045730707794675,48.559517393214016,48.63023767439277,4079700,49.03689193725586
2022-11-23,49.59381866455078,49.69990413006078,49.13412846982989,49.14296723914459,4139500,49.59381866455078
2022-11-25,49.929744720458984,50.01814926707071,49.65569568439557,49.70873841236261,1452500,49.929744720458984
2022-11-28,49.12528991699219,49.80598986177517,49.07224718036224,49.620345342004136,5008800,49.12528991699219
2022-11-29,49.24020767211914,49.549615164302054,49.11644467524597,49.275569491879686,2967000,49.24020767211914
2022-11-30,50.20379638671875,50.354079065399105,49.16948505704964,49.70874101662281,6660800,50.20379638671875
2022-12-01,50.778411865234375,50.99941818956959,50.48668527070211,50.85797427688661,5608200,50.778411865234375
2022-12-02,50.884498596191406,50.99941945965971,50.4159628837759,50.460166847574904,3521800,50.884498596191406
2022-12-05,50.29220199584961,50.91985918966678,50.159600215737186,50.77841526750672,4521500,50.29220199584961
2022-12-06,49.96510696411133,50.407119584063885,49.779462473080535,50.29219535863539,4300400,49.96510696411133
2022-12-07,49.9209098815918,50.194955566938766,49.735262005237736,49.98279138294685,5611500,49.9209098815918
2022-12-08,50.115394592285156,50.1772760954151,49.66454315915428,49.81482584610157,4006000,50.115394592285156
2022-12-09,50.115394592285156,50.495525752819965,50.088874911597756,50.23916097083405,3933000,50.115394592285156
2022-12-12,50.32755661010742,50.336395378599796,50.00930698776385,50.14191212116988,2795700,50.32755661010742
2022-12-13,51.06129837036133,51.86576123524978,50.80493360370059,51.7419982363883,5808000,51.06129837036133
2022-12-14,51.11433792114258,51.52983085343534,50.760726484431046,51.11433792114258,5394700,51.11433792114258
2022-12-15,49.726417541503906,50.486679753704614,49.56729273558801,50.38943644205729,6588400,49.726417541503906
2022-12-16,49.09877014160156,49.43469735608586,48.913125622182996,49.17833256025083,3715300,49.09877014160156
2022-12-19,49.03465270996094,49.38191046798676,48.91889899174267,49.28396527538892,3596400,49.03465270996094
2022-12-20,49.12369155883789,49.319581942507895,48.92780457179682,49.034652328058215,4528500,49.12369155883789
2022-12-21,49.80930709838867,49.933966783251165,49.47095528650638,49.48876381291531,4236200,49.80930709838867
2022-12-22,49.373008728027344,49.58670424578324,48.90109128277747,49.57780168113883,3455600,49.373008728027344
2022-12-23,49.53327941894531,49.6134160829807,49.14149866293728,49.23054128777039,2513700,49.53327941894531
2022-12-27,49.631229400634766,49.800405309211065,49.51547567548826,49.61342087394844,2137900,49.631229400634766
2022-12-28,49.17710876464844,49.94285824687649,49.17710876464844,49.80039346390116,2479300,49.17710876464844
2022-12-29,49.969581604003906,50.120952383693,49.7202690217268,49.73807754855076,2292800,49.969581604003906
2022-12-30,49.364097595214844,49.8449175547369,49.31067541968705,49.64902718679191,6077300,49.364097595214844
2023-01-03,49.98738098144531,50.44148984076611,49.72025992123643,50.12984577333195,3983800,49.98738098144531
2023-01-04,50.94012451171875,51.07368676530202,50.521636017307614,50.87779636581434,8232700,50.94012451171875
2023-01-05,50.47711181640625,50.74423631730027,50.42368963353075,50.57505701385018,3594000,50.47711181640625
2023-01-06,51.82162857055664,51.85724562484816,50.468211077142044,50.753140718215725,3648900,51.82162857055664
2023-01-09,52.15107727050781,52.6586084005032,52.124366178390964,52.32915914342163,3561400,52.15107727050781
2023-01-10,52.40038299560547,52.40928895623147,52.05312525702427,52.05312525702427,2637400,52.40038299560547
2023-01-11,52.77436065673828,52.77436065673828,52.43600544729384,52.65860693307561,8081300,52.77436065673828
2023-01-12,53.42435836791992,53.54011209543994,52.56956944922422,53.13052276651433,4687700,53.42435836791992
2023-01-13,53.67367172241211,53.71819473899335,53.16614058237536,53.16614058237536,3869500,53.67367172241211
2023-01-17,53.807228088378906,54.13667731591226,53.664763282151334,53.87845879317824,4312800,53.807228088378906
2023-01-18,53.64695739746094,54.56407442040494,53.62914887122729,54.501746276901706,6151500,53.64695739746094
2023-01-19,53.37983703613281,53.49559075993934,53.07709887922821,53.34421998317248,8024300,53.37983703613281
2023-01-20,53.83394241333008,53.83394241333008,53.21956353641958,53.290794245499626,3036700,53.83394241333008
2023-01-23,54.083255767822266,54.11886942232323,53.62024429302036,53.66476390861827,3270000,54.083255767822266
2023-01-24,53.931888580322266,54.00312268731256,53.513396693327216,53.700384525862155,1897900,53.931888580322266
2023-01-25,54.14558410644531,54.17229519657568,53.52229929591477,53.52229929591477,3348000,54.14558410644531
2023-01-26,54.207916259765625,54.225724786713535,53.74490474900769,54.18120177102916,2850200,54.207916259765625
2023-01-27,54.02983474731445,54.18120213243752,53.73599914565782,53.780522161639176,2646100,54.02983474731445
2023-01-30,53.70038986206055,54.10997582806771,53.691483899487196,53.896276882490774,2213600,53.70038986206055
2023-01-31,54.083255767822266,54.092158332290275,53.50449057516265,53.61133833192341,3232800,54.083255767822266
2023-02-01,54.706539154052734,54.91133211049815,53.727093989030486,54.10106284950583,5138400,54.706539154052734
2023-02-02,54.80448532104492,55.0181842426956,54.41270792741933,54.991469754596054,3542600,54.80448532104492
2023-02-03,54.2613410949707,54.7777782118034,54.154493324692325,54.25243852937641,4199300,54.2613410949707
2023-02-06,53.67367172241211,53.86065956081718,53.451070226023035,53.74490583163867,2539600,53.67367172241211
2023-02-07,54.06544876098633,54.1366794686181,53.26408207119738,53.379835792306686,3722300,54.06544876098633
2023-02-08,53.84284591674805,54.16339258454699,53.73599476306243,54.074349956475636,2118500,53.84284591674805
2023-02-09,53.931888580322266,54.653118628767714,53.833943381525195,54.599693048525,2205500,53.931888580322266
2023-02-10,53.49559020996094,53.575723483354174,53.246274238430885,53.513395339628936,2413400,53.49559020996094
2023-02-13,54.252437591552734,54.26134015699313,53.71819535276652,53.78052350073727,3644900,54.252437591552734
2023-02-14,54.510650634765625,54.74215467573465,53.976405053359514,54.12777582357805,4800700,54.510650634765625
2023-02-15,54.45722961425781,54.466132179543116,53.93188995006411,53.97640956974915,3443700,54.45722961425781
2023-02-16,54.14558410644531,54.4928418646559,53.90517410538515,53.95859628564588,3931900,54.14558410644531
2023-02-17,54.448326110839844,54.492845729757825,53.89627196704349,53.96750607461561,2476200,54.448326110839844
2023-02-21,53.82504653930664,54.270249565443784,53.78052691601883,54.06545658101624,3003300,53.82504653930664
2023-02-22,53.49559020996094,53.83394201971822,53.39764501364154,53.70038316743374,4498600,53.49559020996094
2023-02-23,53.83394241333008,53.93188761036562,53.353122389680586,53.8072313220037,2544900,53.83394241333008
2023-02-24,52.90791702270508,53.085998882283604,52.67641298289327,52.89901445820918,2826900,52.90791702270508
2023-02-27,53.69148254394531,53.78942775000237,53.45997847232544,53.611345865955855,2455400,53.69148254394531
2023-02-28,53.15723419189453,53.66476529540984,53.15723419189453,53.611339717334374,2688600,53.15723419189453
2023-03-01,53.49559020996094,53.7538053496959,53.246274238430885,53.69147720597066,2681600,53.49559020996094
2023-03-02,53.53119659423828,53.58462216587218,53.04147407579435,53.05038003604764,4208200,53.53119659423828
2023-03-03,54.21681594848633,54.234624474489415,53.60243708621048,53.75380446229317,2314900,54.21681594848633
2023-03-06,54.11886978149414,54.332568693062875,54.03873311423449,54.10996721696706,1451100,54.11886978149414
2023-03-07,52.98805618286133,53.949696231854766,52.934634000114436,53.91407917893743,2342700,52.98805618286133
2023-03-08,53.16613006591797,53.33530934355212,52.907911565992194,53.05037975626457,2280100,53.16613006591797
2023-03-09,52.658599853515625,53.33531018142582,52.61408024167043,53.13051385300631,3469000,52.658599853515625
2023-03-10,52.2401123046875,52.96134230346516,52.19559268919901,52.88120563693431,5576800,52.2401123046875
2023-03-13,51.866146087646484,52.24902091418691,51.42984568183445,51.55450536680154,8221600,51.866146087646484
2023-03-14,52.82777786254883,52.84558298955551,52.409286048691584,52.64969602282477,4222800,52.82777786254883
2023-03-15,50.83327865600586,50.94012642490791,50.076434914953275,50.35245860100267,10038800,50.83327865600586
2023-03-16,51.59902572631836,51.60792829134372,50.3435534667347,50.38807308511982,6633000,51.59902572631836
2023-03-17,50.824378967285156,51.064785611764904,50.5305433403862,50.93122674223499,4816200,50.824378967285156
2023-03-20,51.81910705566406,51.95316958048988,51.37223651871351,51.44373744111438,4287300,51.81910705566406
2023-03-21,52.8111572265625,52.88265473559542,52.48940991253576,52.77540676737032,3160100,52.8111572265625
2023-03-22,52.507286071777344,53.499339171140356,52.49835016149681,52.82009407186861,4766000,52.507286071777344
2023-03-23,52.5162239074707,53.34740337744576,52.24810226765492,53.061406507062046,3919700,52.5162239074707
2023-03-24,52.105098724365234,52.167660320544,51.5599161782206,51.881663478197844,4399500,52.105098724365234
2023-03-27,52.71284103393555,52.77540262793913,52.41790829211167,52.569842617734324,3901200,52.71284103393555
2023-03-28,52.668155670166016,52.79327886055372,52.498346113118586,52.58771884643802,1922500,52.668155670166016
2023-03-29,53.517215728759766,53.535090959115806,53.21334363141028,53.329527514697155,2760100,53.517215728759766
2023-03-30,54.33052444458008,54.39308605131611,54.169650767444026,54.312649212748084,3050300,54.33052444458008
2023-03-31,54.47351837158203,54.670139086721505,54.366270398837635,54.464579051731576,4449100,54.47351837158203
2023-04-03,54.857826232910156,54.86676214323509,54.464577991582594,54.509267771261825,3608400,54.857826232910156
2023-04-04,54.86676025390625,55.11700664660549,54.759512286942496,54.96507231085278,2655300,54.86676025390625
2023-04-05,54.56289291381836,54.79526750667331,54.38414401378033,54.661204979306866,2753600,54.56289291381836
2023-04-06,55.02763748168945,55.17063591670909,54.652267868269774,54.66120377886717,2879400,55.02763748168945
2023-04-10,55.02763748168945,55.04551271223586,54.598642176630555,54.688014920010964,2287300,55.02763748168945
2023-04-11,55.24213409423828,55.33150683317829,55.117007486630236,55.15275794594682,2167500,55.24213409423828
2023-04-12,55.6800651550293,55.95712610004331,55.48344444796103,55.77837721323915,5508400,55.6800651550293
2023-04-13,56.43080520629883,56.457616344836886,56.091182677627856,56.18949473140245,5748400,56.43080520629883
2023-04-14,56.34143829345703,56.609559934596916,56.08225256296944,56.475497409351156,1856400,56.34143829345703
2023-04-17,56.07331848144531,56.144815997050785,55.805193422207466,56.07331848144531,1947800,56.07331848144531
2023-04-18,56.457618713378906,56.46655803283414,56.26993391703607,56.3593100648313,1925400,56.457618713378906
2023-04-19,56.332496643066406,56.386122332816626,56.198437532718096,56.216312762634836,1481900,56.332496643066406
2023-04-20,56.25205612182617,56.403993861472486,56.10905770122738,56.1179970202749,1909400,56.25205612182617
2023-04-21,56.672119140625,56.681055050899396,56.14481179129668,56.359311140748666,2252700,56.672119140625
2023-04-24,56.90449523925781,56.90449523925781,56.71681042307619,56.76149679702156,1811700,56.90449523925781
2023-04-25,55.94818878173828,56.564872292802846,55.94818878173828,56.5559329729996,2380500,55.94818878173828
2023-04-26,55.99288558959961,56.4129416205803,55.92138465960596,56.377194564935465,2195000,55.99288558959961
2023-04-27,56.64530563354492,56.654241543445934,56.117998306249966,56.243121500972265,2309900,56.64530563354492
2023-04-28,56.725746154785156,56.815118897021826,56.27887562489865,56.2967508552163,2623500,56.725746154785156
2023-05-01,56.73468017578125,56.993865892727904,56.68105448661425,56.85086746430069,3491200,56.73468017578125
2023-05-02,56.07331848144531,56.162691228290086,55.733695906601994,56.162691228290086,2881800,56.07331848144531
2023-05-03,56.25205612182617,56.698926612366314,56.207369754642414,56.287806579313695,3123000,56.25205612182617
2023-05-04,55.966060638427734,56.19843520838299,55.769439936178706,55.98393586760517,3026000,55.966060638427734
2023-05-05,56.80617904663086,56.87767655359103,56.17162034709594,56.243121263407446,2362100,56.80617904663086
2023-05-08,56.815120697021484,56.99386959650947,56.73468386271947,56.99386959650947,2339700,56.815120697021484
2023-05-09,56.36824417114258,56.457616906726436,56.073311416234795,56.10905846485754,2322800,56.36824417114258
2023-05-10,56.29674530029297,56.48443008608165,55.921372319364366,56.48443008608165,2511000,56.29674530029297
2023-05-11,56.055442810058594,56.08225395203116,55.62644749173897,55.85881867732187,2096200,56.055442810058594
2023-05-12,55.903499603271484,56.13587417556401,55.7068788990448,56.07331257748942,1506400,55.903499603271484
2023-05-15,56.32355880737305,56.32355880737305,56.01074740855073,56.0733124157963,1542000,56.32355880737305
2023-05-16,55.73368835449219,56.08224679304839,55.73368835449219,56.01968519686401,2627400,55.73368835449219
2023-05-17,55.97499465942383,56.01074170504372,55.501309654436554,55.78730647550195,2689900,55.97499465942383
2023-05-18,55.86774826049805,55.89456280878527,55.56387618493653,55.814125982626294,3888900,55.86774826049805
2023-05-19,56.278873443603516,56.43974710087553,56.144810926093015,56.18949729547937,2558400,56.278873443603516
2023-05-22,56.207374572753906,56.314622545058505,56.10012660044931,56.15375229127739,2756700,56.207374572753906
2023-05-23,55.385135650634766,55.903503702599934,55.367260419966776,55.858817330605774,2312000,55.385135650634766
2023-05-24,54.51820755004883,54.81314375197236,54.48245708750929,54.81314375197236,3007000,54.51820755004883
2023-05-25,54.375205993652344,54.4824539657741,54.16070664005726,54.44670350528299,3532800,54.375205993652344
2023-05-26,54.97400665283203,55.02763233946003,54.66119867088028,54.67013458064263,2497500,54.97400665283203
2023-05-30,54.402015686035156,54.884636661761895,54.25008134702015,54.822075062243776,2703700,54.402015686035156
2023-05-31,53.82107925415039,54.008764028969296,53.42783106765245,53.91045198234481,4164000,53.82107925415039
2023-06-01,54.45563888549805,54.55395094006044,53.946206793085025,53.981957250989765,3501800,54.45563888549805
2023-06-02,55.09914016723633,55.18851291347698,54.96507763852363,55.081264936117854,3055000,55.09914016723633
2023-06-05,54.70588684082031,54.956136643978134,54.66120047183366,54.911446865640066,2411100,54.70588684082031
2023-06-06,54.911441802978516,54.95613157719633,54.61650906737732,54.643320204427134,6622900,54.911441802978516
2023-06-07,54.67013931274414,55.15276030611662,54.652267491672504,54.97401141123589,3086200,54.67013931274414
2023-06-08,55.3046989440918,55.3046989440918,54.98295161003363,55.045513212839204,2187200,55.3046989440918
2023-06-09,54.97400665283203,55.09019393585038,54.89356982756568,55.009757110584026,2669700,54.97400665283203
2023-06-12,55.21532440185547,55.22426372214665,54.99188912550047,55.19744917062486,1465800,55.21532440185547
2023-06-13,55.644309997558594,55.697935681877475,55.45662521646925,55.51918681016569,1930300,55.644309997558594
2023-06-14,55.840938568115234,56.15374997099294,55.55494171421937,56.037562683675425,2090800,55.840938568115234
2023-06-15,56.600616455078125,56.6184882739928,55.90349619011424,55.974997103177685,2812500,56.600616455078125
2023-06-16,56.555931091308594,56.913428865809614,56.5380558616484,56.90448954630379,2416000,56.555931091308594
2023-06-20,55.7546272277832,55.92744150877539,55.60000757595748,55.84558302557091,2441700,55.7546272277832
2023-06-21,55.64548110961914,55.85467423022869,55.38171451291672,55.48176415094928,3676800,55.64548110961914
2023-06-22,55.42719268798828,55.47267232118855,55.26347572337217,55.30895535657244,2774400,55.42719268798828
2023-06-23,54.7541389465332,54.945140921684995,54.635898141606816,54.69956546665741,2807900,54.7541389465332
2023-06-26,54.826900482177734,54.999714768131724,54.8087093220979,54.87238011718185,2645700,54.826900482177734
2023-06-27,55.3817138671875,55.445381187082475,54.85418414954221,54.99061263377056,2237000,55.3817138671875
2023-06-28,55.336238861083984,55.427191185801775,55.18161574553319,55.32714501645572,2991300,55.336238861083984
2023-06-29,55.25437927246094,55.272570430961295,55.07247115706607,55.081568471120605,3350800,55.25437927246094
2023-06-30,56.118446350097656,56.17301636195255,55.92744436938736,55.96382322075425,2330300,56.118446350097656
2023-07-03,55.95472717285156,56.036585657020915,55.854677528910244,55.963821017933064,1237400,55.95472717285156
2023-07-05,55.22709655761719,55.545433170540605,55.19071423910913,55.527242011286575,3126800,55.22709655761719
2023-07-06,54.24479675292969,54.46308720232652,53.935553973556075,54.45398988756345,2296800,54.24479675292969
2023-07-07,54.59951400756836,54.89056561801747,54.27208007841089,54.31755971160077,3196800,54.59951400756836
2023-07-10,54.92695236206055,54.954237368485664,54.63590072816209,54.644998043376575,2826100,54.92695236206055
2023-07-11,55.518150329589844,55.518150329589844,55.117951749626116,55.272574874505466,1960700,55.518150329589844
2023-07-12,56.83698654174805,56.86427155005927,56.37312058280085,56.4731702394212,3028700,56.83698654174805
2023-07-13,57.72832489013672,57.78289489940883,57.45546096534041,57.51003444422145,3478500,57.72832489013672
2023-07-14,57.45545959472656,57.83746699856316,57.437271905142346,57.801084680177034,2119600,57.45545959472656
2023-07-17,57.37360763549805,57.473653811969854,57.10984101757747,57.209890663658314,1667100,57.37360763549805
2023-07-18,57.710140228271484,57.74652255162191,57.31903892627767,57.3554212496281,2761800,57.710140228271484
2023-07-19,57.70104217529297,57.91023532747077,57.55551635336019,57.791997982506764,2722900,57.70104217529297
2023-07-20,57.48275375366211,57.85566387998049,57.391797948700805,57.70104074635086,3027700,57.48275375366211
2023-07-21,57.68284606933594,57.73741954898623,57.45546177520653,57.64646721917806,2461600,57.68284606933594
2023-07-24,57.39179611206055,57.564610401152066,57.33722610043929,57.40089342707014,1749600,57.39179611206055
2023-07-25,57.500938415527344,57.682843065671534,57.30083913683817,57.30083913683817,2726500,57.500938415527344
2023-07-26,57.610084533691406,57.746516497146544,57.04617245932081,57.04617245932081,4010500,57.610084533691406
2023-07-27,57.273555755615234,57.99208747109962,57.22807612218209,57.99208747109962,3924700,57.273555755615234
2023-07-28,57.76470184326172,57.9284188049208,57.59189103689216,57.664655673011225,2402200,57.76470184326172
2023-07-31,57.74651336669922,58.04665881257706,57.6919398903538,57.87384800856307,2661600,57.74651336669922
2023-08-01,57.10984420776367,57.38270468620235,56.909744904424336,57.155320375901915,3762800,57.10984420776367
2023-08-02,56.07297134399414,56.491357635048345,56.00020670053645,56.39130798509861,8274400,56.07297134399414
2023-08-03,55.9183464050293,56.09115722324496,55.59091245926566,55.64548594009595,2816400,55.9183464050293
2023-08-04,56.01839065551758,56.62777885284628,55.96381717994433,56.14572529557977,2104000,56.01839065551758
2023-08-07,56.55501937866211,56.56411322339175,56.10934465551548,56.36401741286019,1795500,56.55501937866211
2023-08-08,56.25486755371094,56.291249869968546,55.77281400692792,55.89105479996082,2664900,56.25486755371094
2023-08-09,56.38220977783203,56.56411443318606,56.273062821088935,56.38220977783203,5597300,56.38220977783203
2023-08-10,56.600494384765625,57.30993222587878,56.50044474674018,56.93702214662587,2603000,56.600494384765625
2023-08-11,56.118446350097656,56.318542176247405,56.000205541730246,56.109349035049114,2318500,56.118446350097656
2023-08-14,56.009300231933594,56.10025256050204,55.51814933060255,55.6727689830907,2208600,56.009300231933594
2023-08-15,55.29076385498047,55.736435112869955,55.21799921799754,55.70005626398735,2247400,55.29076385498047
2023-08-16,54.954227447509766,55.48176060722002,54.94513360354617,55.25437634243633,3306600,54.954227447509766
2023-08-17,54.48127746582031,55.136141864017844,54.42670398696679,55.072474540159874,2575900,54.48127746582031
2023-08-18,54.390323638916016,54.499467130969634,53.94465235575845,53.95374620109248,2393200,54.390323638916016
2023-08-21,54.69956588745117,54.745042052893005,54.363038099650744,54.62680471666604,2296100,54.69956588745117
2023-08-22,54.49946212768555,54.87237567471771,54.46308328008011,54.85418451611063,1891900,54.49946212768555
2023-08-23,54.954227447509766,55.05427707915195,54.58131739204885,54.617699707120295,2421300,54.954227447509766
2023-08-24,54.19022750854492,54.899665407293924,54.181130193653296,54.69047226970406,2490500,54.19022750854492
2023-08-25,54.581321716308594,54.78142099544604,54.09017430236667,54.581321716308594,1626600,54.581321716308594
2023-08-28,55.154335021972656,55.19071734252653,54.872380711702796,54.926950722924545,2126100,55.154335021972656
2023-08-29,55.9365348815918,55.95472604099579,55.05428273334713,55.09976236666155,2768800,55.9365348815918
2023-08-30,55.90925598144531,56.18211646307822,55.82739748999452,56.00020831878653,1909000,55.90925598144531
2023-08-31,55.40900802612305,55.800109324167174,55.25438835785919,55.781921632284956,2072600,55.40900802612305
2023-09-01,55.21800231933594,55.836487889992924,55.06338266147622,55.791011724128836,1502900,55.21800231933594
2023-09-05,54.554039001464844,54.99061642640141,54.554039001464844,54.98152258133582,2125000,54.554039001464844
2023-09-06,54.353939056396484,54.55403834150844,54.144745926328945,54.435797539432386,1965900,54.353939056396484
2023-09-07,54.117454528808594,54.26298031816895,53.95373758207713,54.1356456861797,2114300,54.117454528808594
2023-09-08,54.19931411743164,54.399413383022754,54.144740644195366,54.235696432922495,3137500,54.19931411743164
2023-09-11,54.76323699951172,54.817810483580736,54.472185357028806,54.6449996551094,1566400,54.76323699951172
2023-09-12,54.40851974487305,54.6450013803624,54.335758566759736,54.37213742101171,3905400,54.40851974487305
2023-09-13,54.181129455566406,54.44489607008571,54.081079810775705,54.28117910035711,2876200,54.181129455566406
2023-09-14,54.826900482177734,54.85418895710201,54.45399037456353,54.45399037456353,3107500,54.826900482177734
2023-09-15,54.74504470825195,55.19071947826067,54.70866585589937,54.98152633139427,2244400,54.74504470825195
2023-09-18,54.36228942871094,54.49931558556813,54.197862919090205,54.398830201835516,2010000,54.36228942871094
2023-09-19,54.39883041381836,54.49931579794255,54.216130032203466,54.3714265762281,2280700,54.39883041381836
2023-09-20,54.49931335449219,55.17530369074361,54.471909518130566,54.901251388248305,3173100,54.49931335449219
2023-09-21,53.71370315551758,54.22526349432584,53.69543277005446,54.14304850210165,5789600,53.71370315551758
2023-09-22,53.594947814941406,54.07910432173222,53.531003207676164,53.84159279355867,2275800,53.594947814941406
2023-09-25,53.229557037353516,53.27523126457216,52.89156357427133,53.04685664375876,1775100,53.229557037353516
2023-09-26,52.56269454956055,53.00117332816774,52.52615378016339,52.836743350600095,3416700,52.56269454956055
2023-09-27,52.33431625366211,52.68144308414029,51.9506451716608,52.654039251397094,3013800,52.33431625366211
2023-09-28,52.84587860107422,53.04684935488619,52.407399807527845,52.498751734133144,6645700,52.84587860107422
2023-09-29,52.91896438598633,53.613221660261395,52.8093455499892,53.613221660261395,3312900,52.91896438598633
2023-10-02,52.01459884643555,52.599240763143634,51.868439238438505,52.53529266771999,4572200,52.01459884643555
2023-10-03,51.45736312866211,51.82276037357326,51.30206659891717,51.67660077866488,3156800,51.45736312866211
2023-10-04,51.71314239501953,51.859301992320276,51.25639321786475,51.859301992320276,4247100,51.71314239501953
2023-10-05,52.01459884643555,52.06941000620441,51.68574234198215,51.84103540091404,4214300,52.01459884643555
2023-10-06,52.690582275390625,52.818471479963215,51.58525016761959,51.92324356323564,3177500,52.690582275390625
2023-10-09,52.52614974975586,52.57182396563787,52.06026717220843,52.16074905326114,1412700,52.52614974975586
2023-10-10,53.34830856323242,53.54927584391837,53.15647124865417,53.20214895695178,5066800,53.34830856323242
2023-10-11,53.70457458496094,53.832463810103604,53.36657765026099,53.76851919753227,2156200,53.70457458496094
2023-10-12,53.092525482177734,53.65889699330775,52.90069165649812,53.63148967198223,2076600,53.092525482177734
2023-10-13,52.608367919921875,53.092520910102174,52.47134177925373,52.98290208839936,2640600,52.608367919921875
2023-10-16,53.092525482177734,53.11993280350326,52.71799128144714,52.80934321133254,2254100,53.092525482177734
2023-10-17,53.037715911865234,53.2934943369558,52.535289027266344,52.55355941258991,2196800,53.037715911865234
2023-10-18,52.060272216796875,52.55355867472862,52.00546106159573,52.517021389314166,2463800,52.060272216796875
2023-10-19,51.63092803955078,52.16075527952064,51.521309211405246,51.877573016418026,3746300,51.63092803955078
2023-10-20,51.137638092041016,51.5304426680567,51.11936770656125,51.42082383989782,3147000,51.137638092041016
2023-10-23,51.24726486206055,51.56699143042536,50.77224870485157,50.9640825550383,1988100,51.24726486206055
2023-10-24,51.4390983581543,51.48477258316346,51.165046038659305,51.265531424511465,2761100,51.4390983581543
2023-10-25,50.98234558105469,51.42995783351795,50.88186020221443,51.17417940353895,2914900,50.98234558105469
2023-10-26,50.763099670410156,51.10109306181485,50.58039931556025,51.009744626749615,2760100,50.763099670410156
2023-10-27,50.40683364868164,51.00060890430254,50.2972148345446,50.982338521159825,3170900,50.40683364868164
2023-10-30,51.19245147705078,51.21985531410355,50.90013226608837,51.09196609489748,4633100,51.19245147705078
2023-10-31,51.2838020324707,51.40255780578232,51.000619745361476,51.22899435611151,4617900,51.2838020324707
2023-11-01,51.63092803955078,51.649198425028324,51.11023424995983,51.32033845587199,2770500,51.63092803955078
2023-11-02,52.7636604309082,52.80933813381898,52.47134125282047,52.727123147186845,2951500,52.7636604309082
2023-11-03,53.202144622802734,53.43051920680654,53.06511847851261,53.22954845777292,2119000,53.202144622802734
2023-11-06,53.02857971191406,53.302628526127,52.92809433360138,53.23868391896797,1513900,53.02857971191406
2023-11-07,52.79107666015625,52.93723627387026,52.65405049773433,52.79107666015625,1462600,52.79107666015625
2023-11-08,53.04684829711914,53.211278277010216,52.855014482152754,53.01944446204383,3490400,53.04684829711914
2023-11-09,53.037715911865234,53.63148775364259,53.0011751412181,53.51273547611893,4082200,53.037715911865234
2023-11-10,53.28436279296875,53.29349624359745,52.54442784213076,52.97377320079575,3989400,53.28436279296875
2023-11-13,53.421382904052734,53.48532750955278,52.96463373064115,53.037715271052434,1316300,53.421382904052734
2023-11-14,55.001739501953125,55.0748210488433,54.526719901326864,54.526719901326864,2714600,55.001739501953125
2023-11-15,54.99259948730469,55.239244451540756,54.9651921681321,55.111355244467134,1331000,54.99259948730469
2023-11-16,54.87385177612305,55.12049677652389,54.70028832460543,54.87385177612305,1708600,54.87385177612305
2023-11-17,55.63205337524414,55.64118682587241,55.26665262515683,55.403678777619525,1407000,55.63205337524414
2023-11-20,55.8878288269043,55.98831420205169,55.62291347146474,55.63205040632521,1746300,55.8878288269043
2023-11-21,55.65031814575195,55.851288899077154,55.558969704087595,55.80561467824497,1816900,55.65031814575195
2023-11-22,55.741676330566406,55.759946717894536,55.42194977940431,55.66859478125391,1832400,55.741676330566406
2023-11-24,56.3354377746582,56.344574708985355,56.006581317988626,56.0248517019235,1090500,56.3354377746582
2023-11-27,56.1618766784668,56.2440916672163,55.99744670096779,56.18014706315775,2536500,56.1618766784668
2023-11-28,56.1618766784668,56.31717320598011,55.942639031614505,56.01571708565875,2072600,56.1618766784668
2023-11-29,56.41765594482422,56.62776362957637,56.2440925147242,56.41765594482422,1385800,56.41765594482422
2023-11-30,56.28977584838867,56.44507240338537,56.10707545386557,56.32631662423733,2138000,56.28977584838867
2023-12-01,56.828731536865234,56.929216912955205,56.253230085163906,56.26236353539042,2801700,56.828731536865234
2023-12-04,56.51814651489258,56.60949844812088,56.26236807129322,56.36285345548438,1947800,56.51814651489258
2023-12-05,56.46333694458008,56.636900384808584,56.34458117772909,56.454200009203944,2217700,56.46333694458008
2023-12-06,56.47247314453125,56.94749275034114,56.45420275760933,56.847007364630585,2993200,56.47247314453125
2023-12-07,56.673439025878906,56.783057853231945,56.36284944444554,56.56381671380617,2710900,56.673439025878906
2023-12-08,56.98402786254883,57.04797246806234,56.609493679661256,56.6551679000681,1396500,56.98402786254883
2023-12-11,57.06624221801758,57.10277950310461,56.828730698994065,56.8652714688007,1122600,57.06624221801758
2023-12-12,57.16672897338867,57.18499587401359,56.83786900662514,57.01143244031936,1990100,57.16672897338867
2023-12-13,57.97060775756836,57.98887814377568,56.91094975058266,57.25808011908207,2866200,57.97060775756836
2023-12-14,58.63745880126953,58.86583337897263,58.326865751485016,58.48215879165777,6150600,58.63745880126953
2023-12-15,57.98887252807617,58.37254363183514,57.95233175920017,58.22638404105066,2833600,57.98887252807617
2023-12-18,58.16093444824219,58.28975101907073,58.01371500872553,58.280551339720816,2393300,58.16093444824219
2023-12-19,58.76821517944336,58.786618048164186,58.48297948924132,58.48297948924132,2911000,58.76821517944336
2023-12-20,58.078121185302734,58.83262122417798,58.05971831728283,58.60259063891142,3493800,58.078121185302734
2023-12-21,58.94304656982422,58.952249760646865,58.51979105169298,58.74062200158125,1573900,58.94304656982422
2023-12-22,58.97985076904297,59.2006782031611,58.80502875786705,59.062665444323244,1578500,58.97985076904297
2023-12-26,59.347896575927734,59.449110604554605,59.062660869784914,59.11786596904429,1281800,59.347896575927734
2023-12-27,59.67914962768555,59.734354734730225,59.34790494546148,59.34790494546148,2176800,59.67914962768555
2023-12-28,59.2742805480957,59.62393153651086,59.24667800058429,59.48591177897732,1673100,59.2742805480957
2023-12-29,59.32950210571289,59.56872890220371,59.19148232621274,59.39391040014928,1839400,59.32950210571289
